event_id,delivery_state,failure_reason,safe_to_replay,recommended_action
EVT_002809,failed,payload_too_large,False,reduce_payload
EVT_002871,failed,endpoint_deleted,False,contact_customer
EVT_003787,failed,payload_too_large,False,reduce_payload
EVT_001287,duplicate,duplicate_event,False,investigate_idempotency
EVT_003639,failed,endpoint_deleted,False,contact_customer
EVT_004785,failed,payload_too_large,False,reduce_payload
EVT_001952,recovered,customer_endpoint_down,False,none
EVT_001568,recovered,invalid_signature,False,none
EVT_000305,failed,customer_endpoint_down,True,replay_after_fix
EVT_000183,recovered,customer_endpoint_down,False,none
EVT_001218,delivered,none,False,none
EVT_000085,failed,payload_too_large,False,reduce_payload
EVT_001237,failed,payload_too_large,False,reduce_payload
EVT_003319,duplicate,duplicate_event,False,investigate_idempotency
EVT_003364,failed,endpoint_deleted,False,contact_customer
EVT_003021,failed,payload_too_large,False,reduce_payload
EVT_004676,recovered,customer_endpoint_down,False,none
EVT_004350,failed,payload_too_large,False,reduce_payload
EVT_003565,recovered,customer_endpoint_down,False,none
EVT_002665,failed,customer_endpoint_down,True,replay_after_fix
EVT_003782,failed,endpoint_deleted,False,contact_customer
EVT_002935,delivered,none,False,none
EVT_002256,recovered,customer_endpoint_down,False,none
EVT_001804,delivered,none,False,none
EVT_004353,failed,endpoint_deleted,False,contact_customer
EVT_004664,failed,payload_too_large,False,reduce_payload
EVT_000022,recovered,customer_endpoint_down,False,none
EVT_004637,failed,customer_endpoint_down,True,replay_after_fix
EVT_002734,failed,payload_too_large,False,reduce_payload
EVT_000056,failed,payload_too_large,False,reduce_payload
EVT_003946,failed,payload_too_large,False,reduce_payload
EVT_001330,failed,payload_too_large,False,reduce_payload
EVT_004328,failed,endpoint_deleted,False,contact_customer
EVT_000578,failed,payload_too_large,False,reduce_payload
EVT_000136,delivered,none,False,none
EVT_001476,delivered,none,False,none
EVT_004738,failed,payload_too_large,False,reduce_payload
EVT_002927,expired,customer_endpoint_down,False,notify_customer
EVT_001079,expired,customer_endpoint_down,False,notify_customer
EVT_001581,failed,payload_too_large,False,reduce_payload
EVT_001438,recovered,rate_limited,False,none
EVT_001623,failed,payload_too_large,False,reduce_payload
EVT_004453,failed,payload_too_large,False,reduce_payload
EVT_004568,delivered,none,False,none
EVT_001762,failed,payload_too_large,False,reduce_payload
EVT_004183,failed,endpoint_deleted,False,contact_customer
EVT_002896,recovered,customer_endpoint_down,False,none
EVT_002965,delivered,none,False,none
EVT_002175,failed,payload_too_large,False,reduce_payload
EVT_001428,failed,payload_too_large,False,reduce_payload
EVT_003232,failed,payload_too_large,False,reduce_payload
EVT_003225,failed,endpoint_deleted,False,contact_customer
EVT_004876,failed,payload_too_large,False,reduce_payload
EVT_003085,failed,payload_too_large,False,reduce_payload
EVT_001929,failed,payload_too_large,False,reduce_payload
EVT_003122,failed,payload_too_large,False,reduce_payload
EVT_004454,failed,endpoint_deleted,False,contact_customer
EVT_000921,recovered,customer_endpoint_down,False,none
EVT_004373,failed,endpoint_deleted,False,contact_customer
EVT_002079,failed,payload_too_large,False,reduce_payload
EVT_003015,failed,payload_too_large,False,reduce_payload
EVT_002533,failed,payload_too_large,False,reduce_payload
EVT_001129,recovered,rate_limited,False,none
EVT_001785,failed,customer_endpoint_down,True,replay_after_fix
EVT_003556,recovered,rate_limited,False,none
EVT_003154,delivered,none,False,none
EVT_003550,failed,customer_endpoint_down,True,replay_after_fix
EVT_002620,delivered,none,False,none
EVT_002309,recovered,customer_endpoint_down,False,none
EVT_003340,failed,customer_endpoint_down,True,replay_after_fix
EVT_001397,delivered,none,False,none
EVT_002191,failed,endpoint_deleted,False,contact_customer
EVT_001567,failed,endpoint_deleted,False,contact_customer
EVT_003309,recovered,customer_endpoint_down,False,none
EVT_001681,expired,customer_endpoint_down,False,notify_customer
EVT_002360,failed,endpoint_deleted,False,contact_customer
EVT_003104,failed,payload_too_large,False,reduce_payload
EVT_001329,failed,customer_endpoint_down,True,replay_after_fix
EVT_001972,failed,payload_too_large,False,reduce_payload
EVT_000281,delivered,none,False,none
EVT_004819,delivered,none,False,none
EVT_000004,failed,customer_endpoint_down,True,replay_after_fix
EVT_003088,recovered,customer_endpoint_down,False,none
EVT_000421,failed,payload_too_large,False,reduce_payload
EVT_004003,failed,endpoint_deleted,False,contact_customer
EVT_002994,recovered,invalid_signature,False,none
EVT_003833,recovered,customer_endpoint_down,False,none
EVT_002496,failed,customer_endpoint_down,True,replay_after_fix
EVT_002741,recovered,customer_endpoint_down,False,none
EVT_003739,failed,payload_too_large,False,reduce_payload
EVT_003478,delivered,none,False,none
EVT_000468,recovered,customer_endpoint_down,False,none
EVT_002504,recovered,malformed_response,False,none
EVT_002848,failed,endpoint_deleted,False,contact_customer
EVT_001054,failed,customer_endpoint_down,True,replay_after_fix
EVT_000863,recovered,customer_endpoint_down,False,none
EVT_003927,recovered,invalid_signature,False,none
EVT_000351,recovered,invalid_signature,False,none
EVT_002441,failed,payload_too_large,False,reduce_payload
EVT_000773,failed,payload_too_large,False,reduce_payload
EVT_000337,failed,payload_too_large,False,reduce_payload
EVT_004564,delivered,none,False,none
EVT_000146,failed,payload_too_large,False,reduce_payload
EVT_000269,failed,endpoint_deleted,False,contact_customer
EVT_002797,failed,payload_too_large,False,reduce_payload
EVT_002337,failed,endpoint_deleted,False,contact_customer
EVT_003351,recovered,customer_endpoint_down,False,none
EVT_001959,failed,endpoint_deleted,False,contact_customer
EVT_004341,recovered,customer_endpoint_down,False,none
EVT_004871,failed,payload_too_large,False,reduce_payload
EVT_002396,failed,payload_too_large,False,reduce_payload
EVT_002532,recovered,invalid_signature,False,none
EVT_001181,failed,payload_too_large,False,reduce_payload
EVT_004914,failed,payload_too_large,False,reduce_payload
EVT_002745,failed,payload_too_large,False,reduce_payload
EVT_000174,recovered,malformed_response,False,none
EVT_001066,failed,customer_endpoint_down,True,replay_after_fix
EVT_004015,failed,customer_endpoint_down,True,replay_after_fix
EVT_004228,delivered,none,False,none
EVT_002249,duplicate,duplicate_event,False,investigate_idempotency
EVT_002169,failed,payload_too_large,False,reduce_payload
EVT_004549,failed,payload_too_large,False,reduce_payload
EVT_000617,failed,payload_too_large,False,reduce_payload
EVT_003231,failed,endpoint_deleted,False,contact_customer
EVT_003826,failed,payload_too_large,False,reduce_payload
EVT_004246,failed,endpoint_deleted,False,contact_customer
EVT_004558,recovered,malformed_response,False,none
EVT_003960,failed,payload_too_large,False,reduce_payload
EVT_001404,failed,endpoint_deleted,False,contact_customer
EVT_000766,failed,payload_too_large,False,reduce_payload
EVT_002047,failed,payload_too_large,False,reduce_payload
EVT_001999,failed,endpoint_deleted,False,contact_customer
EVT_000969,failed,payload_too_large,False,reduce_payload
EVT_000418,failed,endpoint_deleted,False,contact_customer
EVT_004806,failed,payload_too_large,False,reduce_payload
EVT_001841,failed,endpoint_deleted,False,contact_customer
EVT_001363,recovered,malformed_response,False,none
EVT_004043,failed,endpoint_deleted,False,contact_customer
EVT_002775,failed,payload_too_large,False,reduce_payload
EVT_002217,failed,endpoint_deleted,False,contact_customer
EVT_002226,failed,customer_endpoint_down,True,replay_after_fix
EVT_004813,recovered,invalid_signature,False,none
EVT_001871,recovered,customer_endpoint_down,False,none
EVT_003616,recovered,rate_limited,False,none
EVT_002050,duplicate,duplicate_event,False,investigate_idempotency
EVT_001591,recovered,rate_limited,False,none
EVT_002860,recovered,invalid_signature,False,none
EVT_003260,failed,payload_too_large,False,reduce_payload
EVT_004567,delivered,none,False,none
EVT_003544,failed,payload_too_large,False,reduce_payload
EVT_002868,failed,malformed_response,True,replay_after_fix
EVT_000869,failed,endpoint_deleted,False,contact_customer
EVT_000941,failed,payload_too_large,False,reduce_payload
EVT_001802,failed,endpoint_deleted,False,contact_customer
EVT_003654,failed,payload_too_large,False,reduce_payload
EVT_002969,failed,payload_too_large,False,reduce_payload
EVT_001235,failed,payload_too_large,False,reduce_payload
EVT_000313,recovered,invalid_signature,False,none
EVT_002166,failed,payload_too_large,False,reduce_payload
EVT_004706,delivered,none,False,none
EVT_003894,failed,endpoint_deleted,False,contact_customer
EVT_002324,delivered,none,False,none
EVT_001872,expired,customer_endpoint_down,False,notify_customer
EVT_001309,delivered,none,False,none
EVT_002459,recovered,rate_limited,False,none
EVT_001262,failed,payload_too_large,False,reduce_payload
EVT_001736,failed,payload_too_large,False,reduce_payload
EVT_002329,recovered,customer_endpoint_down,False,none
EVT_002292,failed,customer_endpoint_down,True,replay_after_fix
EVT_002863,delivered,none,False,none
EVT_002530,failed,malformed_response,True,replay_after_fix
EVT_001046,failed,payload_too_large,False,reduce_payload
EVT_000096,recovered,customer_endpoint_down,False,none
EVT_004027,failed,payload_too_large,False,reduce_payload
EVT_002885,failed,payload_too_large,False,reduce_payload
EVT_004687,delivered,none,False,none
EVT_002800,recovered,customer_endpoint_down,False,none
EVT_004114,failed,customer_endpoint_down,True,replay_after_fix
EVT_001754,failed,customer_endpoint_down,True,replay_after_fix
EVT_003244,delivered,none,False,none
EVT_002280,failed,payload_too_large,False,reduce_payload
EVT_002323,failed,customer_endpoint_down,True,replay_after_fix
EVT_004802,delivered,none,False,none
EVT_001803,failed,endpoint_deleted,False,contact_customer
EVT_003026,failed,endpoint_deleted,False,contact_customer
EVT_001592,failed,endpoint_deleted,False,contact_customer
EVT_002228,failed,endpoint_deleted,False,contact_customer
EVT_002492,failed,endpoint_deleted,False,contact_customer
EVT_002189,failed,payload_too_large,False,reduce_payload
EVT_002082,failed,endpoint_deleted,False,contact_customer
EVT_001509,failed,endpoint_deleted,False,contact_customer
EVT_003439,failed,payload_too_large,False,reduce_payload
EVT_000654,failed,endpoint_deleted,False,contact_customer
EVT_001197,failed,payload_too_large,False,reduce_payload
EVT_001620,delivered,none,False,none
EVT_002313,failed,payload_too_large,False,reduce_payload
EVT_003519,recovered,customer_endpoint_down,False,none
EVT_001655,failed,payload_too_large,False,reduce_payload
EVT_000695,failed,payload_too_large,False,reduce_payload
EVT_000485,recovered,customer_endpoint_down,False,none
EVT_003276,failed,endpoint_deleted,False,contact_customer
EVT_003804,failed,payload_too_large,False,reduce_payload
EVT_001545,expired,customer_endpoint_down,False,notify_customer
EVT_001747,failed,payload_too_large,False,reduce_payload
EVT_000198,failed,endpoint_deleted,False,contact_customer
EVT_000407,recovered,customer_endpoint_down,False,none
EVT_002150,failed,payload_too_large,False,reduce_payload
EVT_000055,failed,payload_too_large,False,reduce_payload
EVT_003727,failed,endpoint_deleted,False,contact_customer
EVT_000841,failed,endpoint_deleted,False,contact_customer
EVT_003282,failed,endpoint_deleted,False,contact_customer
EVT_004016,failed,endpoint_deleted,False,contact_customer
EVT_004971,failed,payload_too_large,False,reduce_payload
EVT_003161,delivered,none,False,none
EVT_004362,recovered,invalid_signature,False,none
EVT_004846,failed,payload_too_large,False,reduce_payload
EVT_002395,failed,payload_too_large,False,reduce_payload
EVT_001924,failed,payload_too_large,False,reduce_payload
EVT_003268,failed,endpoint_deleted,False,contact_customer
EVT_000572,failed,endpoint_deleted,False,contact_customer
EVT_004472,failed,payload_too_large,False,reduce_payload
EVT_000027,duplicate,duplicate_event,False,investigate_idempotency
EVT_004704,recovered,malformed_response,False,none
EVT_003786,failed,payload_too_large,False,reduce_payload
EVT_004419,delivered,none,False,none
EVT_000139,failed,payload_too_large,False,reduce_payload
EVT_003359,failed,payload_too_large,False,reduce_payload
EVT_002905,failed,payload_too_large,False,reduce_payload
EVT_000749,failed,endpoint_deleted,False,contact_customer
EVT_002146,failed,endpoint_deleted,False,contact_customer
EVT_000891,recovered,invalid_signature,False,none
EVT_001621,failed,payload_too_large,False,reduce_payload
EVT_000109,expired,customer_endpoint_down,False,notify_customer
EVT_004298,delivered,none,False,none
EVT_000023,expired,customer_endpoint_down,False,notify_customer
EVT_003622,failed,endpoint_deleted,False,contact_customer
EVT_004121,failed,payload_too_large,False,reduce_payload
EVT_000827,expired,customer_endpoint_down,False,notify_customer
EVT_003071,delivered,none,False,none
EVT_002837,failed,payload_too_large,False,reduce_payload
EVT_001646,recovered,invalid_signature,False,none
EVT_001547,failed,payload_too_large,False,reduce_payload
EVT_001968,delivered,none,False,none
EVT_000858,recovered,customer_endpoint_down,False,none
EVT_001673,failed,endpoint_deleted,False,contact_customer
EVT_004621,failed,payload_too_large,False,reduce_payload
EVT_004540,failed,payload_too_large,False,reduce_payload
EVT_002330,failed,payload_too_large,False,reduce_payload
EVT_003474,failed,payload_too_large,False,reduce_payload
EVT_004496,failed,endpoint_deleted,False,contact_customer
EVT_001281,failed,payload_too_large,False,reduce_payload
EVT_002645,delivered,none,False,none
EVT_002142,recovered,customer_endpoint_down,False,none
EVT_001242,failed,endpoint_deleted,False,contact_customer
EVT_001441,failed,endpoint_deleted,False,contact_customer
EVT_000750,recovered,customer_endpoint_down,False,none
EVT_003913,recovered,customer_endpoint_down,False,none
EVT_001642,failed,payload_too_large,False,reduce_payload
EVT_001334,recovered,customer_endpoint_down,False,none
EVT_001464,failed,endpoint_deleted,False,contact_customer
EVT_003018,failed,payload_too_large,False,reduce_payload
EVT_004840,failed,payload_too_large,False,reduce_payload
EVT_000045,delivered,none,False,none
EVT_004821,recovered,customer_endpoint_down,False,none
EVT_003951,recovered,customer_endpoint_down,False,none
EVT_004703,expired,customer_endpoint_down,False,notify_customer
EVT_001156,delivered,none,False,none
EVT_003177,failed,payload_too_large,False,reduce_payload
EVT_003884,failed,customer_endpoint_down,True,replay_after_fix
EVT_004929,failed,customer_endpoint_down,True,replay_after_fix
EVT_000115,failed,payload_too_large,False,reduce_payload
EVT_001443,recovered,customer_endpoint_down,False,none
EVT_004345,failed,payload_too_large,False,reduce_payload
EVT_004051,failed,endpoint_deleted,False,contact_customer
EVT_003671,failed,payload_too_large,False,reduce_payload
EVT_004207,recovered,rate_limited,False,none
EVT_002643,failed,payload_too_large,False,reduce_payload
EVT_000062,delivered,none,False,none
EVT_001990,failed,payload_too_large,False,reduce_payload
EVT_004724,failed,endpoint_deleted,False,contact_customer
EVT_001739,failed,payload_too_large,False,reduce_payload
EVT_003218,failed,payload_too_large,False,reduce_payload
EVT_000937,failed,endpoint_deleted,False,contact_customer
EVT_000727,failed,endpoint_deleted,False,contact_customer
EVT_000338,duplicate,duplicate_event,False,investigate_idempotency
EVT_002699,failed,payload_too_large,False,reduce_payload
EVT_002536,failed,malformed_response,True,replay_after_fix
EVT_002139,delivered,none,False,none
EVT_003803,recovered,rate_limited,False,none
EVT_003346,failed,payload_too_large,False,reduce_payload
EVT_003479,failed,payload_too_large,False,reduce_payload
EVT_003060,failed,endpoint_deleted,False,contact_customer
EVT_001270,failed,endpoint_deleted,False,contact_customer
EVT_002278,failed,endpoint_deleted,False,contact_customer
EVT_002029,failed,payload_too_large,False,reduce_payload
EVT_003035,recovered,customer_endpoint_down,False,none
EVT_001881,failed,endpoint_deleted,False,contact_customer
EVT_003203,failed,payload_too_large,False,reduce_payload
EVT_000854,failed,payload_too_large,False,reduce_payload
EVT_003254,failed,payload_too_large,False,reduce_payload
EVT_003323,failed,customer_endpoint_down,True,replay_after_fix
EVT_004690,failed,customer_endpoint_down,True,replay_after_fix
EVT_002003,failed,payload_too_large,False,reduce_payload
EVT_003132,failed,payload_too_large,False,reduce_payload
EVT_001848,failed,payload_too_large,False,reduce_payload
EVT_002845,delivered,none,False,none
EVT_002566,recovered,rate_limited,False,none
EVT_004882,recovered,customer_endpoint_down,False,none
EVT_001698,failed,payload_too_large,False,reduce_payload
EVT_002818,failed,payload_too_large,False,reduce_payload
EVT_002799,failed,endpoint_deleted,False,contact_customer
EVT_002204,recovered,customer_endpoint_down,False,none
EVT_002461,failed,payload_too_large,False,reduce_payload
EVT_001144,recovered,rate_limited,False,none
EVT_003633,delivered,none,False,none
EVT_003399,failed,endpoint_deleted,False,contact_customer
EVT_001820,failed,customer_endpoint_down,True,replay_after_fix
EVT_003891,recovered,invalid_signature,False,none
EVT_004741,failed,payload_too_large,False,reduce_payload
EVT_002124,recovered,customer_endpoint_down,False,none
EVT_000974,failed,endpoint_deleted,False,contact_customer
EVT_003749,failed,payload_too_large,False,reduce_payload
EVT_001068,recovered,rate_limited,False,none
EVT_000652,failed,customer_endpoint_down,True,replay_after_fix
EVT_000611,failed,payload_too_large,False,reduce_payload
EVT_002211,failed,endpoint_deleted,False,contact_customer
EVT_001059,recovered,customer_endpoint_down,False,none
EVT_004466,duplicate,duplicate_event,False,investigate_idempotency
EVT_003533,failed,payload_too_large,False,reduce_payload
EVT_004631,failed,customer_endpoint_down,True,replay_after_fix
EVT_003817,failed,payload_too_large,False,reduce_payload
EVT_000376,failed,payload_too_large,False,reduce_payload
EVT_001619,failed,payload_too_large,False,reduce_payload
EVT_001149,duplicate,duplicate_event,False,investigate_idempotency
EVT_001975,delivered,none,False,none
EVT_002558,failed,customer_endpoint_down,True,replay_after_fix
EVT_000151,failed,endpoint_deleted,False,contact_customer
EVT_000852,failed,payload_too_large,False,reduce_payload
EVT_004017,recovered,customer_endpoint_down,False,none
EVT_000131,failed,endpoint_deleted,False,contact_customer
EVT_004169,recovered,customer_endpoint_down,False,none
EVT_003264,failed,payload_too_large,False,reduce_payload
EVT_001250,failed,endpoint_deleted,False,contact_customer
EVT_000646,delivered,none,False,none
EVT_001933,failed,customer_endpoint_down,True,replay_after_fix
EVT_000976,failed,customer_endpoint_down,True,replay_after_fix
EVT_001189,failed,payload_too_large,False,reduce_payload
EVT_000874,failed,customer_endpoint_down,True,replay_after_fix
EVT_000747,failed,customer_endpoint_down,True,replay_after_fix
EVT_003947,recovered,customer_endpoint_down,False,none
EVT_001900,failed,endpoint_deleted,False,contact_customer
EVT_002652,failed,payload_too_large,False,reduce_payload
EVT_001528,failed,endpoint_deleted,False,contact_customer
EVT_004534,failed,endpoint_deleted,False,contact_customer
EVT_001049,failed,payload_too_large,False,reduce_payload
EVT_003487,failed,endpoint_deleted,False,contact_customer
EVT_003008,recovered,malformed_response,False,none
EVT_004369,failed,endpoint_deleted,False,contact_customer
EVT_004239,recovered,customer_endpoint_down,False,none
EVT_003570,recovered,invalid_signature,False,none
EVT_002126,failed,payload_too_large,False,reduce_payload
EVT_004991,delivered,none,False,none
EVT_003758,recovered,malformed_response,False,none
EVT_000624,delivered,none,False,none
EVT_004557,failed,endpoint_deleted,False,contact_customer
EVT_001625,failed,endpoint_deleted,False,contact_customer
EVT_003898,failed,endpoint_deleted,False,contact_customer
EVT_003545,failed,endpoint_deleted,False,contact_customer
EVT_002725,recovered,malformed_response,False,none
EVT_004817,failed,endpoint_deleted,False,contact_customer
EVT_000535,expired,customer_endpoint_down,False,notify_customer
EVT_001702,recovered,customer_endpoint_down,False,none
EVT_000037,recovered,customer_endpoint_down,False,none
EVT_001101,duplicate,duplicate_event,False,investigate_idempotency
EVT_004901,failed,endpoint_deleted,False,contact_customer
EVT_002831,expired,customer_endpoint_down,False,notify_customer
EVT_002132,failed,payload_too_large,False,reduce_payload
EVT_004061,recovered,customer_endpoint_down,False,none
EVT_004115,recovered,customer_endpoint_down,False,none
EVT_004268,delivered,none,False,none
EVT_003725,delivered,none,False,none
EVT_001519,recovered,invalid_signature,False,none
EVT_003250,failed,payload_too_large,False,reduce_payload
EVT_001965,delivered,none,False,none
EVT_002008,failed,endpoint_deleted,False,contact_customer
EVT_002560,failed,endpoint_deleted,False,contact_customer
EVT_004955,failed,payload_too_large,False,reduce_payload
EVT_004344,failed,payload_too_large,False,reduce_payload
EVT_001912,failed,payload_too_large,False,reduce_payload
EVT_001017,recovered,invalid_signature,False,none
EVT_000784,delivered,none,False,none
EVT_002205,recovered,customer_endpoint_down,False,none
EVT_003408,failed,customer_endpoint_down,True,replay_after_fix
EVT_002990,delivered,none,False,none
EVT_003972,failed,customer_endpoint_down,True,replay_after_fix
EVT_003548,duplicate,duplicate_event,False,investigate_idempotency
EVT_003699,recovered,customer_endpoint_down,False,none
EVT_003734,delivered,none,False,none
EVT_001961,failed,payload_too_large,False,reduce_payload
EVT_003363,failed,payload_too_large,False,reduce_payload
EVT_003193,failed,endpoint_deleted,False,contact_customer
EVT_003716,duplicate,duplicate_event,False,investigate_idempotency
EVT_000517,failed,payload_too_large,False,reduce_payload
EVT_001853,duplicate,duplicate_event,False,investigate_idempotency
EVT_000805,recovered,customer_endpoint_down,False,none
EVT_002695,failed,payload_too_large,False,reduce_payload
EVT_002844,failed,payload_too_large,False,reduce_payload
EVT_000194,failed,payload_too_large,False,reduce_payload
EVT_002931,delivered,none,False,none
EVT_004642,failed,payload_too_large,False,reduce_payload
EVT_001647,failed,customer_endpoint_down,True,replay_after_fix
EVT_003216,failed,endpoint_deleted,False,contact_customer
EVT_003062,failed,payload_too_large,False,reduce_payload
EVT_002440,recovered,invalid_signature,False,none
EVT_004769,delivered,none,False,none
EVT_001631,recovered,customer_endpoint_down,False,none
EVT_001340,expired,customer_endpoint_down,False,notify_customer
EVT_004705,recovered,customer_endpoint_down,False,none
EVT_001926,failed,payload_too_large,False,reduce_payload
EVT_001704,recovered,customer_endpoint_down,False,none
EVT_002272,recovered,customer_endpoint_down,False,none
EVT_001717,recovered,rate_limited,False,none
EVT_001833,failed,payload_too_large,False,reduce_payload
EVT_004146,failed,endpoint_deleted,False,contact_customer
EVT_000559,failed,endpoint_deleted,False,contact_customer
EVT_003304,failed,payload_too_large,False,reduce_payload
EVT_004399,failed,payload_too_large,False,reduce_payload
EVT_003660,duplicate,duplicate_event,False,investigate_idempotency
EVT_004068,recovered,rate_limited,False,none
EVT_001732,recovered,invalid_signature,False,none
EVT_001112,recovered,rate_limited,False,none
EVT_001313,failed,customer_endpoint_down,True,replay_after_fix
EVT_004617,delivered,none,False,none
EVT_001594,failed,customer_endpoint_down,True,replay_after_fix
EVT_003311,failed,customer_endpoint_down,True,replay_after_fix
EVT_004847,failed,payload_too_large,False,reduce_payload
EVT_004648,delivered,none,False,none
EVT_001658,failed,endpoint_deleted,False,contact_customer
EVT_003112,expired,customer_endpoint_down,False,notify_customer
EVT_003686,recovered,customer_endpoint_down,False,none
EVT_000917,failed,payload_too_large,False,reduce_payload
EVT_000980,recovered,rate_limited,False,none
EVT_004641,failed,payload_too_large,False,reduce_payload
EVT_002034,failed,endpoint_deleted,False,contact_customer
EVT_001917,failed,endpoint_deleted,False,contact_customer
EVT_003369,delivered,none,False,none
EVT_003607,failed,endpoint_deleted,False,contact_customer
EVT_000446,expired,customer_endpoint_down,False,notify_customer
EVT_002758,expired,customer_endpoint_down,False,notify_customer
EVT_001584,failed,payload_too_large,False,reduce_payload
EVT_001020,failed,payload_too_large,False,reduce_payload
EVT_003769,failed,payload_too_large,False,reduce_payload
EVT_001126,expired,customer_endpoint_down,False,notify_customer
EVT_001977,failed,payload_too_large,False,reduce_payload
EVT_003395,failed,payload_too_large,False,reduce_payload
EVT_000325,delivered,none,False,none
EVT_001217,failed,payload_too_large,False,reduce_payload
EVT_001350,failed,payload_too_large,False,reduce_payload
EVT_000568,recovered,invalid_signature,False,none
EVT_002143,recovered,customer_endpoint_down,False,none
EVT_000320,failed,payload_too_large,False,reduce_payload
EVT_001643,failed,payload_too_large,False,reduce_payload
EVT_003764,duplicate,duplicate_event,False,investigate_idempotency
EVT_001953,failed,payload_too_large,False,reduce_payload
EVT_004499,failed,endpoint_deleted,False,contact_customer
EVT_002181,failed,endpoint_deleted,False,contact_customer
EVT_003103,delivered,none,False,none
EVT_004152,recovered,customer_endpoint_down,False,none
EVT_001051,recovered,customer_endpoint_down,False,none
EVT_004346,failed,payload_too_large,False,reduce_payload
EVT_000454,delivered,none,False,none
EVT_001256,failed,customer_endpoint_down,True,replay_after_fix
EVT_002867,failed,endpoint_deleted,False,contact_customer
EVT_004001,failed,payload_too_large,False,reduce_payload
EVT_000590,failed,payload_too_large,False,reduce_payload
EVT_002467,recovered,rate_limited,False,none
EVT_004161,recovered,customer_endpoint_down,False,none
EVT_001815,duplicate,duplicate_event,False,investigate_idempotency
EVT_002843,recovered,invalid_signature,False,none
EVT_002732,failed,payload_too_large,False,reduce_payload
EVT_003017,expired,customer_endpoint_down,False,notify_customer
EVT_004306,delivered,none,False,none
EVT_002140,delivered,none,False,none
EVT_002442,recovered,customer_endpoint_down,False,none
EVT_002361,delivered,none,False,none
EVT_002946,delivered,none,False,none
EVT_003455,failed,endpoint_deleted,False,contact_customer
EVT_003262,failed,payload_too_large,False,reduce_payload
EVT_000723,failed,payload_too_large,False,reduce_payload
EVT_004490,failed,endpoint_deleted,False,contact_customer
EVT_002660,delivered,none,False,none
EVT_002095,failed,payload_too_large,False,reduce_payload
EVT_004441,failed,payload_too_large,False,reduce_payload
EVT_004970,failed,payload_too_large,False,reduce_payload
EVT_002367,failed,payload_too_large,False,reduce_payload
EVT_004993,failed,payload_too_large,False,reduce_payload
EVT_002886,delivered,none,False,none
EVT_002318,recovered,customer_endpoint_down,False,none
EVT_002686,failed,payload_too_large,False,reduce_payload
EVT_004644,recovered,customer_endpoint_down,False,none
EVT_000110,failed,endpoint_deleted,False,contact_customer
EVT_000417,recovered,customer_endpoint_down,False,none
EVT_003682,failed,payload_too_large,False,reduce_payload
EVT_001719,failed,payload_too_large,False,reduce_payload
EVT_004186,recovered,invalid_signature,False,none
EVT_004497,delivered,none,False,none
EVT_000544,failed,payload_too_large,False,reduce_payload
EVT_001226,recovered,customer_endpoint_down,False,none
EVT_001662,recovered,invalid_signature,False,none
EVT_002302,failed,endpoint_deleted,False,contact_customer
EVT_003414,failed,endpoint_deleted,False,contact_customer
EVT_003398,recovered,customer_endpoint_down,False,none
EVT_000025,failed,endpoint_deleted,False,contact_customer
EVT_000041,failed,payload_too_large,False,reduce_payload
EVT_002753,failed,payload_too_large,False,reduce_payload
EVT_003885,failed,payload_too_large,False,reduce_payload
EVT_000162,failed,payload_too_large,False,reduce_payload
EVT_002618,failed,customer_endpoint_down,True,replay_after_fix
EVT_002123,failed,payload_too_large,False,reduce_payload
EVT_000311,recovered,customer_endpoint_down,False,none
EVT_000754,failed,customer_endpoint_down,True,replay_after_fix
EVT_000679,failed,endpoint_deleted,False,contact_customer
EVT_001047,failed,endpoint_deleted,False,contact_customer
EVT_001583,delivered,none,False,none
EVT_003525,delivered,none,False,none
EVT_004650,failed,payload_too_large,False,reduce_payload
EVT_002145,delivered,none,False,none
EVT_004762,failed,endpoint_deleted,False,contact_customer
EVT_001478,failed,payload_too_large,False,reduce_payload
EVT_002634,failed,customer_endpoint_down,True,replay_after_fix
EVT_000597,duplicate,duplicate_event,False,investigate_idempotency
EVT_004771,duplicate,duplicate_event,False,investigate_idempotency
EVT_004470,recovered,customer_endpoint_down,False,none
EVT_002194,duplicate,duplicate_event,False,investigate_idempotency
EVT_001503,failed,payload_too_large,False,reduce_payload
EVT_004007,failed,payload_too_large,False,reduce_payload
EVT_002909,failed,payload_too_large,False,reduce_payload
EVT_004238,failed,payload_too_large,False,reduce_payload
EVT_002787,recovered,customer_endpoint_down,False,none
EVT_003864,failed,payload_too_large,False,reduce_payload
EVT_003995,delivered,none,False,none
EVT_001605,failed,customer_endpoint_down,True,replay_after_fix
EVT_000746,recovered,customer_endpoint_down,False,none
EVT_000097,failed,payload_too_large,False,reduce_payload
EVT_002764,failed,customer_endpoint_down,True,replay_after_fix
EVT_003075,failed,endpoint_deleted,False,contact_customer
EVT_003034,failed,endpoint_deleted,False,contact_customer
EVT_002998,delivered,none,False,none
EVT_002425,failed,payload_too_large,False,reduce_payload
EVT_002952,recovered,customer_endpoint_down,False,none
EVT_002576,recovered,customer_endpoint_down,False,none
EVT_002497,delivered,none,False,none
EVT_001085,failed,customer_endpoint_down,True,replay_after_fix
EVT_001078,failed,payload_too_large,False,reduce_payload
EVT_002976,failed,endpoint_deleted,False,contact_customer
EVT_004271,failed,malformed_response,True,replay_after_fix
EVT_000894,recovered,customer_endpoint_down,False,none
EVT_003394,failed,payload_too_large,False,reduce_payload
EVT_003322,failed,payload_too_large,False,reduce_payload
EVT_004059,recovered,customer_endpoint_down,False,none
EVT_000506,failed,customer_endpoint_down,True,replay_after_fix
EVT_003954,failed,payload_too_large,False,reduce_payload
EVT_003759,recovered,rate_limited,False,none
EVT_001535,failed,endpoint_deleted,False,contact_customer
EVT_002042,failed,payload_too_large,False,reduce_payload
EVT_002507,failed,payload_too_large,False,reduce_payload
EVT_001677,recovered,customer_endpoint_down,False,none
EVT_004735,failed,payload_too_large,False,reduce_payload
EVT_004999,duplicate,duplicate_event,False,investigate_idempotency
EVT_004435,failed,customer_endpoint_down,True,replay_after_fix
EVT_002499,failed,customer_endpoint_down,True,replay_after_fix
EVT_003140,expired,customer_endpoint_down,False,notify_customer
EVT_004859,expired,customer_endpoint_down,False,notify_customer
EVT_002601,delivered,none,False,none
EVT_000420,failed,endpoint_deleted,False,contact_customer
EVT_003988,failed,endpoint_deleted,False,contact_customer
EVT_003791,failed,payload_too_large,False,reduce_payload
EVT_002511,failed,payload_too_large,False,reduce_payload
EVT_000501,recovered,invalid_signature,False,none
EVT_001366,expired,customer_endpoint_down,False,notify_customer
EVT_002856,delivered,none,False,none
EVT_001432,failed,payload_too_large,False,reduce_payload
EVT_001439,failed,endpoint_deleted,False,contact_customer
EVT_004427,recovered,rate_limited,False,none
EVT_002220,failed,endpoint_deleted,False,contact_customer
EVT_001564,delivered,none,False,none
EVT_004898,failed,payload_too_large,False,reduce_payload
EVT_003591,recovered,customer_endpoint_down,False,none
EVT_002790,delivered,none,False,none
EVT_002014,failed,payload_too_large,False,reduce_payload
EVT_000710,recovered,customer_endpoint_down,False,none
EVT_003404,recovered,malformed_response,False,none
EVT_000968,failed,customer_endpoint_down,True,replay_after_fix
EVT_003111,failed,payload_too_large,False,reduce_payload
EVT_000187,recovered,customer_endpoint_down,False,none
EVT_001395,failed,payload_too_large,False,reduce_payload
EVT_003640,recovered,customer_endpoint_down,False,none
EVT_002859,recovered,invalid_signature,False,none
EVT_000447,failed,endpoint_deleted,False,contact_customer
EVT_001914,failed,payload_too_large,False,reduce_payload
EVT_001550,expired,customer_endpoint_down,False,notify_customer
EVT_000883,failed,payload_too_large,False,reduce_payload
EVT_001684,failed,payload_too_large,False,reduce_payload
EVT_003887,delivered,none,False,none
EVT_004022,failed,endpoint_deleted,False,contact_customer
EVT_003738,recovered,customer_endpoint_down,False,none
EVT_000089,failed,payload_too_large,False,reduce_payload
EVT_001793,failed,endpoint_deleted,False,contact_customer
EVT_002412,delivered,none,False,none
EVT_000148,failed,payload_too_large,False,reduce_payload
EVT_004756,failed,endpoint_deleted,False,contact_customer
EVT_000498,delivered,none,False,none
EVT_000470,recovered,malformed_response,False,none
EVT_002549,delivered,none,False,none
EVT_001383,failed,payload_too_large,False,reduce_payload
EVT_004048,failed,payload_too_large,False,reduce_payload
EVT_004076,recovered,invalid_signature,False,none
EVT_001915,failed,payload_too_large,False,reduce_payload
EVT_000182,failed,endpoint_deleted,False,contact_customer
EVT_001130,recovered,customer_endpoint_down,False,none
EVT_004333,failed,payload_too_large,False,reduce_payload
EVT_004952,recovered,rate_limited,False,none
EVT_002821,duplicate,duplicate_event,False,investigate_idempotency
EVT_000112,failed,payload_too_large,False,reduce_payload
EVT_004502,recovered,rate_limited,False,none
EVT_001291,failed,payload_too_large,False,reduce_payload
EVT_001402,recovered,rate_limited,False,none
EVT_000994,recovered,customer_endpoint_down,False,none
EVT_003776,expired,customer_endpoint_down,False,notify_customer
EVT_003675,failed,endpoint_deleted,False,contact_customer
EVT_001419,recovered,customer_endpoint_down,False,none
EVT_003108,failed,endpoint_deleted,False,contact_customer
EVT_001966,delivered,none,False,none
EVT_003942,recovered,customer_endpoint_down,False,none
EVT_000878,duplicate,duplicate_event,False,investigate_idempotency
EVT_000958,failed,payload_too_large,False,reduce_payload
EVT_004501,failed,customer_endpoint_down,True,replay_after_fix
EVT_003805,failed,malformed_response,True,replay_after_fix
EVT_004324,failed,endpoint_deleted,False,contact_customer
EVT_000288,failed,payload_too_large,False,reduce_payload
EVT_003959,recovered,customer_endpoint_down,False,none
EVT_004098,failed,payload_too_large,False,reduce_payload
EVT_004467,failed,payload_too_large,False,reduce_payload
EVT_004763,failed,malformed_response,True,replay_after_fix
EVT_002664,recovered,rate_limited,False,none
EVT_003186,failed,payload_too_large,False,reduce_payload
EVT_001884,failed,endpoint_deleted,False,contact_customer
EVT_003821,failed,payload_too_large,False,reduce_payload
EVT_003843,recovered,customer_endpoint_down,False,none
EVT_003866,failed,payload_too_large,False,reduce_payload
EVT_003431,failed,payload_too_large,False,reduce_payload
EVT_000759,recovered,rate_limited,False,none
EVT_001606,recovered,invalid_signature,False,none
EVT_002647,recovered,invalid_signature,False,none
EVT_003916,failed,payload_too_large,False,reduce_payload
EVT_000861,failed,endpoint_deleted,False,contact_customer
EVT_000350,recovered,customer_endpoint_down,False,none
EVT_000063,recovered,malformed_response,False,none
EVT_001542,delivered,none,False,none
EVT_000806,recovered,rate_limited,False,none
EVT_004219,failed,payload_too_large,False,reduce_payload
EVT_003236,failed,payload_too_large,False,reduce_payload
EVT_004258,failed,customer_endpoint_down,True,replay_after_fix
EVT_000500,failed,payload_too_large,False,reduce_payload
EVT_001748,recovered,invalid_signature,False,none
EVT_001354,failed,payload_too_large,False,reduce_payload
EVT_002756,failed,endpoint_deleted,False,contact_customer
EVT_000831,failed,endpoint_deleted,False,contact_customer
EVT_001845,failed,endpoint_deleted,False,contact_customer
EVT_004798,delivered,none,False,none
EVT_002188,failed,endpoint_deleted,False,contact_customer
EVT_001293,failed,payload_too_large,False,reduce_payload
EVT_002117,delivered,none,False,none
EVT_000499,delivered,none,False,none
EVT_002024,failed,endpoint_deleted,False,contact_customer
EVT_003585,recovered,customer_endpoint_down,False,none
EVT_000588,failed,payload_too_large,False,reduce_payload
EVT_002791,recovered,rate_limited,False,none
EVT_000888,failed,payload_too_large,False,reduce_payload
EVT_004130,delivered,none,False,none
EVT_003166,expired,customer_endpoint_down,False,notify_customer
EVT_004812,duplicate,duplicate_event,False,investigate_idempotency
EVT_004512,delivered,none,False,none
EVT_002312,failed,endpoint_deleted,False,contact_customer
EVT_001498,failed,endpoint_deleted,False,contact_customer
EVT_000312,failed,payload_too_large,False,reduce_payload
EVT_001791,delivered,none,False,none
EVT_002030,failed,payload_too_large,False,reduce_payload
EVT_003536,failed,endpoint_deleted,False,contact_customer
EVT_001136,failed,payload_too_large,False,reduce_payload
EVT_000216,delivered,none,False,none
EVT_003393,delivered,none,False,none
EVT_002489,recovered,customer_endpoint_down,False,none
EVT_002243,delivered,none,False,none
EVT_000130,delivered,none,False,none
EVT_002424,delivered,none,False,none
EVT_004729,failed,endpoint_deleted,False,contact_customer
EVT_001579,failed,endpoint_deleted,False,contact_customer
EVT_001947,failed,payload_too_large,False,reduce_payload
EVT_002287,failed,payload_too_large,False,reduce_payload
EVT_000582,recovered,customer_endpoint_down,False,none
EVT_003200,failed,payload_too_large,False,reduce_payload
EVT_001299,delivered,none,False,none
EVT_004586,recovered,invalid_signature,False,none
EVT_004166,failed,endpoint_deleted,False,contact_customer
EVT_003923,recovered,customer_endpoint_down,False,none
EVT_003943,failed,endpoint_deleted,False,contact_customer
EVT_004031,failed,payload_too_large,False,reduce_payload
EVT_002376,recovered,customer_endpoint_down,False,none
EVT_003962,failed,malformed_response,True,replay_after_fix
EVT_001786,failed,payload_too_large,False,reduce_payload
EVT_001346,failed,endpoint_deleted,False,contact_customer
EVT_003045,delivered,none,False,none
EVT_001622,failed,endpoint_deleted,False,contact_customer
EVT_001180,failed,payload_too_large,False,reduce_payload
EVT_002071,recovered,rate_limited,False,none
EVT_001925,failed,payload_too_large,False,reduce_payload
EVT_002803,delivered,none,False,none
EVT_001809,failed,endpoint_deleted,False,contact_customer
EVT_001827,failed,endpoint_deleted,False,contact_customer
EVT_001696,delivered,none,False,none
EVT_003488,delivered,none,False,none
EVT_003443,failed,customer_endpoint_down,True,replay_after_fix
EVT_002568,failed,customer_endpoint_down,True,replay_after_fix
EVT_004225,failed,payload_too_large,False,reduce_payload
EVT_001301,failed,endpoint_deleted,False,contact_customer
EVT_004418,recovered,rate_limited,False,none
EVT_002450,failed,payload_too_large,False,reduce_payload
EVT_003700,failed,customer_endpoint_down,True,replay_after_fix
EVT_001185,failed,endpoint_deleted,False,contact_customer
EVT_002373,failed,payload_too_large,False,reduce_payload
EVT_002451,failed,customer_endpoint_down,True,replay_after_fix
EVT_003659,expired,customer_endpoint_down,False,notify_customer
EVT_000642,failed,payload_too_large,False,reduce_payload
EVT_000049,recovered,customer_endpoint_down,False,none
EVT_002591,recovered,invalid_signature,False,none
EVT_003993,recovered,rate_limited,False,none
EVT_001792,failed,customer_endpoint_down,True,replay_after_fix
EVT_003883,failed,payload_too_large,False,reduce_payload
EVT_002119,delivered,none,False,none
EVT_000816,failed,customer_endpoint_down,True,replay_after_fix
EVT_001324,recovered,customer_endpoint_down,False,none
EVT_002113,failed,endpoint_deleted,False,contact_customer
EVT_001500,failed,endpoint_deleted,False,contact_customer
EVT_001663,delivered,none,False,none
EVT_003194,recovered,invalid_signature,False,none
EVT_004916,failed,endpoint_deleted,False,contact_customer
EVT_004140,failed,payload_too_large,False,reduce_payload
EVT_004064,failed,endpoint_deleted,False,contact_customer
EVT_004522,delivered,none,False,none
EVT_002007,delivered,none,False,none
EVT_001150,recovered,customer_endpoint_down,False,none
EVT_004978,recovered,customer_endpoint_down,False,none
EVT_002858,failed,payload_too_large,False,reduce_payload
EVT_001770,failed,payload_too_large,False,reduce_payload
EVT_004593,duplicate,duplicate_event,False,investigate_idempotency
EVT_002939,failed,payload_too_large,False,reduce_payload
EVT_000576,failed,customer_endpoint_down,True,replay_after_fix
EVT_002196,failed,payload_too_large,False,reduce_payload
EVT_003094,failed,payload_too_large,False,reduce_payload
EVT_004715,delivered,none,False,none
EVT_000979,failed,endpoint_deleted,False,contact_customer
EVT_001103,delivered,none,False,none
EVT_003212,failed,payload_too_large,False,reduce_payload
EVT_004244,failed,endpoint_deleted,False,contact_customer
EVT_004537,failed,payload_too_large,False,reduce_payload
EVT_002246,failed,payload_too_large,False,reduce_payload
EVT_003576,recovered,customer_endpoint_down,False,none
EVT_003521,delivered,none,False,none
EVT_000636,recovered,customer_endpoint_down,False,none
EVT_004794,duplicate,duplicate_event,False,investigate_idempotency
EVT_003676,failed,payload_too_large,False,reduce_payload
EVT_000301,recovered,customer_endpoint_down,False,none
EVT_000487,failed,malformed_response,True,replay_after_fix
EVT_004961,failed,customer_endpoint_down,True,replay_after_fix
EVT_000688,failed,endpoint_deleted,False,contact_customer
EVT_002630,expired,customer_endpoint_down,False,notify_customer
EVT_000965,expired,customer_endpoint_down,False,notify_customer
EVT_004235,recovered,customer_endpoint_down,False,none
EVT_001921,failed,payload_too_large,False,reduce_payload
EVT_001678,failed,customer_endpoint_down,True,replay_after_fix
EVT_002962,failed,payload_too_large,False,reduce_payload
EVT_001269,failed,endpoint_deleted,False,contact_customer
EVT_001971,failed,payload_too_large,False,reduce_payload
EVT_000251,recovered,rate_limited,False,none
EVT_001241,failed,customer_endpoint_down,True,replay_after_fix
EVT_003615,expired,customer_endpoint_down,False,notify_customer
EVT_004062,recovered,customer_endpoint_down,False,none
EVT_000456,recovered,rate_limited,False,none
EVT_001176,failed,payload_too_large,False,reduce_payload
EVT_002640,recovered,customer_endpoint_down,False,none
EVT_003606,failed,customer_endpoint_down,True,replay_after_fix
EVT_003496,failed,payload_too_large,False,reduce_payload
EVT_002805,failed,endpoint_deleted,False,contact_customer
EVT_003172,failed,payload_too_large,False,reduce_payload
EVT_002603,failed,customer_endpoint_down,True,replay_after_fix
EVT_003919,failed,customer_endpoint_down,True,replay_after_fix
EVT_000430,failed,payload_too_large,False,reduce_payload
EVT_002921,failed,endpoint_deleted,False,contact_customer
EVT_003617,recovered,customer_endpoint_down,False,none
EVT_002458,failed,payload_too_large,False,reduce_payload
EVT_004278,delivered,none,False,none
EVT_000284,failed,payload_too_large,False,reduce_payload
EVT_001738,expired,customer_endpoint_down,False,notify_customer
EVT_002483,recovered,rate_limited,False,none
EVT_001300,delivered,none,False,none
EVT_000496,recovered,malformed_response,False,none
EVT_003281,failed,endpoint_deleted,False,contact_customer
EVT_001233,delivered,none,False,none
EVT_001801,failed,endpoint_deleted,False,contact_customer
EVT_003427,failed,payload_too_large,False,reduce_payload
EVT_002561,duplicate,duplicate_event,False,investigate_idempotency
EVT_002270,recovered,customer_endpoint_down,False,none
EVT_001963,delivered,none,False,none
EVT_003539,delivered,none,False,none
EVT_002052,failed,payload_too_large,False,reduce_payload
EVT_003531,failed,customer_endpoint_down,True,replay_after_fix
EVT_003768,failed,payload_too_large,False,reduce_payload
EVT_000051,failed,payload_too_large,False,reduce_payload
EVT_000785,recovered,invalid_signature,False,none
EVT_004939,failed,payload_too_large,False,reduce_payload
EVT_002420,failed,customer_endpoint_down,True,replay_after_fix
EVT_003424,recovered,customer_endpoint_down,False,none
EVT_003076,delivered,none,False,none
EVT_000031,recovered,customer_endpoint_down,False,none
EVT_002060,failed,payload_too_large,False,reduce_payload
EVT_000748,recovered,customer_endpoint_down,False,none
EVT_002604,failed,payload_too_large,False,reduce_payload
EVT_001711,failed,endpoint_deleted,False,contact_customer
EVT_000521,recovered,invalid_signature,False,none
EVT_003697,failed,endpoint_deleted,False,contact_customer
EVT_004972,failed,payload_too_large,False,reduce_payload
EVT_004967,failed,payload_too_large,False,reduce_payload
EVT_004654,failed,endpoint_deleted,False,contact_customer
EVT_001225,failed,endpoint_deleted,False,contact_customer
EVT_001023,failed,payload_too_large,False,reduce_payload
EVT_001814,delivered,none,False,none
EVT_000763,failed,customer_endpoint_down,True,replay_after_fix
EVT_001787,failed,payload_too_large,False,reduce_payload
EVT_002644,failed,endpoint_deleted,False,contact_customer
EVT_002158,failed,payload_too_large,False,reduce_payload
EVT_004514,failed,endpoint_deleted,False,contact_customer
EVT_002629,failed,payload_too_large,False,reduce_payload
EVT_002971,failed,payload_too_large,False,reduce_payload
EVT_003681,failed,customer_endpoint_down,True,replay_after_fix
EVT_001659,delivered,none,False,none
EVT_000017,failed,payload_too_large,False,reduce_payload
EVT_004376,failed,payload_too_large,False,reduce_payload
EVT_002978,failed,payload_too_large,False,reduce_payload
EVT_003862,failed,endpoint_deleted,False,contact_customer
EVT_002887,failed,endpoint_deleted,False,contact_customer
EVT_004469,recovered,customer_endpoint_down,False,none
EVT_004868,failed,endpoint_deleted,False,contact_customer
EVT_001069,failed,malformed_response,True,replay_after_fix
EVT_000915,failed,endpoint_deleted,False,contact_customer
EVT_004629,failed,payload_too_large,False,reduce_payload
EVT_002537,delivered,none,False,none
EVT_004790,failed,endpoint_deleted,False,contact_customer
EVT_004744,failed,payload_too_large,False,reduce_payload
EVT_003368,failed,payload_too_large,False,reduce_payload
EVT_001563,failed,customer_endpoint_down,True,replay_after_fix
EVT_001092,failed,payload_too_large,False,reduce_payload
EVT_001314,failed,payload_too_large,False,reduce_payload
EVT_002588,failed,customer_endpoint_down,True,replay_after_fix
EVT_000122,failed,customer_endpoint_down,True,replay_after_fix
EVT_000873,delivered,none,False,none
EVT_003651,recovered,invalid_signature,False,none
EVT_004758,expired,customer_endpoint_down,False,notify_customer
EVT_004452,failed,payload_too_large,False,reduce_payload
EVT_003083,delivered,none,False,none
EVT_001065,failed,payload_too_large,False,reduce_payload
EVT_003540,failed,payload_too_large,False,reduce_payload
EVT_002321,delivered,none,False,none
EVT_001604,failed,payload_too_large,False,reduce_payload
EVT_004587,failed,customer_endpoint_down,True,replay_after_fix
EVT_000729,recovered,customer_endpoint_down,False,none
EVT_001434,recovered,rate_limited,False,none
EVT_002094,delivered,none,False,none
EVT_000071,delivered,none,False,none
EVT_004659,recovered,malformed_response,False,none
EVT_000592,expired,customer_endpoint_down,False,notify_customer
EVT_002963,failed,payload_too_large,False,reduce_payload
EVT_004689,failed,payload_too_large,False,reduce_payload
EVT_004044,recovered,customer_endpoint_down,False,none
EVT_003981,failed,payload_too_large,False,reduce_payload
EVT_004538,failed,malformed_response,True,replay_after_fix
EVT_000953,failed,payload_too_large,False,reduce_payload
EVT_002694,failed,customer_endpoint_down,True,replay_after_fix
EVT_000653,failed,customer_endpoint_down,True,replay_after_fix
EVT_004099,failed,payload_too_large,False,reduce_payload
EVT_000713,failed,endpoint_deleted,False,contact_customer
EVT_000832,failed,payload_too_large,False,reduce_payload
EVT_000603,failed,endpoint_deleted,False,contact_customer
EVT_004657,failed,endpoint_deleted,False,contact_customer
EVT_001995,failed,endpoint_deleted,False,contact_customer
EVT_004838,recovered,customer_endpoint_down,False,none
EVT_003221,failed,endpoint_deleted,False,contact_customer
EVT_002516,failed,payload_too_large,False,reduce_payload
EVT_000424,recovered,invalid_signature,False,none
EVT_003063,failed,endpoint_deleted,False,contact_customer
EVT_004045,failed,payload_too_large,False,reduce_payload
EVT_001687,failed,endpoint_deleted,False,contact_customer
EVT_004848,recovered,customer_endpoint_down,False,none
EVT_000574,failed,endpoint_deleted,False,contact_customer
EVT_002806,failed,endpoint_deleted,False,contact_customer
EVT_002418,recovered,customer_endpoint_down,False,none
EVT_003797,failed,payload_too_large,False,reduce_payload
EVT_000799,expired,customer_endpoint_down,False,notify_customer
EVT_002828,failed,payload_too_large,False,reduce_payload
EVT_002102,recovered,customer_endpoint_down,False,none
EVT_003462,recovered,customer_endpoint_down,False,none
EVT_002122,failed,payload_too_large,False,reduce_payload
EVT_003168,failed,endpoint_deleted,False,contact_customer
EVT_001709,recovered,customer_endpoint_down,False,none
EVT_002046,delivered,none,False,none
EVT_004137,failed,payload_too_large,False,reduce_payload
EVT_003257,recovered,invalid_signature,False,none
EVT_002369,failed,endpoint_deleted,False,contact_customer
EVT_003674,duplicate,duplicate_event,False,investigate_idempotency
EVT_001750,recovered,rate_limited,False,none
EVT_002587,recovered,customer_endpoint_down,False,none
EVT_004133,failed,payload_too_large,False,reduce_payload
EVT_002437,delivered,none,False,none
EVT_001718,recovered,malformed_response,False,none
EVT_001155,delivered,none,False,none
EVT_001412,failed,endpoint_deleted,False,contact_customer
EVT_000452,recovered,malformed_response,False,none
EVT_002577,delivered,none,False,none
EVT_003631,failed,endpoint_deleted,False,contact_customer
EVT_003708,failed,payload_too_large,False,reduce_payload
EVT_004320,failed,customer_endpoint_down,True,replay_after_fix
EVT_000416,delivered,none,False,none
EVT_000356,delivered,none,False,none
EVT_000755,failed,payload_too_large,False,reduce_payload
EVT_002236,failed,endpoint_deleted,False,contact_customer
EVT_002040,recovered,invalid_signature,False,none
EVT_001022,failed,endpoint_deleted,False,contact_customer
EVT_003059,failed,customer_endpoint_down,True,replay_after_fix
EVT_002255,failed,malformed_response,True,replay_after_fix
EVT_004962,failed,endpoint_deleted,False,contact_customer
EVT_003865,failed,endpoint_deleted,False,contact_customer
EVT_001463,recovered,customer_endpoint_down,False,none
EVT_003904,failed,customer_endpoint_down,True,replay_after_fix
EVT_004122,recovered,customer_endpoint_down,False,none
EVT_004973,recovered,customer_endpoint_down,False,none
EVT_004984,delivered,none,False,none
EVT_002213,failed,endpoint_deleted,False,contact_customer
EVT_000231,failed,customer_endpoint_down,True,replay_after_fix
EVT_000607,delivered,none,False,none
EVT_004242,failed,payload_too_large,False,reduce_payload
EVT_003378,recovered,rate_limited,False,none
EVT_002573,failed,endpoint_deleted,False,contact_customer
EVT_004067,recovered,invalid_signature,False,none
EVT_004234,failed,endpoint_deleted,False,contact_customer
EVT_004179,failed,payload_too_large,False,reduce_payload
EVT_004869,failed,endpoint_deleted,False,contact_customer
EVT_000105,failed,endpoint_deleted,False,contact_customer
EVT_000375,failed,malformed_response,True,replay_after_fix
EVT_000103,recovered,customer_endpoint_down,False,none
EVT_001665,delivered,none,False,none
EVT_002488,failed,payload_too_large,False,reduce_payload
EVT_001950,delivered,none,False,none
EVT_002170,failed,malformed_response,True,replay_after_fix
EVT_004879,recovered,customer_endpoint_down,False,none
EVT_002706,recovered,invalid_signature,False,none
EVT_003818,failed,payload_too_large,False,reduce_payload
EVT_002151,failed,endpoint_deleted,False,contact_customer
EVT_003005,delivered,none,False,none
EVT_001413,delivered,none,False,none
EVT_000206,failed,payload_too_large,False,reduce_payload
EVT_000102,failed,payload_too_large,False,reduce_payload
EVT_003688,failed,payload_too_large,False,reduce_payload
EVT_000493,delivered,none,False,none
EVT_001667,failed,payload_too_large,False,reduce_payload
EVT_002167,failed,payload_too_large,False,reduce_payload
EVT_003469,recovered,customer_endpoint_down,False,none
EVT_001589,recovered,malformed_response,False,none
EVT_000822,duplicate,duplicate_event,False,investigate_idempotency
EVT_000884,failed,payload_too_large,False,reduce_payload
EVT_001271,failed,payload_too_large,False,reduce_payload
EVT_004897,failed,payload_too_large,False,reduce_payload
EVT_003266,expired,customer_endpoint_down,False,notify_customer
EVT_003373,failed,payload_too_large,False,reduce_payload
EVT_001512,failed,payload_too_large,False,reduce_payload
EVT_000441,recovered,customer_endpoint_down,False,none
EVT_002757,recovered,customer_endpoint_down,False,none
EVT_004584,delivered,none,False,none
EVT_001983,failed,payload_too_large,False,reduce_payload
EVT_000744,failed,payload_too_large,False,reduce_payload
EVT_004276,failed,payload_too_large,False,reduce_payload
EVT_000462,failed,payload_too_large,False,reduce_payload
EVT_000756,failed,endpoint_deleted,False,contact_customer
EVT_001534,delivered,none,False,none
EVT_002456,failed,payload_too_large,False,reduce_payload
EVT_000946,failed,endpoint_deleted,False,contact_customer
EVT_000547,failed,payload_too_large,False,reduce_payload
EVT_003906,failed,payload_too_large,False,reduce_payload
EVT_002493,failed,payload_too_large,False,reduce_payload
EVT_003271,recovered,customer_endpoint_down,False,none
EVT_001158,failed,payload_too_large,False,reduce_payload
EVT_000021,failed,payload_too_large,False,reduce_payload
EVT_004486,failed,endpoint_deleted,False,contact_customer
EVT_004124,expired,customer_endpoint_down,False,notify_customer
EVT_001037,failed,endpoint_deleted,False,contact_customer
EVT_004128,recovered,rate_limited,False,none
EVT_000812,failed,payload_too_large,False,reduce_payload
EVT_004723,failed,payload_too_large,False,reduce_payload
EVT_000683,failed,customer_endpoint_down,True,replay_after_fix
EVT_004315,failed,endpoint_deleted,False,contact_customer
EVT_003204,recovered,rate_limited,False,none
EVT_002257,failed,endpoint_deleted,False,contact_customer
EVT_000689,failed,payload_too_large,False,reduce_payload
EVT_001071,failed,payload_too_large,False,reduce_payload
EVT_001572,expired,customer_endpoint_down,False,notify_customer
EVT_000058,delivered,none,False,none
EVT_003195,failed,payload_too_large,False,reduce_payload
EVT_000201,delivered,none,False,none
EVT_004498,recovered,customer_endpoint_down,False,none
EVT_000340,failed,endpoint_deleted,False,contact_customer
EVT_003626,delivered,none,False,none
EVT_003853,failed,endpoint_deleted,False,contact_customer
EVT_004602,failed,customer_endpoint_down,True,replay_after_fix
EVT_004382,duplicate,duplicate_event,False,investigate_idempotency
EVT_004754,failed,endpoint_deleted,False,contact_customer
EVT_004902,failed,customer_endpoint_down,True,replay_after_fix
EVT_002904,failed,endpoint_deleted,False,contact_customer
EVT_003967,failed,payload_too_large,False,reduce_payload
EVT_001649,failed,customer_endpoint_down,True,replay_after_fix
EVT_004888,delivered,none,False,none
EVT_001349,recovered,malformed_response,False,none
EVT_004245,recovered,customer_endpoint_down,False,none
EVT_002036,failed,payload_too_large,False,reduce_payload
EVT_003673,delivered,none,False,none
EVT_003047,failed,payload_too_large,False,reduce_payload
EVT_000411,failed,payload_too_large,False,reduce_payload
EVT_004547,delivered,none,False,none
EVT_003137,failed,payload_too_large,False,reduce_payload
EVT_000026,failed,endpoint_deleted,False,contact_customer
EVT_002943,failed,endpoint_deleted,False,contact_customer
EVT_001834,delivered,none,False,none
EVT_003396,failed,customer_endpoint_down,True,replay_after_fix
EVT_004468,failed,customer_endpoint_down,True,replay_after_fix
EVT_001533,recovered,customer_endpoint_down,False,none
EVT_003233,expired,customer_endpoint_down,False,notify_customer
EVT_002406,failed,payload_too_large,False,reduce_payload
EVT_004959,delivered,none,False,none
EVT_000266,failed,endpoint_deleted,False,contact_customer
EVT_004483,recovered,customer_endpoint_down,False,none
EVT_001858,recovered,customer_endpoint_down,False,none
EVT_001628,recovered,malformed_response,False,none
EVT_002855,delivered,none,False,none
EVT_002202,failed,endpoint_deleted,False,contact_customer
EVT_003419,recovered,rate_limited,False,none
EVT_000551,recovered,customer_endpoint_down,False,none
EVT_002509,failed,payload_too_large,False,reduce_payload
EVT_002274,failed,customer_endpoint_down,True,replay_after_fix
EVT_003948,failed,customer_endpoint_down,True,replay_after_fix
EVT_004683,failed,endpoint_deleted,False,contact_customer
EVT_000035,delivered,none,False,none
EVT_003055,failed,endpoint_deleted,False,contact_customer
EVT_002580,failed,payload_too_large,False,reduce_payload
EVT_002936,recovered,malformed_response,False,none
EVT_000426,recovered,rate_limited,False,none
EVT_001599,failed,payload_too_large,False,reduce_payload
EVT_000108,failed,payload_too_large,False,reduce_payload
EVT_003382,failed,payload_too_large,False,reduce_payload
EVT_001368,recovered,customer_endpoint_down,False,none
EVT_000570,failed,payload_too_large,False,reduce_payload
EVT_000008,recovered,rate_limited,False,none
EVT_003210,failed,customer_endpoint_down,True,replay_after_fix
EVT_002319,failed,payload_too_large,False,reduce_payload
EVT_002261,recovered,customer_endpoint_down,False,none
EVT_002723,expired,customer_endpoint_down,False,notify_customer
EVT_001236,failed,endpoint_deleted,False,contact_customer
EVT_000939,failed,endpoint_deleted,False,contact_customer
EVT_000015,failed,endpoint_deleted,False,contact_customer
EVT_004370,failed,customer_endpoint_down,True,replay_after_fix
EVT_004911,failed,endpoint_deleted,False,contact_customer
EVT_003747,delivered,none,False,none
EVT_004639,recovered,customer_endpoint_down,False,none
EVT_004886,delivered,none,False,none
EVT_000932,failed,customer_endpoint_down,True,replay_after_fix
EVT_000638,failed,payload_too_large,False,reduce_payload
EVT_003728,recovered,rate_limited,False,none
EVT_000808,failed,customer_endpoint_down,True,replay_after_fix
EVT_000239,failed,endpoint_deleted,False,contact_customer
EVT_002711,failed,endpoint_deleted,False,contact_customer
EVT_002755,delivered,none,False,none
EVT_000272,recovered,customer_endpoint_down,False,none
EVT_004407,failed,endpoint_deleted,False,contact_customer
EVT_001315,failed,malformed_response,True,replay_after_fix
EVT_001064,delivered,none,False,none
EVT_004283,recovered,customer_endpoint_down,False,none
EVT_001105,failed,endpoint_deleted,False,contact_customer
EVT_000318,recovered,invalid_signature,False,none
EVT_004651,delivered,none,False,none
EVT_003649,failed,payload_too_large,False,reduce_payload
EVT_004144,recovered,customer_endpoint_down,False,none
EVT_002543,failed,payload_too_large,False,reduce_payload
EVT_001725,failed,payload_too_large,False,reduce_payload
EVT_000973,failed,payload_too_large,False,reduce_payload
EVT_003837,failed,payload_too_large,False,reduce_payload
EVT_000253,failed,endpoint_deleted,False,contact_customer
EVT_001773,failed,endpoint_deleted,False,contact_customer
EVT_001265,failed,payload_too_large,False,reduce_payload
EVT_002455,failed,endpoint_deleted,False,contact_customer
EVT_001151,failed,payload_too_large,False,reduce_payload
EVT_004589,duplicate,duplicate_event,False,investigate_idempotency
EVT_001560,recovered,customer_endpoint_down,False,none
EVT_000309,failed,endpoint_deleted,False,contact_customer
EVT_000348,recovered,customer_endpoint_down,False,none
EVT_002133,failed,payload_too_large,False,reduce_payload
EVT_004480,failed,endpoint_deleted,False,contact_customer
EVT_002977,recovered,malformed_response,False,none
EVT_004525,failed,endpoint_deleted,False,contact_customer
EVT_003290,failed,endpoint_deleted,False,contact_customer
EVT_001705,failed,payload_too_large,False,reduce_payload
EVT_000296,failed,payload_too_large,False,reduce_payload
EVT_001325,delivered,none,False,none
EVT_001050,recovered,invalid_signature,False,none
EVT_004941,delivered,none,False,none
EVT_000494,delivered,none,False,none
EVT_003701,failed,payload_too_large,False,reduce_payload
EVT_002928,failed,endpoint_deleted,False,contact_customer
EVT_003191,failed,endpoint_deleted,False,contact_customer
EVT_004087,failed,payload_too_large,False,reduce_payload
EVT_002625,failed,endpoint_deleted,False,contact_customer
EVT_003013,failed,payload_too_large,False,reduce_payload
EVT_003527,failed,endpoint_deleted,False,contact_customer
EVT_004410,failed,customer_endpoint_down,True,replay_after_fix
EVT_000341,delivered,none,False,none
EVT_003744,failed,payload_too_large,False,reduce_payload
EVT_002631,failed,customer_endpoint_down,True,replay_after_fix
EVT_001466,expired,customer_endpoint_down,False,notify_customer
EVT_000780,failed,payload_too_large,False,reduce_payload
EVT_003213,failed,payload_too_large,False,reduce_payload
EVT_001661,delivered,none,False,none
EVT_003345,failed,endpoint_deleted,False,contact_customer
EVT_004856,delivered,none,False,none
EVT_004739,failed,payload_too_large,False,reduce_payload
EVT_000275,delivered,none,False,none
EVT_004596,recovered,customer_endpoint_down,False,none
EVT_000285,failed,endpoint_deleted,False,contact_customer
EVT_000262,delivered,none,False,none
EVT_002835,failed,payload_too_large,False,reduce_payload
EVT_001734,failed,payload_too_large,False,reduce_payload
EVT_002653,failed,customer_endpoint_down,True,replay_after_fix
EVT_003690,failed,customer_endpoint_down,True,replay_after_fix
EVT_001529,failed,payload_too_large,False,reduce_payload
EVT_003770,failed,endpoint_deleted,False,contact_customer
EVT_001015,recovered,customer_endpoint_down,False,none
EVT_003590,recovered,invalid_signature,False,none
EVT_003814,recovered,rate_limited,False,none
EVT_004753,failed,endpoint_deleted,False,contact_customer
EVT_000731,failed,customer_endpoint_down,True,replay_after_fix
EVT_004942,failed,endpoint_deleted,False,contact_customer
EVT_001712,recovered,customer_endpoint_down,False,none
EVT_004878,failed,endpoint_deleted,False,contact_customer
EVT_000949,failed,payload_too_large,False,reduce_payload
EVT_003857,delivered,none,False,none
EVT_004053,recovered,rate_limited,False,none
EVT_004611,failed,payload_too_large,False,reduce_payload
EVT_004803,recovered,customer_endpoint_down,False,none
EVT_002182,failed,payload_too_large,False,reduce_payload
EVT_000237,failed,endpoint_deleted,False,contact_customer
EVT_004296,recovered,invalid_signature,False,none
EVT_004511,delivered,none,False,none
EVT_004858,failed,payload_too_large,False,reduce_payload
EVT_003429,recovered,customer_endpoint_down,False,none
EVT_002149,failed,payload_too_large,False,reduce_payload
EVT_003599,failed,payload_too_large,False,reduce_payload
EVT_004431,delivered,none,False,none
EVT_002340,failed,endpoint_deleted,False,contact_customer
EVT_001336,delivered,none,False,none
EVT_000014,failed,payload_too_large,False,reduce_payload
EVT_003126,recovered,customer_endpoint_down,False,none
EVT_004535,recovered,invalid_signature,False,none
EVT_000984,failed,customer_endpoint_down,True,replay_after_fix
EVT_002017,failed,payload_too_large,False,reduce_payload
EVT_001538,failed,endpoint_deleted,False,contact_customer
EVT_003668,failed,payload_too_large,False,reduce_payload
EVT_001289,duplicate,duplicate_event,False,investigate_idempotency
EVT_003778,recovered,customer_endpoint_down,False,none
EVT_004134,recovered,rate_limited,False,none
EVT_001527,recovered,customer_endpoint_down,False,none
EVT_002464,recovered,rate_limited,False,none
EVT_001106,failed,customer_endpoint_down,True,replay_after_fix
EVT_002869,recovered,invalid_signature,False,none
EVT_003952,failed,payload_too_large,False,reduce_payload
EVT_004224,failed,payload_too_large,False,reduce_payload
EVT_000546,recovered,customer_endpoint_down,False,none
EVT_003662,failed,payload_too_large,False,reduce_payload
EVT_003162,recovered,customer_endpoint_down,False,none
EVT_003157,failed,payload_too_large,False,reduce_payload
EVT_004556,failed,endpoint_deleted,False,contact_customer
EVT_001003,expired,customer_endpoint_down,False,notify_customer
EVT_002531,failed,endpoint_deleted,False,contact_customer
EVT_003405,failed,payload_too_large,False,reduce_payload
EVT_000079,failed,payload_too_large,False,reduce_payload
EVT_000593,recovered,rate_limited,False,none
EVT_003086,expired,customer_endpoint_down,False,notify_customer
EVT_003987,failed,payload_too_large,False,reduce_payload
EVT_003555,failed,payload_too_large,False,reduce_payload
EVT_003748,failed,customer_endpoint_down,True,replay_after_fix
EVT_003968,delivered,none,False,none
EVT_003207,recovered,customer_endpoint_down,False,none
EVT_002542,failed,endpoint_deleted,False,contact_customer
EVT_004334,failed,payload_too_large,False,reduce_payload
EVT_004668,failed,payload_too_large,False,reduce_payload
EVT_001468,failed,endpoint_deleted,False,contact_customer
EVT_004577,recovered,invalid_signature,False,none
EVT_000630,failed,payload_too_large,False,reduce_payload
EVT_004223,failed,endpoint_deleted,False,contact_customer
EVT_003900,recovered,invalid_signature,False,none
EVT_002447,delivered,none,False,none
EVT_003284,recovered,invalid_signature,False,none
EVT_002108,delivered,none,False,none
EVT_001868,expired,customer_endpoint_down,False,notify_customer
EVT_004402,failed,endpoint_deleted,False,contact_customer
EVT_003372,failed,payload_too_large,False,reduce_payload
EVT_004830,failed,payload_too_large,False,reduce_payload
EVT_000629,recovered,customer_endpoint_down,False,none
EVT_001449,failed,customer_endpoint_down,True,replay_after_fix
EVT_004286,failed,endpoint_deleted,False,contact_customer
EVT_002829,recovered,customer_endpoint_down,False,none
EVT_000730,failed,payload_too_large,False,reduce_payload
EVT_001055,failed,endpoint_deleted,False,contact_customer
EVT_002795,failed,payload_too_large,False,reduce_payload
EVT_004710,failed,payload_too_large,False,reduce_payload
EVT_004852,failed,payload_too_large,False,reduce_payload
EVT_001205,failed,endpoint_deleted,False,contact_customer
EVT_004719,failed,payload_too_large,False,reduce_payload
EVT_002355,recovered,customer_endpoint_down,False,none
EVT_003655,failed,customer_endpoint_down,True,replay_after_fix
EVT_001263,failed,payload_too_large,False,reduce_payload
EVT_003058,failed,payload_too_large,False,reduce_payload
EVT_003710,failed,endpoint_deleted,False,contact_customer
EVT_003732,expired,customer_endpoint_down,False,notify_customer
EVT_004448,recovered,rate_limited,False,none
EVT_000923,failed,endpoint_deleted,False,contact_customer
EVT_003206,failed,customer_endpoint_down,True,replay_after_fix
EVT_002641,failed,payload_too_large,False,reduce_payload
EVT_004066,delivered,none,False,none
EVT_001946,failed,malformed_response,True,replay_after_fix
EVT_001206,failed,payload_too_large,False,reduce_payload
EVT_000709,failed,malformed_response,True,replay_after_fix
EVT_004784,failed,endpoint_deleted,False,contact_customer
EVT_004096,recovered,customer_endpoint_down,False,none
EVT_002751,recovered,customer_endpoint_down,False,none
EVT_003205,failed,endpoint_deleted,False,contact_customer
EVT_000712,failed,endpoint_deleted,False,contact_customer
EVT_003934,delivered,none,False,none
EVT_003155,recovered,malformed_response,False,none
EVT_001810,failed,payload_too_large,False,reduce_payload
EVT_003226,recovered,customer_endpoint_down,False,none
EVT_003420,failed,endpoint_deleted,False,contact_customer
EVT_003657,failed,payload_too_large,False,reduce_payload
EVT_001310,expired,customer_endpoint_down,False,notify_customer
EVT_000726,failed,payload_too_large,False,reduce_payload
EVT_004946,recovered,customer_endpoint_down,False,none
EVT_004232,recovered,customer_endpoint_down,False,none
EVT_004275,recovered,customer_endpoint_down,False,none
EVT_000609,failed,customer_endpoint_down,True,replay_after_fix
EVT_003752,failed,payload_too_large,False,reduce_payload
EVT_003354,failed,endpoint_deleted,False,contact_customer
EVT_004478,recovered,customer_endpoint_down,False,none
EVT_001720,recovered,customer_endpoint_down,False,none
EVT_001362,failed,endpoint_deleted,False,contact_customer
EVT_003793,delivered,none,False,none
EVT_003049,failed,payload_too_large,False,reduce_payload
EVT_004199,failed,payload_too_large,False,reduce_payload
EVT_004533,failed,payload_too_large,False,reduce_payload
EVT_000936,duplicate,duplicate_event,False,investigate_idempotency
EVT_003966,failed,payload_too_large,False,reduce_payload
EVT_003459,recovered,rate_limited,False,none
EVT_000934,failed,payload_too_large,False,reduce_payload
EVT_000066,failed,payload_too_large,False,reduce_payload
EVT_004542,failed,endpoint_deleted,False,contact_customer
EVT_004405,failed,customer_endpoint_down,True,replay_after_fix
EVT_000346,recovered,malformed_response,False,none
EVT_002981,delivered,none,False,none
EVT_000794,failed,payload_too_large,False,reduce_payload
EVT_003709,failed,customer_endpoint_down,True,replay_after_fix
EVT_003938,failed,payload_too_large,False,reduce_payload
EVT_000370,failed,payload_too_large,False,reduce_payload
EVT_002178,failed,endpoint_deleted,False,contact_customer
EVT_002941,delivered,none,False,none
EVT_000885,delivered,none,False,none
EVT_003670,failed,payload_too_large,False,reduce_payload
EVT_000087,recovered,customer_endpoint_down,False,none
EVT_000758,delivered,none,False,none
EVT_002475,failed,endpoint_deleted,False,contact_customer
EVT_002197,failed,endpoint_deleted,False,contact_customer
EVT_002715,expired,customer_endpoint_down,False,notify_customer
EVT_002656,delivered,none,False,none
EVT_002541,failed,payload_too_large,False,reduce_payload
EVT_003494,failed,payload_too_large,False,reduce_payload
EVT_002043,failed,payload_too_large,False,reduce_payload
EVT_003401,delivered,none,False,none
EVT_003033,failed,payload_too_large,False,reduce_payload
EVT_004712,recovered,malformed_response,False,none
EVT_002736,failed,payload_too_large,False,reduce_payload
EVT_002710,failed,endpoint_deleted,False,contact_customer
EVT_002718,failed,payload_too_large,False,reduce_payload
EVT_004655,delivered,none,False,none
EVT_003450,delivered,none,False,none
EVT_000304,recovered,invalid_signature,False,none
EVT_003417,failed,payload_too_large,False,reduce_payload
EVT_003270,failed,payload_too_large,False,reduce_payload
EVT_000059,failed,endpoint_deleted,False,contact_customer
EVT_004058,failed,payload_too_large,False,reduce_payload
EVT_002556,failed,payload_too_large,False,reduce_payload
EVT_001733,failed,payload_too_large,False,reduce_payload
EVT_003315,failed,payload_too_large,False,reduce_payload
EVT_003831,failed,customer_endpoint_down,True,replay_after_fix
EVT_002562,recovered,customer_endpoint_down,False,none
EVT_002984,delivered,none,False,none
EVT_001481,recovered,customer_endpoint_down,False,none
EVT_001611,delivered,none,False,none
EVT_004716,recovered,invalid_signature,False,none
EVT_002903,failed,endpoint_deleted,False,contact_customer
EVT_004194,failed,customer_endpoint_down,True,replay_after_fix
EVT_000369,failed,endpoint_deleted,False,contact_customer
EVT_003910,recovered,rate_limited,False,none
EVT_004964,failed,payload_too_large,False,reduce_payload
EVT_002761,failed,endpoint_deleted,False,contact_customer
EVT_000992,recovered,customer_endpoint_down,False,none
EVT_001097,delivered,none,False,none
EVT_002635,failed,endpoint_deleted,False,contact_customer
EVT_001703,failed,customer_endpoint_down,True,replay_after_fix
EVT_003661,delivered,none,False,none
EVT_004461,failed,payload_too_large,False,reduce_payload
EVT_002105,delivered,none,False,none
EVT_001922,failed,payload_too_large,False,reduce_payload
EVT_003698,failed,payload_too_large,False,reduce_payload
EVT_003127,delivered,none,False,none
EVT_004721,recovered,invalid_signature,False,none
EVT_003101,failed,endpoint_deleted,False,contact_customer
EVT_001306,recovered,customer_endpoint_down,False,none
EVT_000331,failed,payload_too_large,False,reduce_payload
EVT_001177,failed,endpoint_deleted,False,contact_customer
EVT_003914,duplicate,duplicate_event,False,investigate_idempotency
EVT_000669,failed,payload_too_large,False,reduce_payload
EVT_004024,expired,customer_endpoint_down,False,notify_customer
EVT_003984,expired,customer_endpoint_down,False,notify_customer
EVT_002918,failed,payload_too_large,False,reduce_payload
EVT_002875,recovered,invalid_signature,False,none
EVT_003481,recovered,invalid_signature,False,none
EVT_004877,failed,endpoint_deleted,False,contact_customer
EVT_002118,failed,payload_too_large,False,reduce_payload
EVT_003604,recovered,customer_endpoint_down,False,none
EVT_003306,recovered,rate_limited,False,none
EVT_003227,failed,payload_too_large,False,reduce_payload
EVT_002760,duplicate,duplicate_event,False,investigate_idempotency
EVT_004645,failed,payload_too_large,False,reduce_payload
EVT_002648,failed,customer_endpoint_down,True,replay_after_fix
EVT_003874,failed,payload_too_large,False,reduce_payload
EVT_001656,recovered,customer_endpoint_down,False,none
EVT_001479,recovered,customer_endpoint_down,False,none
EVT_000678,failed,customer_endpoint_down,True,replay_after_fix
EVT_000367,recovered,invalid_signature,False,none
EVT_003133,failed,payload_too_large,False,reduce_payload
EVT_000434,failed,payload_too_large,False,reduce_payload
EVT_001099,failed,payload_too_large,False,reduce_payload
EVT_002054,failed,payload_too_large,False,reduce_payload
EVT_002649,failed,payload_too_large,False,reduce_payload
EVT_001981,failed,payload_too_large,False,reduce_payload
EVT_003997,failed,endpoint_deleted,False,contact_customer
EVT_000385,recovered,customer_endpoint_down,False,none
EVT_002402,failed,payload_too_large,False,reduce_payload
EVT_002540,recovered,customer_endpoint_down,False,none
EVT_002470,failed,payload_too_large,False,reduce_payload
EVT_000995,failed,customer_endpoint_down,True,replay_after_fix
EVT_001196,failed,customer_endpoint_down,True,replay_after_fix
EVT_000143,failed,customer_endpoint_down,True,replay_after_fix
EVT_000443,expired,customer_endpoint_down,False,notify_customer
EVT_003524,delivered,none,False,none
EVT_000043,failed,endpoint_deleted,False,contact_customer
EVT_003371,failed,endpoint_deleted,False,contact_customer
EVT_003514,failed,customer_endpoint_down,True,replay_after_fix
EVT_003181,failed,endpoint_deleted,False,contact_customer
EVT_001332,failed,endpoint_deleted,False,contact_customer
EVT_003403,recovered,malformed_response,False,none
EVT_003409,failed,payload_too_large,False,reduce_payload
EVT_003983,delivered,none,False,none
EVT_000522,failed,customer_endpoint_down,True,replay_after_fix
EVT_003687,expired,customer_endpoint_down,False,notify_customer
EVT_002378,delivered,none,False,none
EVT_004336,recovered,rate_limited,False,none
EVT_002902,failed,payload_too_large,False,reduce_payload
EVT_001451,failed,endpoint_deleted,False,contact_customer
EVT_004167,recovered,customer_endpoint_down,False,none
EVT_000986,failed,payload_too_large,False,reduce_payload
EVT_001680,recovered,customer_endpoint_down,False,none
EVT_003899,delivered,none,False,none
EVT_003648,failed,payload_too_large,False,reduce_payload
EVT_002241,failed,payload_too_large,False,reduce_payload
EVT_004243,failed,endpoint_deleted,False,contact_customer
EVT_004527,failed,payload_too_large,False,reduce_payload
EVT_000053,failed,payload_too_large,False,reduce_payload
EVT_003735,failed,endpoint_deleted,False,contact_customer
EVT_003689,recovered,customer_endpoint_down,False,none
EVT_004433,recovered,invalid_signature,False,none
EVT_002836,failed,payload_too_large,False,reduce_payload
EVT_002028,failed,payload_too_large,False,reduce_payload
EVT_004036,recovered,customer_endpoint_down,False,none
EVT_001537,recovered,customer_endpoint_down,False,none
EVT_004084,delivered,none,False,none
EVT_001420,failed,endpoint_deleted,False,contact_customer
EVT_000625,failed,payload_too_large,False,reduce_payload
EVT_000837,failed,malformed_response,True,replay_after_fix
EVT_003347,delivered,none,False,none
EVT_000972,failed,payload_too_large,False,reduce_payload
EVT_004996,delivered,none,False,none
EVT_002960,failed,customer_endpoint_down,True,replay_after_fix
EVT_004823,failed,customer_endpoint_down,True,replay_after_fix
EVT_000733,failed,customer_endpoint_down,True,replay_after_fix
EVT_000685,recovered,customer_endpoint_down,False,none
EVT_002333,failed,endpoint_deleted,False,contact_customer
EVT_000896,recovered,malformed_response,False,none
EVT_001035,recovered,malformed_response,False,none
EVT_000545,failed,payload_too_large,False,reduce_payload
EVT_002341,recovered,malformed_response,False,none
EVT_001571,recovered,invalid_signature,False,none
EVT_003145,failed,endpoint_deleted,False,contact_customer
EVT_000583,failed,endpoint_deleted,False,contact_customer
EVT_004722,delivered,none,False,none
EVT_002900,failed,payload_too_large,False,reduce_payload
EVT_003810,recovered,customer_endpoint_down,False,none
EVT_004565,failed,payload_too_large,False,reduce_payload
EVT_003332,failed,endpoint_deleted,False,contact_customer
EVT_003025,failed,payload_too_large,False,reduce_payload
EVT_000876,duplicate,duplicate_event,False,investigate_idempotency
EVT_004211,delivered,none,False,none
EVT_001052,failed,customer_endpoint_down,True,replay_after_fix
EVT_003486,failed,endpoint_deleted,False,contact_customer
EVT_001339,failed,payload_too_large,False,reduce_payload
EVT_003921,duplicate,duplicate_event,False,investigate_idempotency
EVT_004136,recovered,invalid_signature,False,none
EVT_004272,recovered,customer_endpoint_down,False,none
EVT_004874,failed,endpoint_deleted,False,contact_customer
EVT_000140,delivered,none,False,none
EVT_002674,failed,endpoint_deleted,False,contact_customer
EVT_004893,failed,endpoint_deleted,False,contact_customer
EVT_002637,failed,payload_too_large,False,reduce_payload
EVT_001716,recovered,customer_endpoint_down,False,none
EVT_003600,recovered,customer_endpoint_down,False,none
EVT_002743,failed,endpoint_deleted,False,contact_customer
EVT_000926,failed,customer_endpoint_down,True,replay_after_fix
EVT_001467,failed,customer_endpoint_down,True,replay_after_fix
EVT_004770,failed,endpoint_deleted,False,contact_customer
EVT_003342,recovered,customer_endpoint_down,False,none
EVT_003156,failed,customer_endpoint_down,True,replay_after_fix
EVT_001686,recovered,invalid_signature,False,none
EVT_001759,recovered,customer_endpoint_down,False,none
EVT_002841,failed,payload_too_large,False,reduce_payload
EVT_002701,delivered,none,False,none
EVT_001190,failed,customer_endpoint_down,True,replay_after_fix
EVT_003278,failed,endpoint_deleted,False,contact_customer
EVT_000724,failed,endpoint_deleted,False,contact_customer
EVT_000658,failed,endpoint_deleted,False,contact_customer
EVT_004694,expired,customer_endpoint_down,False,notify_customer
EVT_004112,failed,customer_endpoint_down,True,replay_after_fix
EVT_001882,duplicate,duplicate_event,False,investigate_idempotency
EVT_000595,recovered,customer_endpoint_down,False,none
EVT_000760,delivered,none,False,none
EVT_000823,recovered,customer_endpoint_down,False,none
EVT_000920,failed,payload_too_large,False,reduce_payload
EVT_004521,failed,payload_too_large,False,reduce_payload
EVT_003577,failed,endpoint_deleted,False,contact_customer
EVT_004189,recovered,customer_endpoint_down,False,none
EVT_004153,failed,payload_too_large,False,reduce_payload
EVT_001188,recovered,invalid_signature,False,none
EVT_004269,failed,customer_endpoint_down,True,replay_after_fix
EVT_002690,failed,customer_endpoint_down,True,replay_after_fix
EVT_000472,failed,payload_too_large,False,reduce_payload
EVT_004327,recovered,invalid_signature,False,none
EVT_003410,failed,payload_too_large,False,reduce_payload
EVT_002975,duplicate,duplicate_event,False,investigate_idempotency
EVT_001378,failed,endpoint_deleted,False,contact_customer
EVT_000667,expired,customer_endpoint_down,False,notify_customer
EVT_003386,failed,endpoint_deleted,False,contact_customer
EVT_000602,recovered,customer_endpoint_down,False,none
EVT_003275,failed,endpoint_deleted,False,contact_customer
EVT_001895,failed,endpoint_deleted,False,contact_customer
EVT_004678,failed,payload_too_large,False,reduce_payload
EVT_004816,delivered,none,False,none
EVT_000948,recovered,malformed_response,False,none
EVT_004684,failed,customer_endpoint_down,True,replay_after_fix
EVT_001676,failed,payload_too_large,False,reduce_payload
EVT_004553,failed,endpoint_deleted,False,contact_customer
EVT_001426,delivered,none,False,none
EVT_001901,failed,endpoint_deleted,False,contact_customer
EVT_003929,failed,endpoint_deleted,False,contact_customer
EVT_004264,failed,payload_too_large,False,reduce_payload
EVT_003422,failed,payload_too_large,False,reduce_payload
EVT_004411,failed,payload_too_large,False,reduce_payload
EVT_001491,recovered,invalid_signature,False,none
EVT_004563,delivered,none,False,none
EVT_003839,failed,customer_endpoint_down,True,replay_after_fix
EVT_004932,recovered,customer_endpoint_down,False,none
EVT_001411,recovered,invalid_signature,False,none
EVT_000068,recovered,invalid_signature,False,none
EVT_000842,delivered,none,False,none
EVT_002298,recovered,customer_endpoint_down,False,none
EVT_000914,failed,endpoint_deleted,False,contact_customer
EVT_003222,failed,payload_too_large,False,reduce_payload
EVT_003647,recovered,rate_limited,False,none
EVT_001392,failed,payload_too_large,False,reduce_payload
EVT_001437,failed,payload_too_large,False,reduce_payload
EVT_000425,failed,payload_too_large,False,reduce_payload
EVT_001783,failed,payload_too_large,False,reduce_payload
EVT_000622,failed,endpoint_deleted,False,contact_customer
EVT_004387,failed,payload_too_large,False,reduce_payload
EVT_002708,failed,payload_too_large,False,reduce_payload
EVT_002084,failed,payload_too_large,False,reduce_payload
EVT_001475,failed,payload_too_large,False,reduce_payload
EVT_004943,failed,payload_too_large,False,reduce_payload
EVT_001239,failed,payload_too_large,False,reduce_payload
EVT_002817,failed,endpoint_deleted,False,contact_customer
EVT_000154,failed,payload_too_large,False,reduce_payload
EVT_004070,recovered,customer_endpoint_down,False,none
EVT_000221,failed,endpoint_deleted,False,contact_customer
EVT_004579,failed,payload_too_large,False,reduce_payload
EVT_000401,failed,payload_too_large,False,reduce_payload
EVT_004026,recovered,customer_endpoint_down,False,none
EVT_003652,failed,payload_too_large,False,reduce_payload
EVT_001939,failed,endpoint_deleted,False,contact_customer
EVT_000515,delivered,none,False,none
EVT_002774,failed,payload_too_large,False,reduce_payload
EVT_004040,failed,endpoint_deleted,False,contact_customer
EVT_000491,delivered,none,False,none
EVT_001624,failed,customer_endpoint_down,True,replay_after_fix
EVT_002607,failed,payload_too_large,False,reduce_payload
EVT_001186,failed,malformed_response,True,replay_after_fix
EVT_001701,delivered,none,False,none
EVT_004503,failed,payload_too_large,False,reduce_payload
EVT_002793,failed,payload_too_large,False,reduce_payload
EVT_002184,failed,endpoint_deleted,False,contact_customer
EVT_001758,recovered,customer_endpoint_down,False,none
EVT_002154,delivered,none,False,none
EVT_003374,failed,payload_too_large,False,reduce_payload
EVT_004688,failed,payload_too_large,False,reduce_payload
EVT_002578,delivered,none,False,none
EVT_004508,expired,customer_endpoint_down,False,notify_customer
EVT_004365,recovered,rate_limited,False,none
EVT_004145,delivered,none,False,none
EVT_002229,failed,payload_too_large,False,reduce_payload
EVT_004927,delivered,none,False,none
EVT_000957,failed,payload_too_large,False,reduce_payload
EVT_002380,failed,endpoint_deleted,False,contact_customer
EVT_004979,failed,payload_too_large,False,reduce_payload
EVT_003502,failed,payload_too_large,False,reduce_payload
EVT_000904,recovered,customer_endpoint_down,False,none
EVT_001501,failed,endpoint_deleted,False,contact_customer
EVT_001193,recovered,invalid_signature,False,none
EVT_002388,failed,endpoint_deleted,False,contact_customer
EVT_002646,failed,payload_too_large,False,reduce_payload
EVT_003392,failed,payload_too_large,False,reduce_payload
EVT_001084,delivered,none,False,none
EVT_003039,failed,endpoint_deleted,False,contact_customer
EVT_000947,failed,payload_too_large,False,reduce_payload
EVT_004307,delivered,none,False,none
EVT_004731,failed,malformed_response,True,replay_after_fix
EVT_001648,failed,payload_too_large,False,reduce_payload
EVT_000639,recovered,customer_endpoint_down,False,none
EVT_000897,recovered,customer_endpoint_down,False,none
EVT_001232,recovered,rate_limited,False,none
EVT_003610,failed,endpoint_deleted,False,contact_customer
EVT_000344,delivered,none,False,none
EVT_001923,failed,payload_too_large,False,reduce_payload
EVT_000256,failed,customer_endpoint_down,True,replay_after_fix
EVT_004677,recovered,invalid_signature,False,none
EVT_002394,failed,endpoint_deleted,False,contact_customer
EVT_001364,recovered,rate_limited,False,none
EVT_001040,failed,payload_too_large,False,reduce_payload
EVT_004277,failed,endpoint_deleted,False,contact_customer
EVT_000871,recovered,invalid_signature,False,none
EVT_000437,failed,payload_too_large,False,reduce_payload
EVT_003518,recovered,rate_limited,False,none
EVT_003832,failed,payload_too_large,False,reduce_payload
EVT_004796,failed,payload_too_large,False,reduce_payload
EVT_002343,failed,endpoint_deleted,False,contact_customer
EVT_002452,failed,payload_too_large,False,reduce_payload
EVT_004965,delivered,none,False,none
EVT_003992,failed,payload_too_large,False,reduce_payload
EVT_001832,failed,payload_too_large,False,reduce_payload
EVT_001375,recovered,rate_limited,False,none
EVT_000928,failed,payload_too_large,False,reduce_payload
EVT_004398,failed,payload_too_large,False,reduce_payload
EVT_003433,recovered,invalid_signature,False,none
EVT_000315,failed,customer_endpoint_down,True,replay_after_fix
EVT_001904,failed,malformed_response,True,replay_after_fix
EVT_001540,failed,endpoint_deleted,False,contact_customer
EVT_002327,recovered,customer_endpoint_down,False,none
EVT_004892,failed,payload_too_large,False,reduce_payload
EVT_003794,failed,endpoint_deleted,False,contact_customer
EVT_000951,failed,malformed_response,True,replay_after_fix
EVT_003658,failed,endpoint_deleted,False,contact_customer
EVT_000280,failed,payload_too_large,False,reduce_payload
EVT_000224,delivered,none,False,none
EVT_004077,failed,endpoint_deleted,False,contact_customer
EVT_001988,failed,payload_too_large,False,reduce_payload
EVT_004337,recovered,customer_endpoint_down,False,none
EVT_002223,recovered,customer_endpoint_down,False,none
EVT_003683,failed,endpoint_deleted,False,contact_customer
EVT_002171,recovered,malformed_response,False,none
EVT_000634,duplicate,duplicate_event,False,investigate_idempotency
EVT_004797,recovered,customer_endpoint_down,False,none
EVT_002134,expired,customer_endpoint_down,False,notify_customer
EVT_003000,recovered,customer_endpoint_down,False,none
EVT_004675,failed,customer_endpoint_down,True,replay_after_fix
EVT_000111,delivered,none,False,none
EVT_001891,delivered,none,False,none
EVT_002608,recovered,customer_endpoint_down,False,none
EVT_001617,failed,customer_endpoint_down,True,replay_after_fix
EVT_004717,expired,customer_endpoint_down,False,notify_customer
EVT_001086,delivered,none,False,none
EVT_004829,failed,payload_too_large,False,reduce_payload
EVT_003902,delivered,none,False,none
EVT_000815,failed,customer_endpoint_down,True,replay_after_fix
EVT_002491,failed,payload_too_large,False,reduce_payload
EVT_000655,failed,endpoint_deleted,False,contact_customer
EVT_000512,failed,customer_endpoint_down,True,replay_after_fix
EVT_000474,recovered,invalid_signature,False,none
EVT_004835,expired,customer_endpoint_down,False,notify_customer
EVT_001879,failed,payload_too_large,False,reduce_payload
EVT_004601,delivered,none,False,none
EVT_000952,failed,endpoint_deleted,False,contact_customer
EVT_004408,failed,payload_too_large,False,reduce_payload
EVT_002391,failed,payload_too_large,False,reduce_payload
EVT_003702,failed,payload_too_large,False,reduce_payload
EVT_004841,recovered,customer_endpoint_down,False,none
EVT_004400,duplicate,duplicate_event,False,investigate_idempotency
EVT_003318,failed,payload_too_large,False,reduce_payload
EVT_000067,failed,payload_too_large,False,reduce_payload
EVT_003834,recovered,customer_endpoint_down,False,none
EVT_004923,recovered,invalid_signature,False,none
EVT_000144,delivered,none,False,none
EVT_004440,failed,payload_too_large,False,reduce_payload
EVT_001896,failed,payload_too_large,False,reduce_payload
EVT_000040,failed,endpoint_deleted,False,contact_customer
EVT_001032,failed,payload_too_large,False,reduce_payload
EVT_003119,recovered,customer_endpoint_down,False,none
EVT_002862,failed,customer_endpoint_down,True,replay_after_fix
EVT_003602,failed,endpoint_deleted,False,contact_customer
EVT_000924,failed,endpoint_deleted,False,contact_customer
EVT_001139,duplicate,duplicate_event,False,investigate_idempotency
EVT_003629,expired,customer_endpoint_down,False,notify_customer
EVT_002331,failed,endpoint_deleted,False,contact_customer
EVT_000405,failed,payload_too_large,False,reduce_payload
EVT_000902,delivered,none,False,none
EVT_001945,delivered,none,False,none
EVT_004995,failed,customer_endpoint_down,True,replay_after_fix
EVT_002610,failed,payload_too_large,False,reduce_payload
EVT_002554,delivered,none,False,none
EVT_003457,delivered,none,False,none
EVT_002025,failed,endpoint_deleted,False,contact_customer
EVT_001852,failed,payload_too_large,False,reduce_payload
EVT_001458,failed,payload_too_large,False,reduce_payload
EVT_001072,recovered,customer_endpoint_down,False,none
EVT_001610,failed,endpoint_deleted,False,contact_customer
EVT_001916,failed,payload_too_large,False,reduce_payload
EVT_001636,recovered,customer_endpoint_down,False,none
EVT_003400,recovered,customer_endpoint_down,False,none
EVT_000219,recovered,customer_endpoint_down,False,none
EVT_000018,failed,payload_too_large,False,reduce_payload
EVT_003707,failed,payload_too_large,False,reduce_payload
EVT_001208,failed,endpoint_deleted,False,contact_customer
EVT_001298,delivered,none,False,none
EVT_004903,recovered,customer_endpoint_down,False,none
EVT_002951,failed,endpoint_deleted,False,contact_customer
EVT_002593,failed,payload_too_large,False,reduce_payload
EVT_002192,failed,customer_endpoint_down,True,replay_after_fix
EVT_004322,recovered,rate_limited,False,none
EVT_002778,failed,customer_endpoint_down,True,replay_after_fix
EVT_000228,recovered,invalid_signature,False,none
EVT_004241,recovered,rate_limited,False,none
EVT_003030,recovered,rate_limited,False,none
EVT_001743,failed,payload_too_large,False,reduce_payload
EVT_004661,recovered,customer_endpoint_down,False,none
EVT_004193,failed,endpoint_deleted,False,contact_customer
EVT_000028,failed,customer_endpoint_down,True,replay_after_fix
EVT_004113,recovered,customer_endpoint_down,False,none
EVT_003384,delivered,none,False,none
EVT_004380,failed,customer_endpoint_down,True,replay_after_fix
EVT_002582,delivered,none,False,none
EVT_001757,failed,payload_too_large,False,reduce_payload
EVT_001483,recovered,rate_limited,False,none
EVT_004759,expired,customer_endpoint_down,False,notify_customer
EVT_003895,failed,customer_endpoint_down,True,replay_after_fix
EVT_004125,delivered,none,False,none
EVT_003761,failed,endpoint_deleted,False,contact_customer
EVT_004257,failed,payload_too_large,False,reduce_payload
EVT_003305,recovered,invalid_signature,False,none
EVT_000833,failed,customer_endpoint_down,True,replay_after_fix
EVT_002436,recovered,invalid_signature,False,none
EVT_002399,failed,payload_too_large,False,reduce_payload
EVT_004573,failed,customer_endpoint_down,True,replay_after_fix
EVT_004212,failed,customer_endpoint_down,True,replay_after_fix
EVT_000577,expired,customer_endpoint_down,False,notify_customer
EVT_004485,failed,payload_too_large,False,reduce_payload
EVT_003835,failed,endpoint_deleted,False,contact_customer
EVT_000336,failed,endpoint_deleted,False,contact_customer
EVT_002264,failed,payload_too_large,False,reduce_payload
EVT_002522,failed,payload_too_large,False,reduce_payload
EVT_003292,failed,payload_too_large,False,reduce_payload
EVT_000189,failed,payload_too_large,False,reduce_payload
EVT_004733,failed,payload_too_large,False,reduce_payload
EVT_001445,failed,payload_too_large,False,reduce_payload
EVT_001765,recovered,customer_endpoint_down,False,none
EVT_003965,recovered,invalid_signature,False,none
EVT_001723,failed,customer_endpoint_down,True,replay_after_fix
EVT_000048,failed,payload_too_large,False,reduce_payload
EVT_000800,failed,payload_too_large,False,reduce_payload
EVT_000453,failed,endpoint_deleted,False,contact_customer
EVT_002712,failed,payload_too_large,False,reduce_payload
EVT_003930,failed,payload_too_large,False,reduce_payload
EVT_001495,failed,endpoint_deleted,False,contact_customer
EVT_004855,failed,payload_too_large,False,reduce_payload
EVT_000721,failed,payload_too_large,False,reduce_payload
EVT_001485,failed,endpoint_deleted,False,contact_customer
EVT_004640,failed,endpoint_deleted,False,contact_customer
EVT_002804,recovered,rate_limited,False,none
EVT_002328,failed,malformed_response,True,replay_after_fix
EVT_001699,recovered,customer_endpoint_down,False,none
EVT_004604,failed,payload_too_large,False,reduce_payload
EVT_002326,expired,customer_endpoint_down,False,notify_customer
EVT_001756,delivered,none,False,none
EVT_004685,recovered,customer_endpoint_down,False,none
EVT_002657,failed,endpoint_deleted,False,contact_customer
EVT_003594,failed,payload_too_large,False,reduce_payload
EVT_000252,recovered,customer_endpoint_down,False,none
EVT_001424,failed,customer_endpoint_down,True,replay_after_fix
EVT_001452,failed,endpoint_deleted,False,contact_customer
EVT_000193,failed,customer_endpoint_down,True,replay_after_fix
EVT_000706,failed,payload_too_large,False,reduce_payload
EVT_004800,failed,payload_too_large,False,reduce_payload
EVT_000671,failed,payload_too_large,False,reduce_payload
EVT_003878,delivered,none,False,none
EVT_001807,failed,payload_too_large,False,reduce_payload
EVT_002083,recovered,invalid_signature,False,none
EVT_004389,failed,endpoint_deleted,False,contact_customer
EVT_000042,recovered,customer_endpoint_down,False,none
EVT_000505,delivered,none,False,none
EVT_002589,failed,payload_too_large,False,reduce_payload
EVT_002972,failed,payload_too_large,False,reduce_payload
EVT_002571,duplicate,duplicate_event,False,investigate_idempotency
EVT_004658,failed,payload_too_large,False,reduce_payload
EVT_002624,failed,payload_too_large,False,reduce_payload
EVT_000824,failed,endpoint_deleted,False,contact_customer
EVT_004397,failed,payload_too_large,False,reduce_payload
EVT_003840,failed,payload_too_large,False,reduce_payload
EVT_000360,failed,payload_too_large,False,reduce_payload
EVT_004921,recovered,invalid_signature,False,none
EVT_001602,delivered,none,False,none
EVT_002748,recovered,malformed_response,False,none
EVT_002891,failed,payload_too_large,False,reduce_payload
EVT_004230,recovered,invalid_signature,False,none
EVT_004477,recovered,customer_endpoint_down,False,none
EVT_004686,failed,payload_too_large,False,reduce_payload
EVT_001927,expired,customer_endpoint_down,False,notify_customer
EVT_002193,recovered,rate_limited,False,none
EVT_003888,failed,payload_too_large,False,reduce_payload
EVT_002185,failed,payload_too_large,False,reduce_payload
EVT_003129,failed,payload_too_large,False,reduce_payload
EVT_001077,failed,payload_too_large,False,reduce_payload
EVT_003746,failed,payload_too_large,False,reduce_payload
EVT_001737,recovered,customer_endpoint_down,False,none
EVT_001553,failed,customer_endpoint_down,True,replay_after_fix
EVT_002926,failed,payload_too_large,False,reduce_payload
EVT_002930,failed,payload_too_large,False,reduce_payload
EVT_000190,delivered,none,False,none
EVT_001204,recovered,customer_endpoint_down,False,none
EVT_001805,failed,endpoint_deleted,False,contact_customer
EVT_002407,recovered,customer_endpoint_down,False,none
EVT_001706,failed,customer_endpoint_down,True,replay_after_fix
EVT_003139,failed,endpoint_deleted,False,contact_customer
EVT_001986,failed,endpoint_deleted,False,contact_customer
EVT_004853,failed,payload_too_large,False,reduce_payload
EVT_002248,failed,payload_too_large,False,reduce_payload
EVT_001257,failed,customer_endpoint_down,True,replay_after_fix
EVT_004233,recovered,malformed_response,False,none
EVT_002279,delivered,none,False,none
EVT_004985,failed,customer_endpoint_down,True,replay_after_fix
EVT_001251,failed,customer_endpoint_down,True,replay_after_fix
EVT_002078,recovered,customer_endpoint_down,False,none
EVT_001343,failed,customer_endpoint_down,True,replay_after_fix
EVT_004725,failed,payload_too_large,False,reduce_payload
EVT_002026,recovered,rate_limited,False,none
EVT_004065,failed,endpoint_deleted,False,contact_customer
EVT_003010,recovered,customer_endpoint_down,False,none
EVT_001161,failed,payload_too_large,False,reduce_payload
EVT_001638,failed,payload_too_large,False,reduce_payload
EVT_002296,recovered,customer_endpoint_down,False,none
EVT_003765,failed,payload_too_large,False,reduce_payload
EVT_004693,failed,payload_too_large,False,reduce_payload
EVT_001337,failed,payload_too_large,False,reduce_payload
EVT_000145,failed,malformed_response,True,replay_after_fix
EVT_003052,failed,customer_endpoint_down,True,replay_after_fix
EVT_002703,failed,endpoint_deleted,False,contact_customer
EVT_003209,recovered,customer_endpoint_down,False,none
EVT_004787,recovered,invalid_signature,False,none
EVT_000563,failed,customer_endpoint_down,True,replay_after_fix
EVT_003003,failed,customer_endpoint_down,True,replay_after_fix
EVT_000440,delivered,none,False,none
EVT_004726,recovered,invalid_signature,False,none
EVT_003546,recovered,customer_endpoint_down,False,none
EVT_000813,failed,payload_too_large,False,reduce_payload
EVT_004775,recovered,customer_endpoint_down,False,none
EVT_000796,delivered,none,False,none
EVT_000343,failed,endpoint_deleted,False,contact_customer
EVT_000916,failed,customer_endpoint_down,True,replay_after_fix
EVT_003772,failed,customer_endpoint_down,True,replay_after_fix
EVT_004310,failed,endpoint_deleted,False,contact_customer
EVT_003863,delivered,none,False,none
EVT_001429,delivered,none,False,none
EVT_004505,recovered,customer_endpoint_down,False,none
EVT_002413,failed,payload_too_large,False,reduce_payload
EVT_003031,failed,customer_endpoint_down,True,replay_after_fix
EVT_002253,failed,customer_endpoint_down,True,replay_after_fix
EVT_000788,recovered,customer_endpoint_down,False,none
EVT_002466,expired,customer_endpoint_down,False,notify_customer
EVT_003256,failed,endpoint_deleted,False,contact_customer
EVT_004227,failed,customer_endpoint_down,True,replay_after_fix
EVT_003239,recovered,rate_limited,False,none
EVT_003579,failed,customer_endpoint_down,True,replay_after_fix
EVT_002783,recovered,customer_endpoint_down,False,none
EVT_001453,failed,endpoint_deleted,False,contact_customer
EVT_000117,failed,customer_endpoint_down,True,replay_after_fix
EVT_003998,failed,endpoint_deleted,False,contact_customer
EVT_000475,failed,payload_too_large,False,reduce_payload
EVT_004170,failed,endpoint_deleted,False,contact_customer
EVT_000714,recovered,rate_limited,False,none
EVT_000519,failed,payload_too_large,False,reduce_payload
EVT_001780,failed,customer_endpoint_down,True,replay_after_fix
EVT_001774,failed,payload_too_large,False,reduce_payload
EVT_001104,failed,payload_too_large,False,reduce_payload
EVT_003618,delivered,none,False,none
EVT_003957,failed,payload_too_large,False,reduce_payload
EVT_000601,failed,payload_too_large,False,reduce_payload
EVT_003091,recovered,rate_limited,False,none
EVT_000564,failed,endpoint_deleted,False,contact_customer
EVT_003490,delivered,none,False,none
EVT_000627,failed,payload_too_large,False,reduce_payload
EVT_003848,failed,endpoint_deleted,False,contact_customer
EVT_003136,failed,payload_too_large,False,reduce_payload
EVT_000208,failed,payload_too_large,False,reduce_payload
EVT_003718,recovered,rate_limited,False,none
EVT_002072,recovered,customer_endpoint_down,False,none
EVT_004055,failed,payload_too_large,False,reduce_payload
EVT_002857,delivered,none,False,none
EVT_003733,failed,payload_too_large,False,reduce_payload
EVT_001448,failed,payload_too_large,False,reduce_payload
EVT_003745,recovered,customer_endpoint_down,False,none
EVT_004909,failed,payload_too_large,False,reduce_payload
EVT_002874,recovered,customer_endpoint_down,False,none
EVT_002303,recovered,invalid_signature,False,none
EVT_004191,failed,payload_too_large,False,reduce_payload
EVT_002893,failed,endpoint_deleted,False,contact_customer
EVT_000455,delivered,none,False,none
EVT_002001,failed,payload_too_large,False,reduce_payload
EVT_000321,failed,payload_too_large,False,reduce_payload
EVT_002559,failed,payload_too_large,False,reduce_payload
EVT_002995,failed,payload_too_large,False,reduce_payload
EVT_003552,failed,endpoint_deleted,False,contact_customer
EVT_001496,failed,customer_endpoint_down,True,replay_after_fix
EVT_002583,failed,payload_too_large,False,reduce_payload
EVT_003316,delivered,none,False,none
EVT_001307,failed,endpoint_deleted,False,contact_customer
EVT_003638,recovered,malformed_response,False,none
EVT_001394,failed,endpoint_deleted,False,contact_customer
EVT_000508,failed,customer_endpoint_down,True,replay_after_fix
EVT_001514,failed,payload_too_large,False,reduce_payload
EVT_001989,failed,customer_endpoint_down,True,replay_after_fix
EVT_001614,failed,payload_too_large,False,reduce_payload
EVT_002598,failed,endpoint_deleted,False,contact_customer
EVT_001360,expired,customer_endpoint_down,False,notify_customer
EVT_003999,recovered,invalid_signature,False,none
EVT_003163,failed,customer_endpoint_down,True,replay_after_fix
EVT_004822,failed,payload_too_large,False,reduce_payload
EVT_000718,delivered,none,False,none
EVT_002535,failed,payload_too_large,False,reduce_payload
EVT_003169,failed,payload_too_large,False,reduce_payload
EVT_004574,delivered,none,False,none
EVT_002076,delivered,none,False,none
EVT_001539,failed,customer_endpoint_down,True,replay_after_fix
EVT_000363,failed,payload_too_large,False,reduce_payload
EVT_003788,failed,customer_endpoint_down,True,replay_after_fix
EVT_000172,recovered,invalid_signature,False,none
EVT_002311,failed,endpoint_deleted,False,contact_customer
EVT_004930,failed,payload_too_large,False,reduce_payload
EVT_000742,delivered,none,False,none
EVT_001588,recovered,customer_endpoint_down,False,none
EVT_003037,failed,payload_too_large,False,reduce_payload
EVT_000845,failed,endpoint_deleted,False,contact_customer
EVT_002991,delivered,none,False,none
EVT_002838,expired,customer_endpoint_down,False,notify_customer
EVT_000310,recovered,customer_endpoint_down,False,none
EVT_004951,failed,payload_too_large,False,reduce_payload
EVT_000082,failed,payload_too_large,False,reduce_payload
EVT_004592,failed,endpoint_deleted,False,contact_customer
EVT_001221,failed,payload_too_large,False,reduce_payload
EVT_001454,failed,payload_too_large,False,reduce_payload
EVT_002502,delivered,none,False,none
EVT_004383,failed,payload_too_large,False,reduce_payload
EVT_001634,failed,endpoint_deleted,False,contact_customer
EVT_004205,failed,payload_too_large,False,reduce_payload
EVT_003989,recovered,invalid_signature,False,none
EVT_000599,failed,endpoint_deleted,False,contact_customer
EVT_000160,recovered,customer_endpoint_down,False,none
EVT_003211,failed,customer_endpoint_down,True,replay_after_fix
EVT_002138,expired,customer_endpoint_down,False,notify_customer
EVT_001286,expired,customer_endpoint_down,False,notify_customer
EVT_003096,delivered,none,False,none
EVT_004294,recovered,customer_endpoint_down,False,none
EVT_002416,failed,payload_too_large,False,reduce_payload
EVT_002144,failed,customer_endpoint_down,True,replay_after_fix
EVT_001494,failed,payload_too_large,False,reduce_payload
EVT_001958,failed,payload_too_large,False,reduce_payload
EVT_002322,failed,endpoint_deleted,False,contact_customer
EVT_003147,failed,payload_too_large,False,reduce_payload
EVT_002954,failed,payload_too_large,False,reduce_payload
EVT_004377,recovered,customer_endpoint_down,False,none
EVT_002073,failed,endpoint_deleted,False,contact_customer
EVT_003603,failed,endpoint_deleted,False,contact_customer
EVT_001595,failed,endpoint_deleted,False,contact_customer
EVT_000032,recovered,customer_endpoint_down,False,none
EVT_003418,recovered,customer_endpoint_down,False,none
EVT_001216,failed,endpoint_deleted,False,contact_customer
EVT_001430,failed,payload_too_large,False,reduce_payload
EVT_002910,recovered,invalid_signature,False,none
EVT_004526,failed,payload_too_large,False,reduce_payload
EVT_002048,duplicate,duplicate_event,False,investigate_idempotency
EVT_002525,failed,endpoint_deleted,False,contact_customer
EVT_003068,delivered,none,False,none
EVT_000503,failed,endpoint_deleted,False,contact_customer
EVT_003860,failed,payload_too_large,False,reduce_payload
EVT_002350,recovered,customer_endpoint_down,False,none
EVT_000978,delivered,none,False,none
EVT_000339,recovered,invalid_signature,False,none
EVT_004120,failed,endpoint_deleted,False,contact_customer
EVT_001847,failed,endpoint_deleted,False,contact_customer
EVT_004988,recovered,customer_endpoint_down,False,none
EVT_000600,recovered,customer_endpoint_down,False,none
EVT_000230,failed,payload_too_large,False,reduce_payload
EVT_003286,failed,payload_too_large,False,reduce_payload
EVT_002381,delivered,none,False,none
EVT_003082,failed,payload_too_large,False,reduce_payload
EVT_000826,failed,endpoint_deleted,False,contact_customer
EVT_001955,recovered,malformed_response,False,none
EVT_004736,expired,customer_endpoint_down,False,notify_customer
EVT_003941,duplicate,duplicate_event,False,investigate_idempotency
EVT_004290,failed,payload_too_large,False,reduce_payload
EVT_001403,failed,payload_too_large,False,reduce_payload
EVT_004021,failed,payload_too_large,False,reduce_payload
EVT_003854,failed,payload_too_large,False,reduce_payload
EVT_003705,failed,endpoint_deleted,False,contact_customer
EVT_004827,failed,payload_too_large,False,reduce_payload
EVT_004444,failed,payload_too_large,False,reduce_payload
EVT_001597,delivered,none,False,none
EVT_001029,failed,customer_endpoint_down,True,replay_after_fix
EVT_000408,failed,payload_too_large,False,reduce_payload
EVT_002384,delivered,none,False,none
EVT_004747,recovered,customer_endpoint_down,False,none
EVT_003057,failed,payload_too_large,False,reduce_payload
EVT_004013,failed,payload_too_large,False,reduce_payload
EVT_001163,delivered,none,False,none
EVT_002919,delivered,none,False,none
EVT_003672,failed,payload_too_large,False,reduce_payload
EVT_001729,failed,customer_endpoint_down,True,replay_after_fix
EVT_000167,duplicate,duplicate_event,False,investigate_idempotency
EVT_001107,failed,payload_too_large,False,reduce_payload
EVT_003986,failed,payload_too_large,False,reduce_payload
EVT_004571,failed,payload_too_large,False,reduce_payload
EVT_003121,failed,endpoint_deleted,False,contact_customer
EVT_000700,failed,payload_too_large,False,reduce_payload
EVT_003317,failed,customer_endpoint_down,True,replay_after_fix
EVT_002551,failed,payload_too_large,False,reduce_payload
EVT_001794,recovered,customer_endpoint_down,False,none
EVT_004948,failed,payload_too_large,False,reduce_payload
EVT_003388,failed,malformed_response,True,replay_after_fix
EVT_001843,failed,payload_too_large,False,reduce_payload
EVT_001536,failed,endpoint_deleted,False,contact_customer
EVT_002678,failed,payload_too_large,False,reduce_payload
EVT_000445,delivered,none,False,none
EVT_000261,failed,customer_endpoint_down,True,replay_after_fix
EVT_003713,expired,customer_endpoint_down,False,notify_customer
EVT_002018,recovered,rate_limited,False,none
EVT_000362,failed,endpoint_deleted,False,contact_customer
EVT_000263,recovered,invalid_signature,False,none
EVT_003106,failed,payload_too_large,False,reduce_payload
EVT_003434,expired,customer_endpoint_down,False,notify_customer
EVT_003635,delivered,none,False,none
EVT_000335,failed,payload_too_large,False,reduce_payload
EVT_001752,failed,endpoint_deleted,False,contact_customer
EVT_000645,duplicate,duplicate_event,False,investigate_idempotency
EVT_000486,failed,payload_too_large,False,reduce_payload
EVT_001166,delivered,none,False,none
EVT_002796,delivered,none,False,none
EVT_002617,recovered,invalid_signature,False,none
EVT_000985,recovered,customer_endpoint_down,False,none
EVT_002372,recovered,customer_endpoint_down,False,none
EVT_002717,failed,payload_too_large,False,reduce_payload
EVT_001231,expired,customer_endpoint_down,False,notify_customer
EVT_002190,failed,malformed_response,True,replay_after_fix
EVT_004837,recovered,customer_endpoint_down,False,none
EVT_004392,recovered,rate_limited,False,none
EVT_002216,recovered,customer_endpoint_down,False,none
EVT_003229,failed,endpoint_deleted,False,contact_customer
EVT_002613,recovered,invalid_signature,False,none
EVT_000818,failed,endpoint_deleted,False,contact_customer
EVT_002785,recovered,invalid_signature,False,none
EVT_001398,delivered,none,False,none
EVT_004808,failed,payload_too_large,False,reduce_payload
EVT_001997,failed,payload_too_large,False,reduce_payload
EVT_000614,failed,payload_too_large,False,reduce_payload
EVT_001574,failed,customer_endpoint_down,True,replay_after_fix
EVT_003729,delivered,none,False,none
EVT_002490,failed,customer_endpoint_down,True,replay_after_fix
EVT_002198,recovered,customer_endpoint_down,False,none
EVT_003102,failed,endpoint_deleted,False,contact_customer
EVT_003978,failed,customer_endpoint_down,True,replay_after_fix
EVT_001446,duplicate,duplicate_event,False,investigate_idempotency
EVT_004983,recovered,invalid_signature,False,none
EVT_004795,recovered,customer_endpoint_down,False,none
EVT_002177,recovered,customer_endpoint_down,False,none
EVT_002476,failed,payload_too_large,False,reduce_payload
EVT_001520,failed,customer_endpoint_down,True,replay_after_fix
EVT_000782,failed,payload_too_large,False,reduce_payload
EVT_000983,failed,endpoint_deleted,False,contact_customer
EVT_001652,recovered,customer_endpoint_down,False,none
EVT_004513,failed,payload_too_large,False,reduce_payload
EVT_002740,failed,endpoint_deleted,False,contact_customer
EVT_004371,failed,customer_endpoint_down,True,replay_after_fix
EVT_003146,recovered,invalid_signature,False,none
EVT_004449,delivered,none,False,none
EVT_000659,failed,customer_endpoint_down,True,replay_after_fix
EVT_004576,failed,customer_endpoint_down,True,replay_after_fix
EVT_003534,failed,payload_too_large,False,reduce_payload
EVT_002057,failed,customer_endpoint_down,True,replay_after_fix
EVT_001093,failed,payload_too_large,False,reduce_payload
EVT_001044,duplicate,duplicate_event,False,investigate_idempotency
EVT_003259,delivered,none,False,none
EVT_002422,recovered,customer_endpoint_down,False,none
EVT_003937,failed,endpoint_deleted,False,contact_customer
EVT_004079,delivered,none,False,none
EVT_004890,recovered,rate_limited,False,none
EVT_000036,recovered,customer_endpoint_down,False,none
EVT_000908,failed,payload_too_large,False,reduce_payload
EVT_000728,failed,customer_endpoint_down,True,replay_after_fix
EVT_002477,recovered,invalid_signature,False,none
EVT_001191,failed,payload_too_large,False,reduce_payload
EVT_004008,failed,payload_too_large,False,reduce_payload
EVT_000277,delivered,none,False,none
EVT_002948,failed,payload_too_large,False,reduce_payload
EVT_004833,recovered,malformed_response,False,none
EVT_000557,recovered,customer_endpoint_down,False,none
EVT_000442,recovered,rate_limited,False,none
EVT_001406,failed,payload_too_large,False,reduce_payload
EVT_003470,delivered,none,False,none
EVT_004097,recovered,customer_endpoint_down,False,none
EVT_000575,delivered,none,False,none
EVT_003402,recovered,customer_endpoint_down,False,none
EVT_004159,duplicate,duplicate_event,False,investigate_idempotency
EVT_004104,failed,endpoint_deleted,False,contact_customer
EVT_004028,failed,payload_too_large,False,reduce_payload
EVT_004381,failed,payload_too_large,False,reduce_payload
EVT_000698,failed,payload_too_large,False,reduce_payload
EVT_003201,failed,payload_too_large,False,reduce_payload
EVT_001113,failed,endpoint_deleted,False,contact_customer
EVT_002022,failed,payload_too_large,False,reduce_payload
EVT_000233,failed,payload_too_large,False,reduce_payload
EVT_001531,failed,endpoint_deleted,False,contact_customer
EVT_001234,failed,payload_too_large,False,reduce_payload
EVT_003164,failed,customer_endpoint_down,True,replay_after_fix
EVT_001223,failed,payload_too_large,False,reduce_payload
EVT_002744,recovered,customer_endpoint_down,False,none
EVT_000665,duplicate,duplicate_event,False,investigate_idempotency
EVT_000024,failed,endpoint_deleted,False,contact_customer
EVT_000074,delivered,none,False,none
EVT_002307,failed,payload_too_large,False,reduce_payload
EVT_001230,failed,endpoint_deleted,False,contact_customer
EVT_004335,recovered,rate_limited,False,none
EVT_001992,failed,endpoint_deleted,False,contact_customer
EVT_003314,recovered,customer_endpoint_down,False,none
EVT_001811,recovered,customer_endpoint_down,False,none
EVT_003128,recovered,invalid_signature,False,none
EVT_003153,failed,endpoint_deleted,False,contact_customer
EVT_003024,delivered,none,False,none
EVT_001081,recovered,customer_endpoint_down,False,none
EVT_000860,delivered,none,False,none
EVT_003593,failed,endpoint_deleted,False,contact_customer
EVT_003361,recovered,customer_endpoint_down,False,none
EVT_000673,failed,customer_endpoint_down,True,replay_after_fix
EVT_002457,recovered,rate_limited,False,none
EVT_002160,failed,payload_too_large,False,reduce_payload
EVT_000649,failed,customer_endpoint_down,True,replay_after_fix
EVT_003505,delivered,none,False,none
EVT_002304,delivered,none,False,none
EVT_000020,failed,customer_endpoint_down,True,replay_after_fix
EVT_002584,recovered,customer_endpoint_down,False,none
EVT_004403,recovered,customer_endpoint_down,False,none
EVT_001902,recovered,malformed_response,False,none
EVT_003489,delivered,none,False,none
EVT_001288,failed,payload_too_large,False,reduce_payload
EVT_002700,failed,endpoint_deleted,False,contact_customer
EVT_002692,failed,customer_endpoint_down,True,replay_after_fix
EVT_000287,failed,payload_too_large,False,reduce_payload
EVT_002770,recovered,invalid_signature,False,none
EVT_003572,duplicate,duplicate_event,False,investigate_idempotency
EVT_003567,failed,payload_too_large,False,reduce_payload
EVT_001098,failed,payload_too_large,False,reduce_payload
EVT_004299,failed,customer_endpoint_down,True,replay_after_fix
EVT_001268,delivered,none,False,none
EVT_000159,failed,payload_too_large,False,reduce_payload
EVT_000701,recovered,rate_limited,False,none
EVT_003861,failed,endpoint_deleted,False,contact_customer
EVT_001660,recovered,rate_limited,False,none
EVT_000927,delivered,none,False,none
EVT_003343,recovered,invalid_signature,False,none
EVT_001116,failed,payload_too_large,False,reduce_payload
EVT_000377,recovered,rate_limited,False,none
EVT_003876,failed,endpoint_deleted,False,contact_customer
EVT_003554,expired,customer_endpoint_down,False,notify_customer
EVT_004814,recovered,customer_endpoint_down,False,none
EVT_000631,failed,payload_too_large,False,reduce_payload
EVT_000188,recovered,rate_limited,False,none
EVT_003858,recovered,invalid_signature,False,none
EVT_004356,failed,payload_too_large,False,reduce_payload
EVT_000469,failed,payload_too_large,False,reduce_payload
EVT_002161,failed,payload_too_large,False,reduce_payload
EVT_003079,recovered,invalid_signature,False,none
EVT_004162,failed,endpoint_deleted,False,contact_customer
EVT_000898,recovered,customer_endpoint_down,False,none
EVT_000660,delivered,none,False,none
EVT_003411,failed,payload_too_large,False,reduce_payload
EVT_002306,delivered,none,False,none
EVT_000778,failed,payload_too_large,False,reduce_payload
EVT_001345,failed,payload_too_large,False,reduce_payload
EVT_004613,failed,customer_endpoint_down,True,replay_after_fix
EVT_000384,failed,endpoint_deleted,False,contact_customer
EVT_002012,failed,customer_endpoint_down,True,replay_after_fix
EVT_004421,failed,customer_endpoint_down,True,replay_after_fix
EVT_002595,expired,customer_endpoint_down,False,notify_customer
EVT_004831,failed,payload_too_large,False,reduce_payload
EVT_004539,delivered,none,False,none
EVT_002673,failed,customer_endpoint_down,True,replay_after_fix
EVT_001632,failed,payload_too_large,False,reduce_payload
EVT_002363,failed,endpoint_deleted,False,contact_customer
EVT_004516,delivered,none,False,none
EVT_004148,recovered,rate_limited,False,none
EVT_000195,recovered,rate_limited,False,none
EVT_002684,delivered,none,False,none
EVT_004554,recovered,customer_endpoint_down,False,none
EVT_001013,recovered,malformed_response,False,none
EVT_002115,delivered,none,False,none
EVT_003827,delivered,none,False,none
EVT_003436,failed,endpoint_deleted,False,contact_customer
EVT_000270,failed,malformed_response,True,replay_after_fix
EVT_000971,failed,payload_too_large,False,reduce_payload
EVT_003543,failed,customer_endpoint_down,True,replay_after_fix
EVT_002293,failed,payload_too_large,False,reduce_payload
EVT_000764,recovered,customer_endpoint_down,False,none
EVT_000101,failed,payload_too_large,False,reduce_payload
EVT_004394,delivered,none,False,none
EVT_003558,delivered,none,False,none
EVT_003497,delivered,none,False,none
EVT_000314,failed,payload_too_large,False,reduce_payload
EVT_001089,failed,endpoint_deleted,False,contact_customer
EVT_000899,failed,endpoint_deleted,False,contact_customer
EVT_000119,failed,customer_endpoint_down,True,replay_after_fix
EVT_001930,failed,endpoint_deleted,False,contact_customer
EVT_000412,delivered,none,False,none
EVT_002013,failed,endpoint_deleted,False,contact_customer
EVT_004102,recovered,customer_endpoint_down,False,none
EVT_001168,delivered,none,False,none
EVT_004682,failed,payload_too_large,False,reduce_payload
EVT_000473,delivered,none,False,none
EVT_002345,failed,endpoint_deleted,False,contact_customer
EVT_004732,duplicate,duplicate_event,False,investigate_idempotency
EVT_002676,recovered,customer_endpoint_down,False,none
EVT_003267,failed,endpoint_deleted,False,contact_customer
EVT_000591,expired,customer_endpoint_down,False,notify_customer
EVT_001258,recovered,customer_endpoint_down,False,none
EVT_004958,failed,customer_endpoint_down,True,replay_after_fix
EVT_001767,failed,payload_too_large,False,reduce_payload
EVT_001200,failed,customer_endpoint_down,True,replay_after_fix
EVT_001907,failed,endpoint_deleted,False,contact_customer
EVT_003958,failed,endpoint_deleted,False,contact_customer
EVT_002096,failed,payload_too_large,False,reduce_payload
EVT_003263,failed,payload_too_large,False,reduce_payload
EVT_001157,delivered,none,False,none
EVT_001844,failed,customer_endpoint_down,True,replay_after_fix
EVT_002411,failed,payload_too_large,False,reduce_payload
EVT_004417,failed,payload_too_large,False,reduce_payload
EVT_000184,failed,endpoint_deleted,False,contact_customer
EVT_001259,delivered,none,False,none
EVT_004628,failed,payload_too_large,False,reduce_payload
EVT_001083,failed,endpoint_deleted,False,contact_customer
EVT_004998,failed,payload_too_large,False,reduce_payload
EVT_000422,failed,endpoint_deleted,False,contact_customer
EVT_001327,recovered,invalid_signature,False,none
EVT_000933,expired,customer_endpoint_down,False,notify_customer
EVT_003252,failed,payload_too_large,False,reduce_payload
EVT_004035,delivered,none,False,none
EVT_003192,failed,customer_endpoint_down,True,replay_after_fix
EVT_003453,recovered,malformed_response,False,none
EVT_001091,failed,endpoint_deleted,False,contact_customer
EVT_001279,delivered,none,False,none
EVT_003265,recovered,customer_endpoint_down,False,none
EVT_001700,recovered,rate_limited,False,none
EVT_000922,failed,payload_too_large,False,reduce_payload
EVT_002895,failed,payload_too_large,False,reduce_payload
EVT_000694,recovered,invalid_signature,False,none
EVT_003694,failed,payload_too_large,False,reduce_payload
EVT_001607,failed,malformed_response,True,replay_after_fix
EVT_002616,recovered,invalid_signature,False,none
EVT_004982,failed,payload_too_large,False,reduce_payload
EVT_001511,failed,customer_endpoint_down,True,replay_after_fix
EVT_002187,recovered,invalid_signature,False,none
EVT_001679,expired,customer_endpoint_down,False,notify_customer
EVT_001886,failed,endpoint_deleted,False,contact_customer
EVT_000872,recovered,invalid_signature,False,none
EVT_003143,duplicate,duplicate_event,False,investigate_idempotency
EVT_002454,delivered,none,False,none
EVT_004751,failed,payload_too_large,False,reduce_payload
EVT_001779,failed,payload_too_large,False,reduce_payload
EVT_004019,recovered,customer_endpoint_down,False,none
EVT_003595,recovered,customer_endpoint_down,False,none
EVT_004185,delivered,none,False,none
EVT_004934,failed,endpoint_deleted,False,contact_customer
EVT_004625,recovered,customer_endpoint_down,False,none
EVT_000989,failed,payload_too_large,False,reduce_payload
EVT_003397,failed,endpoint_deleted,False,contact_customer
EVT_004949,failed,endpoint_deleted,False,contact_customer
EVT_002772,failed,payload_too_large,False,reduce_payload
EVT_001390,failed,payload_too_large,False,reduce_payload
EVT_001001,recovered,invalid_signature,False,none
EVT_000835,failed,payload_too_large,False,reduce_payload
EVT_001575,failed,endpoint_deleted,False,contact_customer
EVT_003107,delivered,none,False,none
EVT_004544,delivered,none,False,none
EVT_000589,expired,customer_endpoint_down,False,notify_customer
EVT_003279,delivered,none,False,none
EVT_000466,failed,payload_too_large,False,reduce_payload
EVT_002953,delivered,none,False,none
EVT_004139,delivered,none,False,none
EVT_003637,recovered,customer_endpoint_down,False,none
EVT_002250,failed,endpoint_deleted,False,contact_customer
EVT_004953,failed,payload_too_large,False,reduce_payload
EVT_004080,recovered,customer_endpoint_down,False,none
EVT_000643,failed,payload_too_large,False,reduce_payload
EVT_003737,duplicate,duplicate_event,False,investigate_idempotency
EVT_003608,failed,payload_too_large,False,reduce_payload
EVT_003148,failed,endpoint_deleted,False,contact_customer
EVT_004210,failed,payload_too_large,False,reduce_payload
EVT_002636,recovered,customer_endpoint_down,False,none
EVT_004222,recovered,customer_endpoint_down,False,none
EVT_004318,failed,endpoint_deleted,False,contact_customer
EVT_001612,expired,customer_endpoint_down,False,notify_customer
EVT_001996,failed,endpoint_deleted,False,contact_customer
EVT_004187,delivered,none,False,none
EVT_004696,recovered,customer_endpoint_down,False,none
EVT_001806,failed,endpoint_deleted,False,contact_customer
EVT_003248,delivered,none,False,none
EVT_004956,failed,payload_too_large,False,reduce_payload
EVT_003451,failed,payload_too_large,False,reduce_payload
EVT_004409,failed,payload_too_large,False,reduce_payload
EVT_002842,failed,malformed_response,True,replay_after_fix
EVT_002281,failed,payload_too_large,False,reduce_payload
EVT_000046,recovered,invalid_signature,False,none
EVT_003950,recovered,rate_limited,False,none
EVT_001450,delivered,none,False,none
EVT_000964,delivered,none,False,none
EVT_002669,delivered,none,False,none
EVT_003325,recovered,rate_limited,False,none
EVT_002546,failed,customer_endpoint_down,True,replay_after_fix
EVT_000913,failed,payload_too_large,False,reduce_payload
EVT_000691,failed,customer_endpoint_down,True,replay_after_fix
EVT_001292,failed,payload_too_large,False,reduce_payload
EVT_002353,failed,payload_too_large,False,reduce_payload
EVT_004495,failed,payload_too_large,False,reduce_payload
EVT_003171,recovered,invalid_signature,False,none
EVT_002696,failed,payload_too_large,False,reduce_payload
EVT_002320,failed,payload_too_large,False,reduce_payload
EVT_000853,failed,endpoint_deleted,False,contact_customer
EVT_004273,failed,endpoint_deleted,False,contact_customer
EVT_000849,failed,payload_too_large,False,reduce_payload
EVT_004551,failed,payload_too_large,False,reduce_payload
EVT_001828,failed,endpoint_deleted,False,contact_customer
EVT_001577,failed,payload_too_large,False,reduce_payload
EVT_004423,failed,payload_too_large,False,reduce_payload
EVT_003627,recovered,invalid_signature,False,none
EVT_003468,failed,endpoint_deleted,False,contact_customer
EVT_004626,duplicate,duplicate_event,False,investigate_idempotency
EVT_001278,failed,endpoint_deleted,False,contact_customer
EVT_003920,failed,endpoint_deleted,False,contact_customer
EVT_001724,delivered,none,False,none
EVT_003905,recovered,invalid_signature,False,none
EVT_003198,failed,payload_too_large,False,reduce_payload
EVT_004820,failed,payload_too_large,False,reduce_payload
EVT_004925,duplicate,duplicate_event,False,investigate_idempotency
EVT_002103,failed,payload_too_large,False,reduce_payload
EVT_002609,failed,payload_too_large,False,reduce_payload
EVT_004906,failed,payload_too_large,False,reduce_payload
EVT_003495,recovered,customer_endpoint_down,False,none
EVT_001471,failed,payload_too_large,False,reduce_payload
EVT_003949,failed,payload_too_large,False,reduce_payload
EVT_002667,failed,payload_too_large,False,reduce_payload
EVT_002260,delivered,none,False,none
EVT_001956,delivered,none,False,none
EVT_002174,failed,endpoint_deleted,False,contact_customer
EVT_004180,failed,payload_too_large,False,reduce_payload
EVT_000450,failed,endpoint_deleted,False,contact_customer
EVT_001911,failed,payload_too_large,False,reduce_payload
EVT_004023,failed,payload_too_large,False,reduce_payload
EVT_004523,failed,payload_too_large,False,reduce_payload
EVT_003099,recovered,rate_limited,False,none
EVT_000467,expired,customer_endpoint_down,False,notify_customer
EVT_003644,expired,customer_endpoint_down,False,notify_customer
EVT_002650,failed,customer_endpoint_down,True,replay_after_fix
EVT_002349,failed,endpoint_deleted,False,contact_customer
EVT_000387,failed,payload_too_large,False,reduce_payload
EVT_003517,recovered,customer_endpoint_down,False,none
EVT_000038,recovered,rate_limited,False,none
EVT_002949,failed,payload_too_large,False,reduce_payload
EVT_002801,failed,customer_endpoint_down,True,replay_after_fix
EVT_000402,recovered,rate_limited,False,none
EVT_001566,failed,payload_too_large,False,reduce_payload
EVT_004266,failed,payload_too_large,False,reduce_payload
EVT_004493,failed,endpoint_deleted,False,contact_customer
EVT_004904,failed,payload_too_large,False,reduce_payload
EVT_000125,recovered,invalid_signature,False,none
EVT_004938,recovered,customer_endpoint_down,False,none
EVT_000554,failed,endpoint_deleted,False,contact_customer
EVT_001761,delivered,none,False,none
EVT_000264,failed,customer_endpoint_down,True,replay_after_fix
EVT_003320,delivered,none,False,none
EVT_001692,recovered,invalid_signature,False,none
EVT_000488,failed,payload_too_large,False,reduce_payload
EVT_004105,recovered,customer_endpoint_down,False,none
EVT_001630,failed,payload_too_large,False,reduce_payload
EVT_000034,failed,customer_endpoint_down,True,replay_after_fix
EVT_004608,delivered,none,False,none
EVT_003134,failed,endpoint_deleted,False,contact_customer
EVT_001497,duplicate,duplicate_event,False,investigate_idempotency
EVT_004487,recovered,malformed_response,False,none
EVT_000073,recovered,customer_endpoint_down,False,none
EVT_004138,delivered,none,False,none
EVT_003620,failed,payload_too_large,False,reduce_payload
EVT_001141,recovered,customer_endpoint_down,False,none
EVT_000762,failed,payload_too_large,False,reduce_payload
EVT_001006,failed,endpoint_deleted,False,contact_customer
EVT_004209,delivered,none,False,none
EVT_004994,failed,payload_too_large,False,reduce_payload
EVT_004010,failed,endpoint_deleted,False,contact_customer
EVT_002955,recovered,customer_endpoint_down,False,none
EVT_004519,failed,endpoint_deleted,False,contact_customer
EVT_000223,recovered,rate_limited,False,none
EVT_000672,recovered,rate_limited,False,none
EVT_002876,failed,endpoint_deleted,False,contact_customer
EVT_004361,failed,customer_endpoint_down,True,replay_after_fix
EVT_000260,failed,payload_too_large,False,reduce_payload
EVT_000866,delivered,none,False,none
EVT_001215,failed,payload_too_large,False,reduce_payload
EVT_002308,failed,endpoint_deleted,False,contact_customer
EVT_004665,failed,customer_endpoint_down,True,replay_after_fix
EVT_004489,failed,payload_too_large,False,reduce_payload
EVT_002510,recovered,rate_limited,False,none
EVT_001174,delivered,none,False,none
EVT_003381,failed,payload_too_large,False,reduce_payload
EVT_004195,delivered,none,False,none
EVT_003796,recovered,invalid_signature,False,none
EVT_001721,delivered,none,False,none
EVT_004842,failed,endpoint_deleted,False,contact_customer
EVT_001731,recovered,invalid_signature,False,none
EVT_004615,failed,payload_too_large,False,reduce_payload
EVT_003040,failed,endpoint_deleted,False,contact_customer
EVT_004465,recovered,customer_endpoint_down,False,none
EVT_000779,recovered,rate_limited,False,none
EVT_004757,recovered,malformed_response,False,none
EVT_001771,recovered,rate_limited,False,none
EVT_001675,recovered,invalid_signature,False,none
EVT_000628,failed,payload_too_large,False,reduce_payload
EVT_001175,failed,payload_too_large,False,reduce_payload
EVT_000061,recovered,invalid_signature,False,none
EVT_000345,recovered,customer_endpoint_down,False,none
EVT_002244,delivered,none,False,none
EVT_001470,recovered,customer_endpoint_down,False,none
EVT_001823,failed,payload_too_large,False,reduce_payload
EVT_002382,recovered,malformed_response,False,none
EVT_002426,failed,payload_too_large,False,reduce_payload
EVT_000333,recovered,malformed_response,False,none
EVT_003300,failed,payload_too_large,False,reduce_payload
EVT_004875,expired,customer_endpoint_down,False,notify_customer
EVT_004221,recovered,customer_endpoint_down,False,none
EVT_003813,expired,customer_endpoint_down,False,notify_customer
EVT_002210,failed,customer_endpoint_down,True,replay_after_fix
EVT_003542,recovered,rate_limited,False,none
EVT_004518,failed,payload_too_large,False,reduce_payload
EVT_003596,expired,customer_endpoint_down,False,notify_customer
EVT_001909,failed,payload_too_large,False,reduce_payload
EVT_004515,failed,endpoint_deleted,False,contact_customer
EVT_003846,failed,endpoint_deleted,False,contact_customer
EVT_002574,failed,payload_too_large,False,reduce_payload
EVT_004000,failed,payload_too_large,False,reduce_payload
EVT_001011,failed,payload_too_large,False,reduce_payload
EVT_004460,recovered,invalid_signature,False,none
EVT_004894,recovered,customer_endpoint_down,False,none
EVT_001075,delivered,none,False,none
EVT_002942,failed,payload_too_large,False,reduce_payload
EVT_002385,failed,endpoint_deleted,False,contact_customer
EVT_004622,recovered,customer_endpoint_down,False,none
EVT_002051,recovered,customer_endpoint_down,False,none
EVT_003842,failed,payload_too_large,False,reduce_payload
EVT_000530,failed,endpoint_deleted,False,contact_customer
EVT_003956,delivered,none,False,none
EVT_003435,failed,payload_too_large,False,reduce_payload
EVT_000745,failed,payload_too_large,False,reduce_payload
EVT_002599,failed,payload_too_large,False,reduce_payload
EVT_004728,delivered,none,False,none
EVT_001284,failed,endpoint_deleted,False,contact_customer
EVT_004780,failed,malformed_response,True,replay_after_fix
EVT_004652,failed,endpoint_deleted,False,contact_customer
EVT_000013,recovered,rate_limited,False,none
EVT_004054,failed,payload_too_large,False,reduce_payload
EVT_002553,recovered,invalid_signature,False,none
EVT_000865,failed,payload_too_large,False,reduce_payload
EVT_000807,recovered,malformed_response,False,none
EVT_003896,recovered,customer_endpoint_down,False,none
EVT_002739,delivered,none,False,none
EVT_000322,failed,payload_too_large,False,reduce_payload
EVT_002419,failed,endpoint_deleted,False,contact_customer
EVT_001389,failed,payload_too_large,False,reduce_payload
EVT_000458,recovered,customer_endpoint_down,False,none
EVT_002016,failed,endpoint_deleted,False,contact_customer
EVT_001826,delivered,none,False,none
EVT_001359,failed,payload_too_large,False,reduce_payload
EVT_004374,failed,payload_too_large,False,reduce_payload
EVT_003994,failed,endpoint_deleted,False,contact_customer
EVT_003588,failed,customer_endpoint_down,True,replay_after_fix
EVT_004078,failed,endpoint_deleted,False,contact_customer
EVT_004672,delivered,none,False,none
EVT_002286,failed,endpoint_deleted,False,contact_customer
EVT_000536,failed,endpoint_deleted,False,contact_customer
EVT_003437,failed,endpoint_deleted,False,contact_customer
EVT_000168,failed,payload_too_large,False,reduce_payload
EVT_000774,failed,payload_too_large,False,reduce_payload
EVT_002720,delivered,none,False,none
EVT_000875,failed,payload_too_large,False,reduce_payload
EVT_003529,delivered,none,False,none
EVT_003740,failed,payload_too_large,False,reduce_payload
EVT_000295,expired,customer_endpoint_down,False,notify_customer
EVT_000680,recovered,malformed_response,False,none
EVT_000556,recovered,invalid_signature,False,none
EVT_004163,failed,endpoint_deleted,False,contact_customer
EVT_003771,delivered,none,False,none
EVT_000064,failed,payload_too_large,False,reduce_payload
EVT_002851,failed,customer_endpoint_down,True,replay_after_fix
EVT_001405,failed,payload_too_large,False,reduce_payload
EVT_003302,failed,payload_too_large,False,reduce_payload
EVT_002053,failed,endpoint_deleted,False,contact_customer
EVT_002762,failed,endpoint_deleted,False,contact_customer
EVT_002055,failed,endpoint_deleted,False,contact_customer
EVT_002846,recovered,invalid_signature,False,none
EVT_003868,delivered,none,False,none
EVT_001302,delivered,none,False,none
EVT_000460,delivered,none,False,none
EVT_003692,failed,payload_too_large,False,reduce_payload
EVT_000176,failed,payload_too_large,False,reduce_payload
EVT_004624,failed,payload_too_large,False,reduce_payload
EVT_003726,failed,payload_too_large,False,reduce_payload
EVT_000988,expired,customer_endpoint_down,False,notify_customer
EVT_002480,failed,malformed_response,True,replay_after_fix
EVT_003663,failed,payload_too_large,False,reduce_payload
EVT_000587,duplicate,duplicate_event,False,investigate_idempotency
EVT_001695,failed,malformed_response,True,replay_after_fix
EVT_001873,failed,payload_too_large,False,reduce_payload
EVT_000909,failed,payload_too_large,False,reduce_payload
EVT_001931,failed,endpoint_deleted,False,contact_customer
EVT_004883,failed,customer_endpoint_down,True,replay_after_fix
EVT_002823,failed,payload_too_large,False,reduce_payload
EVT_001609,failed,endpoint_deleted,False,contact_customer
EVT_000571,failed,payload_too_large,False,reduce_payload
EVT_001333,expired,customer_endpoint_down,False,notify_customer
EVT_000613,recovered,malformed_response,False,none
EVT_003274,duplicate,duplicate_event,False,investigate_idempotency
EVT_004647,failed,payload_too_large,False,reduce_payload
EVT_004612,failed,customer_endpoint_down,True,replay_after_fix
EVT_002370,failed,endpoint_deleted,False,contact_customer
EVT_000268,duplicate,duplicate_event,False,investigate_idempotency
EVT_001474,failed,payload_too_large,False,reduce_payload
EVT_000596,failed,customer_endpoint_down,True,replay_after_fix
EVT_001170,expired,customer_endpoint_down,False,notify_customer
EVT_000844,delivered,none,False,none
EVT_001249,failed,customer_endpoint_down,True,replay_after_fix
EVT_000156,recovered,rate_limited,False,none
EVT_004250,delivered,none,False,none
EVT_003110,failed,payload_too_large,False,reduce_payload
EVT_001361,delivered,none,False,none
EVT_003238,failed,payload_too_large,False,reduce_payload
EVT_003632,failed,payload_too_large,False,reduce_payload
EVT_001401,failed,customer_endpoint_down,True,replay_after_fix
EVT_004069,failed,endpoint_deleted,False,contact_customer
EVT_000612,failed,payload_too_large,False,reduce_payload
EVT_002474,failed,customer_endpoint_down,True,replay_after_fix
EVT_002651,failed,payload_too_large,False,reduce_payload
EVT_004126,failed,endpoint_deleted,False,contact_customer
EVT_001727,recovered,customer_endpoint_down,False,none
EVT_001058,failed,endpoint_deleted,False,contact_customer
EVT_000300,delivered,none,False,none
EVT_003584,failed,payload_too_large,False,reduce_payload
EVT_002916,failed,payload_too_large,False,reduce_payload
EVT_004768,failed,payload_too_large,False,reduce_payload
EVT_003353,failed,endpoint_deleted,False,contact_customer
EVT_001109,recovered,customer_endpoint_down,False,none
EVT_003679,failed,customer_endpoint_down,True,replay_after_fix
EVT_004656,failed,payload_too_large,False,reduce_payload
EVT_002247,failed,malformed_response,True,replay_after_fix
EVT_003511,delivered,none,False,none
EVT_003731,failed,endpoint_deleted,False,contact_customer
EVT_003503,failed,customer_endpoint_down,True,replay_after_fix
EVT_002548,delivered,none,False,none
EVT_004506,failed,payload_too_large,False,reduce_payload
EVT_004711,failed,endpoint_deleted,False,contact_customer
EVT_003288,failed,endpoint_deleted,False,contact_customer
EVT_003440,failed,payload_too_large,False,reduce_payload
EVT_000238,delivered,none,False,none
EVT_000882,failed,endpoint_deleted,False,contact_customer
EVT_000118,recovered,invalid_signature,False,none
EVT_002159,failed,customer_endpoint_down,True,replay_after_fix
EVT_002925,delivered,none,False,none
EVT_001045,failed,payload_too_large,False,reduce_payload
EVT_002911,delivered,none,False,none
EVT_003779,delivered,none,False,none
EVT_003344,recovered,invalid_signature,False,none
EVT_000471,recovered,customer_endpoint_down,False,none
EVT_001957,recovered,customer_endpoint_down,False,none
EVT_004025,delivered,none,False,none
EVT_003909,failed,payload_too_large,False,reduce_payload
EVT_004700,failed,payload_too_large,False,reduce_payload
EVT_002728,delivered,none,False,none
EVT_000647,failed,endpoint_deleted,False,contact_customer
EVT_002538,failed,endpoint_deleted,False,contact_customer
EVT_002357,recovered,customer_endpoint_down,False,none
EVT_001940,recovered,rate_limited,False,none
EVT_000910,failed,endpoint_deleted,False,contact_customer
EVT_000011,recovered,rate_limited,False,none
EVT_000539,failed,payload_too_large,False,reduce_payload
EVT_002449,delivered,none,False,none
EVT_004404,failed,payload_too_large,False,reduce_payload
EVT_004042,failed,payload_too_large,False,reduce_payload
EVT_001822,failed,payload_too_large,False,reduce_payload
EVT_004905,failed,payload_too_large,False,reduce_payload
EVT_003144,failed,endpoint_deleted,False,contact_customer
EVT_002726,failed,payload_too_large,False,reduce_payload
EVT_003724,failed,customer_endpoint_down,True,replay_after_fix
EVT_003303,failed,payload_too_large,False,reduce_payload
EVT_001202,recovered,customer_endpoint_down,False,none
EVT_001328,recovered,customer_endpoint_down,False,none
EVT_002798,failed,payload_too_large,False,reduce_payload
EVT_002005,expired,customer_endpoint_down,False,notify_customer
EVT_003246,recovered,rate_limited,False,none
EVT_002415,failed,payload_too_large,False,reduce_payload
EVT_001829,failed,payload_too_large,False,reduce_payload
EVT_001943,failed,customer_endpoint_down,True,replay_after_fix
EVT_004643,failed,payload_too_large,False,reduce_payload
EVT_001318,failed,customer_endpoint_down,True,replay_after_fix
EVT_004391,failed,endpoint_deleted,False,contact_customer
EVT_004253,failed,customer_endpoint_down,True,replay_after_fix
EVT_004920,failed,payload_too_large,False,reduce_payload
EVT_000395,delivered,none,False,none
EVT_004730,failed,payload_too_large,False,reduce_payload
EVT_001316,failed,payload_too_large,False,reduce_payload
EVT_004020,failed,endpoint_deleted,False,contact_customer
EVT_004607,failed,customer_endpoint_down,True,replay_after_fix
EVT_001746,failed,endpoint_deleted,False,contact_customer
EVT_004931,failed,payload_too_large,False,reduce_payload
EVT_002141,delivered,none,False,none
EVT_004313,failed,payload_too_large,False,reduce_payload
EVT_003583,recovered,customer_endpoint_down,False,none
EVT_002811,failed,malformed_response,True,replay_after_fix
EVT_001949,recovered,customer_endpoint_down,False,none
EVT_004786,failed,endpoint_deleted,False,contact_customer
EVT_000094,delivered,none,False,none
EVT_003187,duplicate,duplicate_event,False,investigate_idempotency
EVT_001322,delivered,none,False,none
EVT_002864,delivered,none,False,none
EVT_003006,failed,endpoint_deleted,False,contact_customer
EVT_002814,failed,endpoint_deleted,False,contact_customer
EVT_002352,recovered,rate_limited,False,none
EVT_003624,failed,payload_too_large,False,reduce_payload
EVT_001296,recovered,invalid_signature,False,none
EVT_003903,failed,endpoint_deleted,False,contact_customer
EVT_002120,failed,payload_too_large,False,reduce_payload
EVT_004481,delivered,none,False,none
EVT_003691,failed,customer_endpoint_down,True,replay_after_fix
EVT_001243,recovered,invalid_signature,False,none
EVT_002100,recovered,customer_endpoint_down,False,none
EVT_004354,recovered,customer_endpoint_down,False,none
EVT_001492,failed,endpoint_deleted,False,contact_customer
EVT_001556,failed,payload_too_large,False,reduce_payload
EVT_004056,failed,payload_too_large,False,reduce_payload
EVT_003581,recovered,rate_limited,False,none
EVT_004348,failed,payload_too_large,False,reduce_payload
EVT_003466,failed,endpoint_deleted,False,contact_customer
EVT_002626,failed,endpoint_deleted,False,contact_customer
EVT_001385,failed,customer_endpoint_down,True,replay_after_fix
EVT_000142,failed,customer_endpoint_down,True,replay_after_fix
EVT_000715,failed,endpoint_deleted,False,contact_customer
EVT_000702,failed,payload_too_large,False,reduce_payload
EVT_002605,failed,customer_endpoint_down,True,replay_after_fix
EVT_001751,failed,payload_too_large,False,reduce_payload
EVT_002479,failed,endpoint_deleted,False,contact_customer
EVT_000205,failed,customer_endpoint_down,True,replay_after_fix
EVT_004562,failed,payload_too_large,False,reduce_payload
EVT_003444,failed,payload_too_large,False,reduce_payload
EVT_003367,duplicate,duplicate_event,False,investigate_idempotency
EVT_000302,failed,payload_too_large,False,reduce_payload
EVT_001760,failed,endpoint_deleted,False,contact_customer
EVT_003935,recovered,customer_endpoint_down,False,none
EVT_001414,failed,customer_endpoint_down,True,replay_after_fix
EVT_001821,failed,customer_endpoint_down,True,replay_after_fix
EVT_003291,failed,malformed_response,True,replay_after_fix
EVT_004912,recovered,customer_endpoint_down,False,none
EVT_003341,duplicate,duplicate_event,False,investigate_idempotency
EVT_003294,recovered,customer_endpoint_down,False,none
EVT_000382,failed,payload_too_large,False,reduce_payload
EVT_002064,failed,payload_too_large,False,reduce_payload
EVT_004947,failed,payload_too_large,False,reduce_payload
EVT_000753,failed,payload_too_large,False,reduce_payload
EVT_000619,recovered,customer_endpoint_down,False,none
EVT_003611,expired,customer_endpoint_down,False,notify_customer
EVT_004164,delivered,none,False,none
EVT_004582,failed,endpoint_deleted,False,contact_customer
EVT_002579,recovered,customer_endpoint_down,False,none
EVT_002915,recovered,invalid_signature,False,none
EVT_002735,delivered,none,False,none
EVT_000390,failed,payload_too_large,False,reduce_payload
EVT_004157,failed,endpoint_deleted,False,contact_customer
EVT_004270,delivered,none,False,none
EVT_000428,failed,payload_too_large,False,reduce_payload
EVT_001697,failed,customer_endpoint_down,True,replay_after_fix
EVT_000306,failed,payload_too_large,False,reduce_payload
EVT_000938,failed,payload_too_large,False,reduce_payload
EVT_003918,failed,payload_too_large,False,reduce_payload
EVT_001342,failed,endpoint_deleted,False,contact_customer
EVT_000250,delivered,none,False,none
EVT_001172,failed,endpoint_deleted,False,contact_customer
EVT_004779,recovered,customer_endpoint_down,False,none
EVT_001321,expired,customer_endpoint_down,False,notify_customer
EVT_004155,expired,customer_endpoint_down,False,notify_customer
EVT_000265,failed,payload_too_large,False,reduce_payload
EVT_000977,delivered,none,False,none
EVT_001526,delivered,none,False,none
EVT_004090,delivered,none,False,none
EVT_001335,failed,endpoint_deleted,False,contact_customer
EVT_004265,failed,payload_too_large,False,reduce_payload
EVT_000840,failed,payload_too_large,False,reduce_payload
EVT_000855,recovered,rate_limited,False,none
EVT_000403,failed,payload_too_large,False,reduce_payload
EVT_000439,failed,endpoint_deleted,False,contact_customer
EVT_004550,delivered,none,False,none
EVT_003953,failed,customer_endpoint_down,True,replay_after_fix
EVT_003695,expired,customer_endpoint_down,False,notify_customer
EVT_004259,failed,customer_endpoint_down,True,replay_after_fix
EVT_001164,failed,payload_too_large,False,reduce_payload
EVT_004288,recovered,invalid_signature,False,none
EVT_000181,failed,endpoint_deleted,False,contact_customer
EVT_000092,failed,customer_endpoint_down,True,replay_after_fix
EVT_004251,failed,payload_too_large,False,reduce_payload
EVT_002899,recovered,rate_limited,False,none
EVT_004471,delivered,none,False,none
EVT_002786,failed,customer_endpoint_down,True,replay_after_fix
EVT_004924,recovered,customer_endpoint_down,False,none
EVT_004701,failed,endpoint_deleted,False,contact_customer
EVT_004627,recovered,invalid_signature,False,none
EVT_001417,failed,payload_too_large,False,reduce_payload
EVT_004548,recovered,rate_limited,False,none
EVT_000881,failed,customer_endpoint_down,True,replay_after_fix
EVT_003773,failed,endpoint_deleted,False,contact_customer
EVT_004610,failed,endpoint_deleted,False,contact_customer
EVT_000016,failed,endpoint_deleted,False,contact_customer
EVT_004181,delivered,none,False,none
EVT_002901,failed,customer_endpoint_down,True,replay_after_fix
EVT_000811,failed,endpoint_deleted,False,contact_customer
EVT_001143,delivered,none,False,none
EVT_001431,delivered,none,False,none
EVT_000772,failed,endpoint_deleted,False,contact_customer
EVT_003130,failed,payload_too_large,False,reduce_payload
EVT_001854,failed,payload_too_large,False,reduce_payload
EVT_003541,failed,payload_too_large,False,reduce_payload
EVT_003277,recovered,invalid_signature,False,none
EVT_001798,recovered,customer_endpoint_down,False,none
EVT_001530,recovered,invalid_signature,False,none
EVT_002824,recovered,customer_endpoint_down,False,none
EVT_002819,delivered,none,False,none
EVT_002714,delivered,none,False,none
EVT_000196,recovered,customer_endpoint_down,False,none
EVT_001435,delivered,none,False,none
EVT_003012,failed,payload_too_large,False,reduce_payload
EVT_003582,duplicate,duplicate_event,False,investigate_idempotency
EVT_004860,failed,endpoint_deleted,False,contact_customer
EVT_001558,recovered,rate_limited,False,none
EVT_001812,failed,payload_too_large,False,reduce_payload
EVT_003301,failed,customer_endpoint_down,True,replay_after_fix
EVT_001102,failed,payload_too_large,False,reduce_payload
EVT_004788,failed,endpoint_deleted,False,contact_customer
EVT_004012,failed,endpoint_deleted,False,contact_customer
EVT_002465,delivered,none,False,none
EVT_001839,failed,payload_too_large,False,reduce_payload
EVT_001555,recovered,customer_endpoint_down,False,none
EVT_003014,duplicate,duplicate_event,False,investigate_idempotency
EVT_002938,delivered,none,False,none
EVT_004351,failed,payload_too_large,False,reduce_payload
EVT_002009,delivered,none,False,none
EVT_004778,failed,payload_too_large,False,reduce_payload
EVT_001817,failed,payload_too_large,False,reduce_payload
EVT_004862,failed,customer_endpoint_down,True,replay_after_fix
EVT_002992,failed,customer_endpoint_down,True,replay_after_fix
EVT_001987,failed,payload_too_large,False,reduce_payload
EVT_000141,delivered,none,False,none
EVT_003574,failed,customer_endpoint_down,True,replay_after_fix
EVT_004839,recovered,customer_endpoint_down,False,none
EVT_002066,recovered,customer_endpoint_down,False,none
EVT_001214,failed,payload_too_large,False,reduce_payload
EVT_003463,delivered,none,False,none
EVT_000170,failed,payload_too_large,False,reduce_payload
EVT_002924,failed,endpoint_deleted,False,contact_customer
EVT_000185,delivered,none,False,none
EVT_004919,failed,customer_endpoint_down,True,replay_after_fix
EVT_001973,delivered,none,False,none
EVT_000019,failed,payload_too_large,False,reduce_payload
EVT_001897,failed,endpoint_deleted,False,contact_customer
EVT_001936,delivered,none,False,none
EVT_004776,recovered,malformed_response,False,none
EVT_004323,failed,payload_too_large,False,reduce_payload
EVT_004850,recovered,customer_endpoint_down,False,none
EVT_004980,duplicate,duplicate_event,False,investigate_idempotency
EVT_003609,failed,payload_too_large,False,reduce_payload
EVT_001352,failed,endpoint_deleted,False,contact_customer
EVT_000982,recovered,invalid_signature,False,none
EVT_004262,failed,endpoint_deleted,False,contact_customer
EVT_002044,failed,customer_endpoint_down,True,replay_after_fix
EVT_003376,recovered,customer_endpoint_down,False,none
EVT_003249,recovered,customer_endpoint_down,False,none
EVT_004760,delivered,none,False,none
EVT_001090,failed,payload_too_large,False,reduce_payload
EVT_000925,recovered,customer_endpoint_down,False,none
EVT_000795,failed,payload_too_large,False,reduce_payload
EVT_000222,failed,customer_endpoint_down,True,replay_after_fix
EVT_000538,failed,payload_too_large,False,reduce_payload
EVT_000258,failed,endpoint_deleted,False,contact_customer
EVT_000410,failed,endpoint_deleted,False,contact_customer
EVT_002398,delivered,none,False,none
EVT_000165,failed,customer_endpoint_down,True,replay_after_fix
EVT_000751,failed,payload_too_large,False,reduce_payload
EVT_003219,failed,payload_too_large,False,reduce_payload
EVT_003123,failed,customer_endpoint_down,True,replay_after_fix
EVT_003170,duplicate,duplicate_event,False,investigate_idempotency
EVT_003152,delivered,none,False,none
EVT_004050,recovered,customer_endpoint_down,False,none
EVT_002534,recovered,customer_endpoint_down,False,none
EVT_003578,failed,payload_too_large,False,reduce_payload
EVT_002176,recovered,customer_endpoint_down,False,none
EVT_003664,failed,endpoint_deleted,False,contact_customer
EVT_002254,failed,endpoint_deleted,False,contact_customer
EVT_002387,failed,payload_too_large,False,reduce_payload
EVT_002682,recovered,customer_endpoint_down,False,none
EVT_002408,failed,payload_too_large,False,reduce_payload
EVT_002982,recovered,customer_endpoint_down,False,none
EVT_002390,recovered,customer_endpoint_down,False,none
EVT_000081,recovered,customer_endpoint_down,False,none
EVT_000877,delivered,none,False,none
EVT_002704,delivered,none,False,none
EVT_001570,failed,endpoint_deleted,False,contact_customer
EVT_001682,failed,customer_endpoint_down,True,replay_after_fix
EVT_004845,failed,endpoint_deleted,False,contact_customer
EVT_001683,delivered,none,False,none
EVT_000970,failed,payload_too_large,False,reduce_payload
EVT_003723,failed,endpoint_deleted,False,contact_customer
EVT_002233,failed,payload_too_large,False,reduce_payload
EVT_004018,duplicate,duplicate_event,False,investigate_idempotency
EVT_001137,failed,payload_too_large,False,reduce_payload
EVT_004843,failed,payload_too_large,False,reduce_payload
EVT_002325,recovered,customer_endpoint_down,False,none
EVT_002879,recovered,customer_endpoint_down,False,none
EVT_002301,recovered,customer_endpoint_down,False,none
EVT_001272,failed,endpoint_deleted,False,contact_customer
EVT_004071,failed,payload_too_large,False,reduce_payload
EVT_000128,failed,payload_too_large,False,reduce_payload
EVT_002807,recovered,rate_limited,False,none
EVT_001889,failed,payload_too_large,False,reduce_payload
EVT_003189,failed,payload_too_large,False,reduce_payload
EVT_004213,failed,payload_too_large,False,reduce_payload
EVT_000495,failed,payload_too_large,False,reduce_payload
EVT_004029,failed,endpoint_deleted,False,contact_customer
EVT_000931,failed,customer_endpoint_down,True,replay_after_fix
EVT_001596,failed,endpoint_deleted,False,contact_customer
EVT_004885,failed,payload_too_large,False,reduce_payload
EVT_003174,expired,customer_endpoint_down,False,notify_customer
EVT_001490,recovered,rate_limited,False,none
EVT_003253,failed,payload_too_large,False,reduce_payload
EVT_003656,failed,customer_endpoint_down,True,replay_after_fix
EVT_000088,failed,endpoint_deleted,False,contact_customer
EVT_002738,failed,endpoint_deleted,False,contact_customer
EVT_004895,failed,endpoint_deleted,False,contact_customer
EVT_000070,failed,payload_too_large,False,reduce_payload
EVT_003643,failed,endpoint_deleted,False,contact_customer
EVT_000566,failed,payload_too_large,False,reduce_payload
EVT_001082,failed,endpoint_deleted,False,contact_customer
EVT_003093,failed,endpoint_deleted,False,contact_customer
EVT_000635,failed,payload_too_large,False,reduce_payload
EVT_002697,recovered,customer_endpoint_down,False,none
EVT_004583,failed,endpoint_deleted,False,contact_customer
EVT_001484,failed,endpoint_deleted,False,contact_customer
EVT_000381,failed,endpoint_deleted,False,contact_customer
EVT_001264,recovered,customer_endpoint_down,False,none
EVT_003996,failed,endpoint_deleted,False,contact_customer
EVT_004849,failed,payload_too_large,False,reduce_payload
EVT_001275,failed,payload_too_large,False,reduce_payload
EVT_003970,recovered,invalid_signature,False,none
EVT_001565,duplicate,duplicate_event,False,investigate_idempotency
EVT_002227,failed,payload_too_large,False,reduce_payload
EVT_002679,recovered,customer_endpoint_down,False,none
EVT_003449,failed,customer_endpoint_down,True,replay_after_fix
EVT_001668,recovered,invalid_signature,False,none
EVT_000232,failed,payload_too_large,False,reduce_payload
EVT_000579,failed,payload_too_large,False,reduce_payload
EVT_000739,failed,endpoint_deleted,False,contact_customer
EVT_003188,failed,customer_endpoint_down,True,replay_after_fix
EVT_001147,recovered,customer_endpoint_down,False,none
EVT_001000,recovered,customer_endpoint_down,False,none
EVT_001152,delivered,none,False,none
EVT_003120,recovered,rate_limited,False,none
EVT_000804,failed,payload_too_large,False,reduce_payload
EVT_002315,failed,payload_too_large,False,reduce_payload
EVT_004229,delivered,none,False,none
EVT_002245,failed,payload_too_large,False,reduce_payload
EVT_003247,delivered,none,False,none
EVT_001393,failed,endpoint_deleted,False,contact_customer
EVT_003338,failed,payload_too_large,False,reduce_payload
EVT_001937,failed,payload_too_large,False,reduce_payload
EVT_004357,duplicate,duplicate_event,False,investigate_idempotency
EVT_002482,failed,payload_too_large,False,reduce_payload
EVT_001038,delivered,none,False,none
EVT_002359,recovered,malformed_response,False,none
EVT_002813,delivered,none,False,none
EVT_002769,failed,endpoint_deleted,False,contact_customer
EVT_004826,delivered,none,False,none
EVT_004368,failed,customer_endpoint_down,True,replay_after_fix
EVT_004937,recovered,customer_endpoint_down,False,none
EVT_003067,failed,payload_too_large,False,reduce_payload
EVT_003482,recovered,customer_endpoint_down,False,none
EVT_001800,failed,payload_too_large,False,reduce_payload
EVT_003295,failed,endpoint_deleted,False,contact_customer
EVT_002771,failed,endpoint_deleted,False,contact_customer
EVT_000911,duplicate,duplicate_event,False,investigate_idempotency
EVT_000279,recovered,invalid_signature,False,none
EVT_004474,failed,endpoint_deleted,False,contact_customer
EVT_003243,delivered,none,False,none
EVT_003280,duplicate,duplicate_event,False,investigate_idempotency
EVT_001060,failed,payload_too_large,False,reduce_payload
EVT_004752,failed,payload_too_large,False,reduce_payload
EVT_004623,recovered,customer_endpoint_down,False,none
EVT_001195,failed,payload_too_large,False,reduce_payload
EVT_000839,failed,endpoint_deleted,False,contact_customer
EVT_003623,failed,payload_too_large,False,reduce_payload
EVT_000929,failed,customer_endpoint_down,True,replay_after_fix
EVT_000716,failed,payload_too_large,False,reduce_payload
EVT_004384,failed,endpoint_deleted,False,contact_customer
EVT_002162,failed,endpoint_deleted,False,contact_customer
EVT_004171,delivered,none,False,none
EVT_001070,failed,payload_too_large,False,reduce_payload
EVT_004910,failed,payload_too_large,False,reduce_payload
EVT_002065,recovered,customer_endpoint_down,False,none
EVT_004231,recovered,customer_endpoint_down,False,none
EVT_001507,recovered,invalid_signature,False,none
EVT_002486,failed,customer_endpoint_down,True,replay_after_fix
EVT_003825,recovered,rate_limited,False,none
EVT_004569,delivered,none,False,none
EVT_002932,failed,endpoint_deleted,False,contact_customer
EVT_004990,failed,payload_too_large,False,reduce_payload
EVT_000651,failed,endpoint_deleted,False,contact_customer
EVT_003339,delivered,none,False,none
EVT_002750,recovered,customer_endpoint_down,False,none
EVT_000123,failed,payload_too_large,False,reduce_payload
EVT_000573,failed,payload_too_large,False,reduce_payload
EVT_001502,delivered,none,False,none
EVT_003871,recovered,invalid_signature,False,none
EVT_000326,failed,endpoint_deleted,False,contact_customer
EVT_002888,failed,endpoint_deleted,False,contact_customer
EVT_004254,delivered,none,False,none
EVT_001357,expired,customer_endpoint_down,False,notify_customer
EVT_003464,delivered,none,False,none
EVT_004060,failed,payload_too_large,False,reduce_payload
EVT_002207,failed,customer_endpoint_down,True,replay_after_fix
EVT_003696,failed,customer_endpoint_down,True,replay_after_fix
EVT_001087,recovered,invalid_signature,False,none
EVT_000887,recovered,customer_endpoint_down,False,none
EVT_003830,failed,endpoint_deleted,False,contact_customer
EVT_002430,delivered,none,False,none
EVT_001184,recovered,rate_limited,False,none
EVT_002865,failed,payload_too_large,False,reduce_payload
EVT_001372,delivered,none,False,none
EVT_001245,failed,endpoint_deleted,False,contact_customer
EVT_000906,failed,customer_endpoint_down,True,replay_after_fix
EVT_002032,recovered,customer_endpoint_down,False,none
EVT_002443,failed,payload_too_large,False,reduce_payload
EVT_003763,recovered,customer_endpoint_down,False,none
EVT_004597,recovered,rate_limited,False,none
EVT_003330,failed,endpoint_deleted,False,contact_customer
EVT_002374,delivered,none,False,none
EVT_001546,failed,payload_too_large,False,reduce_payload
EVT_002987,failed,endpoint_deleted,False,contact_customer
EVT_001548,failed,customer_endpoint_down,True,replay_after_fix
EVT_004426,recovered,customer_endpoint_down,False,none
EVT_002375,failed,endpoint_deleted,False,contact_customer
EVT_003753,failed,payload_too_large,False,reduce_payload
EVT_002968,failed,endpoint_deleted,False,contact_customer
EVT_000648,failed,endpoint_deleted,False,contact_customer
EVT_001274,failed,customer_endpoint_down,True,replay_after_fix
EVT_002265,failed,payload_too_large,False,reduce_payload
EVT_004532,recovered,malformed_response,False,none
EVT_002203,failed,endpoint_deleted,False,contact_customer
EVT_004709,failed,payload_too_large,False,reduce_payload
EVT_004141,failed,payload_too_large,False,reduce_payload
EVT_001864,failed,endpoint_deleted,False,contact_customer
EVT_000829,recovered,customer_endpoint_down,False,none
EVT_004945,failed,payload_too_large,False,reduce_payload
EVT_000632,failed,payload_too_large,False,reduce_payload
EVT_000449,failed,customer_endpoint_down,True,replay_after_fix
EVT_004531,failed,payload_too_large,False,reduce_payload
EVT_001358,recovered,rate_limited,False,none
EVT_002335,failed,payload_too_large,False,reduce_payload
EVT_003908,failed,payload_too_large,False,reduce_payload
EVT_000786,failed,endpoint_deleted,False,contact_customer
EVT_001244,recovered,rate_limited,False,none
EVT_002792,recovered,customer_endpoint_down,False,none
EVT_003467,failed,payload_too_large,False,reduce_payload
EVT_002985,recovered,customer_endpoint_down,False,none
EVT_002111,delivered,none,False,none
EVT_001908,recovered,rate_limited,False,none
EVT_003973,recovered,malformed_response,False,none
EVT_003684,recovered,invalid_signature,False,none
EVT_001356,duplicate,duplicate_event,False,investigate_idempotency
EVT_001135,failed,payload_too_large,False,reduce_payload
EVT_003360,failed,payload_too_large,False,reduce_payload
EVT_004963,failed,customer_endpoint_down,True,replay_after_fix
EVT_001133,failed,customer_endpoint_down,True,replay_after_fix
EVT_003043,expired,customer_endpoint_down,False,notify_customer
EVT_000419,recovered,customer_endpoint_down,False,none
EVT_003522,failed,endpoint_deleted,False,contact_customer
EVT_003406,duplicate,duplicate_event,False,investigate_idempotency
EVT_001600,failed,customer_endpoint_down,True,replay_after_fix
EVT_001982,recovered,rate_limited,False,none
EVT_003391,expired,customer_endpoint_down,False,notify_customer
EVT_001210,recovered,customer_endpoint_down,False,none
EVT_000218,failed,payload_too_large,False,reduce_payload
EVT_004799,duplicate,duplicate_event,False,investigate_idempotency
EVT_004504,recovered,malformed_response,False,none
EVT_000604,failed,payload_too_large,False,reduce_payload
EVT_003028,failed,payload_too_large,False,reduce_payload
EVT_003852,failed,endpoint_deleted,False,contact_customer
EVT_004810,delivered,none,False,none
EVT_003872,recovered,customer_endpoint_down,False,none
EVT_003125,failed,payload_too_large,False,reduce_payload
EVT_001561,failed,payload_too_large,False,reduce_payload
EVT_000640,failed,customer_endpoint_down,True,replay_after_fix
EVT_000476,delivered,none,False,none
EVT_002348,failed,payload_too_large,False,reduce_payload
EVT_002671,recovered,rate_limited,False,none
EVT_002448,expired,customer_endpoint_down,False,notify_customer
EVT_004809,failed,payload_too_large,False,reduce_payload
EVT_003881,recovered,customer_endpoint_down,False,none
EVT_004314,failed,endpoint_deleted,False,contact_customer
EVT_000007,failed,customer_endpoint_down,True,replay_after_fix
EVT_004192,failed,payload_too_large,False,reduce_payload
EVT_001260,failed,payload_too_large,False,reduce_payload
EVT_002021,failed,payload_too_large,False,reduce_payload
EVT_003755,recovered,invalid_signature,False,none
EVT_004282,recovered,customer_endpoint_down,False,none
EVT_004063,delivered,none,False,none
EVT_002251,recovered,customer_endpoint_down,False,none
EVT_001690,failed,customer_endpoint_down,True,replay_after_fix
EVT_000656,failed,customer_endpoint_down,True,replay_after_fix
EVT_000594,recovered,malformed_response,False,none
EVT_004248,failed,customer_endpoint_down,True,replay_after_fix
EVT_001201,failed,payload_too_large,False,reduce_payload
EVT_003074,duplicate,duplicate_event,False,investigate_idempotency
EVT_004671,failed,payload_too_large,False,reduce_payload
EVT_003113,failed,customer_endpoint_down,True,replay_after_fix
EVT_004857,expired,customer_endpoint_down,False,notify_customer
EVT_004332,recovered,customer_endpoint_down,False,none
EVT_002342,recovered,customer_endpoint_down,False,none
EVT_000075,failed,endpoint_deleted,False,contact_customer
EVT_003356,failed,payload_too_large,False,reduce_payload
EVT_000809,failed,payload_too_large,False,reduce_payload
EVT_003324,recovered,customer_endpoint_down,False,none
EVT_002127,failed,endpoint_deleted,False,contact_customer
EVT_002966,failed,payload_too_large,False,reduce_payload
EVT_002569,failed,endpoint_deleted,False,contact_customer
EVT_002989,recovered,invalid_signature,False,none
EVT_001825,delivered,none,False,none
EVT_004081,recovered,customer_endpoint_down,False,none
EVT_002633,failed,payload_too_large,False,reduce_payload
EVT_001674,recovered,customer_endpoint_down,False,none
EVT_002964,recovered,customer_endpoint_down,False,none
EVT_000814,failed,payload_too_large,False,reduce_payload
EVT_002907,failed,payload_too_large,False,reduce_payload
EVT_001635,recovered,invalid_signature,False,none
EVT_003750,duplicate,duplicate_event,False,investigate_idempotency
EVT_000438,failed,payload_too_large,False,reduce_payload
EVT_004295,failed,payload_too_large,False,reduce_payload
EVT_004447,expired,customer_endpoint_down,False,notify_customer
EVT_002892,failed,endpoint_deleted,False,contact_customer
EVT_001559,failed,payload_too_large,False,reduce_payload
EVT_004009,failed,payload_too_large,False,reduce_payload
EVT_000225,recovered,malformed_response,False,none
EVT_003714,failed,endpoint_deleted,False,contact_customer
EVT_002544,recovered,rate_limited,False,none
EVT_002101,recovered,customer_endpoint_down,False,none
EVT_002179,failed,payload_too_large,False,reduce_payload
EVT_004619,recovered,customer_endpoint_down,False,none
EVT_003693,failed,endpoint_deleted,False,contact_customer
EVT_000133,failed,payload_too_large,False,reduce_payload
EVT_000352,failed,endpoint_deleted,False,contact_customer
EVT_001741,delivered,none,False,none
EVT_002782,failed,customer_endpoint_down,True,replay_after_fix
EVT_001073,delivered,none,False,none
EVT_001285,failed,payload_too_large,False,reduce_payload
EVT_003766,failed,payload_too_large,False,reduce_payload
EVT_002661,failed,payload_too_large,False,reduce_payload
EVT_000286,failed,endpoint_deleted,False,contact_customer
EVT_001688,recovered,rate_limited,False,none
EVT_000483,expired,customer_endpoint_down,False,notify_customer
EVT_002675,failed,payload_too_large,False,reduce_payload
EVT_003563,failed,payload_too_large,False,reduce_payload
EVT_000608,failed,payload_too_large,False,reduce_payload
EVT_001074,failed,endpoint_deleted,False,contact_customer
EVT_003081,failed,payload_too_large,False,reduce_payload
EVT_001194,recovered,customer_endpoint_down,False,none
EVT_004600,failed,payload_too_large,False,reduce_payload
EVT_002038,delivered,none,False,none
EVT_004304,recovered,malformed_response,False,none
EVT_002088,delivered,none,False,none
EVT_001134,recovered,customer_endpoint_down,False,none
EVT_000509,expired,customer_endpoint_down,False,notify_customer
EVT_001192,expired,customer_endpoint_down,False,notify_customer
EVT_001984,failed,payload_too_large,False,reduce_payload
EVT_002239,failed,payload_too_large,False,reduce_payload
EVT_001423,failed,payload_too_large,False,reduce_payload
EVT_001382,failed,payload_too_large,False,reduce_payload
EVT_000616,delivered,none,False,none
EVT_000734,failed,customer_endpoint_down,True,replay_after_fix
EVT_002267,failed,payload_too_large,False,reduce_payload
EVT_001544,recovered,invalid_signature,False,none
EVT_002271,failed,endpoint_deleted,False,contact_customer
EVT_003022,failed,endpoint_deleted,False,contact_customer
EVT_003355,failed,endpoint_deleted,False,contact_customer
EVT_000704,failed,payload_too_large,False,reduce_payload
EVT_001670,recovered,invalid_signature,False,none
EVT_001524,failed,payload_too_large,False,reduce_payload
EVT_004173,failed,payload_too_large,False,reduce_payload
EVT_002299,failed,customer_endpoint_down,True,replay_after_fix
EVT_000171,recovered,rate_limited,False,none
EVT_002075,failed,endpoint_deleted,False,contact_customer
EVT_000511,failed,payload_too_large,False,reduce_payload
EVT_004734,failed,payload_too_large,False,reduce_payload
EVT_004745,delivered,none,False,none
EVT_002766,failed,payload_too_large,False,reduce_payload
EVT_000615,recovered,rate_limited,False,none
EVT_000776,failed,payload_too_large,False,reduce_payload
EVT_001573,failed,payload_too_large,False,reduce_payload
EVT_002069,failed,endpoint_deleted,False,contact_customer
EVT_001633,failed,endpoint_deleted,False,contact_customer
EVT_000386,failed,payload_too_large,False,reduce_payload
EVT_004695,failed,payload_too_large,False,reduce_payload
EVT_003061,delivered,none,False,none
EVT_002275,failed,endpoint_deleted,False,contact_customer
EVT_004479,delivered,none,False,none
EVT_001016,delivered,none,False,none
EVT_002180,delivered,none,False,none
EVT_000490,failed,payload_too_large,False,reduce_payload
EVT_002237,failed,payload_too_large,False,reduce_payload
EVT_004260,failed,payload_too_large,False,reduce_payload
EVT_002097,failed,payload_too_large,False,reduce_payload
EVT_001970,expired,customer_endpoint_down,False,notify_customer
EVT_001254,failed,payload_too_large,False,reduce_payload
EVT_000427,delivered,none,False,none
EVT_002688,failed,customer_endpoint_down,True,replay_after_fix
EVT_001664,failed,payload_too_large,False,reduce_payload
EVT_002484,failed,payload_too_large,False,reduce_payload
EVT_000960,failed,payload_too_large,False,reduce_payload
EVT_004280,failed,payload_too_large,False,reduce_payload
EVT_001980,failed,payload_too_large,False,reduce_payload
EVT_003202,delivered,none,False,none
EVT_001669,recovered,malformed_response,False,none
EVT_001745,delivered,none,False,none
EVT_003223,failed,payload_too_large,False,reduce_payload
EVT_002503,failed,customer_endpoint_down,True,replay_after_fix
EVT_000962,delivered,none,False,none
EVT_003538,failed,endpoint_deleted,False,contact_customer
EVT_001341,failed,payload_too_large,False,reduce_payload
EVT_001941,failed,payload_too_large,False,reduce_payload
EVT_003027,recovered,invalid_signature,False,none
EVT_000207,failed,endpoint_deleted,False,contact_customer
EVT_001076,failed,customer_endpoint_down,True,replay_after_fix
EVT_004158,expired,customer_endpoint_down,False,notify_customer
EVT_001578,failed,payload_too_large,False,reduce_payload
EVT_001846,failed,payload_too_large,False,reduce_payload
EVT_000956,failed,payload_too_large,False,reduce_payload
EVT_002023,recovered,rate_limited,False,none
EVT_002058,delivered,none,False,none
EVT_004804,failed,payload_too_large,False,reduce_payload
EVT_001009,delivered,none,False,none
EVT_004089,recovered,customer_endpoint_down,False,none
EVT_002401,failed,customer_endpoint_down,True,replay_after_fix
EVT_000107,delivered,none,False,none
EVT_001371,recovered,rate_limited,False,none
EVT_000943,failed,payload_too_large,False,reduce_payload
EVT_004825,failed,payload_too_large,False,reduce_payload
EVT_000290,failed,payload_too_large,False,reduce_payload
EVT_001506,failed,payload_too_large,False,reduce_payload
EVT_004355,failed,customer_endpoint_down,True,replay_after_fix
EVT_002639,failed,endpoint_deleted,False,contact_customer
EVT_001096,duplicate,duplicate_event,False,investigate_idempotency
EVT_003041,recovered,customer_endpoint_down,False,none
EVT_003412,delivered,none,False,none
EVT_001948,delivered,none,False,none
EVT_000792,failed,payload_too_large,False,reduce_payload
EVT_003562,failed,endpoint_deleted,False,contact_customer
EVT_000963,recovered,invalid_signature,False,none
EVT_001224,recovered,customer_endpoint_down,False,none
EVT_002923,failed,payload_too_large,False,reduce_payload
EVT_000249,failed,endpoint_deleted,False,contact_customer
EVT_001252,expired,customer_endpoint_down,False,notify_customer
EVT_000670,failed,payload_too_large,False,reduce_payload
EVT_002908,delivered,none,False,none
EVT_002232,failed,payload_too_large,False,reduce_payload
EVT_002214,delivered,none,False,none
EVT_003509,delivered,none,False,none
EVT_004922,failed,endpoint_deleted,False,contact_customer
EVT_003124,failed,endpoint_deleted,False,contact_customer
EVT_004926,recovered,customer_endpoint_down,False,none
EVT_000862,failed,payload_too_large,False,reduce_payload
EVT_004214,failed,payload_too_large,False,reduce_payload
EVT_003841,failed,payload_too_large,False,reduce_payload
EVT_004424,failed,payload_too_large,False,reduce_payload
EVT_004094,failed,payload_too_large,False,reduce_payload
EVT_002199,delivered,none,False,none
EVT_004889,failed,payload_too_large,False,reduce_payload
EVT_000169,failed,endpoint_deleted,False,contact_customer
EVT_001910,recovered,invalid_signature,False,none
EVT_000461,failed,endpoint_deleted,False,contact_customer
EVT_002883,recovered,customer_endpoint_down,False,none
EVT_003571,delivered,none,False,none
EVT_001122,delivered,none,False,none
EVT_003532,failed,payload_too_large,False,reduce_payload
EVT_001027,failed,customer_endpoint_down,True,replay_after_fix
EVT_000124,failed,payload_too_large,False,reduce_payload
EVT_001410,recovered,rate_limited,False,none
EVT_003889,recovered,customer_endpoint_down,False,none
EVT_001323,failed,payload_too_large,False,reduce_payload
EVT_000330,failed,endpoint_deleted,False,contact_customer
EVT_002110,failed,endpoint_deleted,False,contact_customer
EVT_002957,delivered,none,False,none
EVT_002290,failed,payload_too_large,False,reduce_payload
EVT_001653,expired,customer_endpoint_down,False,notify_customer
EVT_004154,failed,payload_too_large,False,reduce_payload
EVT_002742,failed,payload_too_large,False,reduce_payload
EVT_001472,failed,payload_too_large,False,reduce_payload
EVT_000482,failed,endpoint_deleted,False,contact_customer
EVT_002200,failed,payload_too_large,False,reduce_payload
EVT_002950,failed,payload_too_large,False,reduce_payload
EVT_001041,delivered,none,False,none
EVT_004379,delivered,none,False,none
EVT_000210,failed,endpoint_deleted,False,contact_customer
EVT_000618,failed,customer_endpoint_down,True,replay_after_fix
EVT_004127,recovered,customer_endpoint_down,False,none
EVT_004267,recovered,customer_endpoint_down,False,none
EVT_001062,delivered,none,False,none
EVT_001516,failed,payload_too_large,False,reduce_payload
EVT_003982,delivered,none,False,none
EVT_004989,failed,payload_too_large,False,reduce_payload
EVT_001008,recovered,customer_endpoint_down,False,none
EVT_000541,failed,payload_too_large,False,reduce_payload
EVT_000798,recovered,customer_endpoint_down,False,none
EVT_002153,failed,endpoint_deleted,False,contact_customer
EVT_004918,recovered,invalid_signature,False,none
EVT_003375,duplicate,duplicate_event,False,investigate_idempotency
EVT_001320,recovered,malformed_response,False,none
EVT_001654,recovered,customer_endpoint_down,False,none
EVT_001131,recovered,customer_endpoint_down,False,none
EVT_003407,recovered,customer_endpoint_down,False,none
EVT_004049,failed,payload_too_large,False,reduce_payload
EVT_004981,failed,endpoint_deleted,False,contact_customer
EVT_001590,failed,malformed_response,True,replay_after_fix
EVT_003560,expired,customer_endpoint_down,False,notify_customer
EVT_003537,recovered,rate_limited,False,none
EVT_003234,failed,customer_endpoint_down,True,replay_after_fix
EVT_001763,failed,endpoint_deleted,False,contact_customer
EVT_000327,failed,payload_too_large,False,reduce_payload
EVT_003334,failed,payload_too_large,False,reduce_payload
EVT_002417,failed,payload_too_large,False,reduce_payload
EVT_002705,duplicate,duplicate_event,False,investigate_idempotency
EVT_004783,recovered,customer_endpoint_down,False,none
EVT_000529,failed,payload_too_large,False,reduce_payload
EVT_000283,failed,customer_endpoint_down,True,replay_after_fix
EVT_003722,failed,endpoint_deleted,False,contact_customer
EVT_002364,failed,customer_endpoint_down,True,replay_after_fix
EVT_003767,recovered,customer_endpoint_down,False,none
EVT_002970,failed,payload_too_large,False,reduce_payload
EVT_000856,recovered,rate_limited,False,none
EVT_002366,recovered,customer_endpoint_down,False,none
EVT_003366,recovered,customer_endpoint_down,False,none
EVT_000641,failed,payload_too_large,False,reduce_payload
EVT_003485,recovered,customer_endpoint_down,False,none
EVT_002039,failed,payload_too_large,False,reduce_payload
EVT_004872,delivered,none,False,none
EVT_000415,failed,customer_endpoint_down,True,replay_after_fix
EVT_000664,recovered,customer_endpoint_down,False,none
EVT_003851,recovered,customer_endpoint_down,False,none
EVT_003859,failed,payload_too_large,False,reduce_payload
EVT_001488,delivered,none,False,none
EVT_000524,failed,endpoint_deleted,False,contact_customer
EVT_000890,failed,customer_endpoint_down,True,replay_after_fix
EVT_004011,failed,payload_too_large,False,reduce_payload
EVT_003228,failed,customer_endpoint_down,True,replay_after_fix
EVT_000834,failed,payload_too_large,False,reduce_payload
EVT_000161,delivered,none,False,none
EVT_000297,failed,endpoint_deleted,False,contact_customer
EVT_003501,failed,endpoint_deleted,False,contact_customer
EVT_004581,failed,payload_too_large,False,reduce_payload
EVT_001728,delivered,none,False,none
EVT_000211,failed,payload_too_large,False,reduce_payload
EVT_004580,failed,payload_too_large,False,reduce_payload
EVT_003072,recovered,invalid_signature,False,none
EVT_002409,delivered,none,False,none
EVT_004864,delivered,none,False,none
EVT_004415,failed,payload_too_large,False,reduce_payload
EVT_001369,failed,payload_too_large,False,reduce_payload
EVT_001782,failed,payload_too_large,False,reduce_payload
EVT_000392,failed,payload_too_large,False,reduce_payload
EVT_004438,failed,endpoint_deleted,False,contact_customer
EVT_000371,failed,customer_endpoint_down,True,replay_after_fix
EVT_001836,failed,endpoint_deleted,False,contact_customer
EVT_000399,failed,payload_too_large,False,reduce_payload
EVT_000289,failed,customer_endpoint_down,True,replay_after_fix
EVT_004117,recovered,invalid_signature,False,none
EVT_004561,failed,payload_too_large,False,reduce_payload
EVT_003823,failed,payload_too_large,False,reduce_payload
EVT_002224,failed,malformed_response,True,replay_after_fix
EVT_001616,failed,endpoint_deleted,False,contact_customer
EVT_004446,recovered,customer_endpoint_down,False,none
EVT_004249,failed,payload_too_large,False,reduce_payload
EVT_000259,delivered,none,False,none
EVT_002258,failed,endpoint_deleted,False,contact_customer
EVT_001920,failed,endpoint_deleted,False,contact_customer
EVT_002658,failed,endpoint_deleted,False,contact_customer
EVT_003512,failed,malformed_response,True,replay_after_fix
EVT_004182,failed,payload_too_large,False,reduce_payload
EVT_003798,failed,payload_too_large,False,reduce_payload
EVT_000157,expired,customer_endpoint_down,False,notify_customer
EVT_003380,delivered,none,False,none
EVT_004834,recovered,customer_endpoint_down,False,none
EVT_004119,failed,payload_too_large,False,reduce_payload
EVT_002282,failed,payload_too_large,False,reduce_payload
EVT_003547,recovered,customer_endpoint_down,False,none
EVT_003029,failed,payload_too_large,False,reduce_payload
EVT_000158,failed,payload_too_large,False,reduce_payload
EVT_002581,failed,payload_too_large,False,reduce_payload
EVT_003480,recovered,customer_endpoint_down,False,none
EVT_002729,recovered,rate_limited,False,none
EVT_000996,delivered,none,False,none
EVT_001521,delivered,none,False,none
EVT_002880,recovered,invalid_signature,False,none
EVT_003875,delivered,none,False,none
EVT_001978,failed,endpoint_deleted,False,contact_customer
EVT_004312,failed,endpoint_deleted,False,contact_customer
EVT_002850,failed,payload_too_large,False,reduce_payload
EVT_004129,failed,endpoint_deleted,False,contact_customer
EVT_001551,recovered,rate_limited,False,none
EVT_004907,failed,payload_too_large,False,reduce_payload
EVT_002564,delivered,none,False,none
EVT_000433,duplicate,duplicate_event,False,investigate_idempotency
EVT_004363,recovered,customer_endpoint_down,False,none
EVT_000565,delivered,none,False,none
EVT_002832,failed,customer_endpoint_down,True,replay_after_fix
EVT_002219,delivered,none,False,none
EVT_000692,failed,payload_too_large,False,reduce_payload
EVT_001240,failed,endpoint_deleted,False,contact_customer
EVT_000740,failed,customer_endpoint_down,True,replay_after_fix
EVT_001869,delivered,none,False,none
EVT_002351,failed,payload_too_large,False,reduce_payload
EVT_002317,failed,endpoint_deleted,False,contact_customer
EVT_004160,expired,customer_endpoint_down,False,notify_customer
EVT_000234,failed,payload_too_large,False,reduce_payload
EVT_002131,delivered,none,False,none
EVT_003523,failed,payload_too_large,False,reduce_payload
EVT_004599,delivered,none,False,none
EVT_004168,recovered,customer_endpoint_down,False,none
EVT_001127,failed,payload_too_large,False,reduce_payload
EVT_000121,delivered,none,False,none
EVT_001593,duplicate,duplicate_event,False,investigate_idempotency
EVT_001603,recovered,invalid_signature,False,none
EVT_004529,recovered,customer_endpoint_down,False,none
EVT_004635,failed,customer_endpoint_down,True,replay_after_fix
EVT_002619,delivered,none,False,none
EVT_003944,failed,endpoint_deleted,False,contact_customer
EVT_003568,recovered,invalid_signature,False,none
EVT_003564,duplicate,duplicate_event,False,investigate_idempotency
EVT_004047,expired,customer_endpoint_down,False,notify_customer
EVT_002107,failed,payload_too_large,False,reduce_payload
EVT_003971,recovered,customer_endpoint_down,False,none
EVT_002305,failed,customer_endpoint_down,True,replay_after_fix
EVT_003220,recovered,invalid_signature,False,none
EVT_001282,recovered,customer_endpoint_down,False,none
EVT_000229,failed,endpoint_deleted,False,contact_customer
EVT_003526,failed,endpoint_deleted,False,contact_customer
EVT_004698,failed,endpoint_deleted,False,contact_customer
EVT_002098,recovered,rate_limited,False,none
EVT_003945,recovered,invalid_signature,False,none
EVT_003506,delivered,none,False,none
EVT_001819,failed,payload_too_large,False,reduce_payload
EVT_003838,recovered,rate_limited,False,none
EVT_002505,recovered,customer_endpoint_down,False,none
EVT_000451,recovered,customer_endpoint_down,False,none
EVT_002914,recovered,customer_endpoint_down,False,none
EVT_002316,failed,payload_too_large,False,reduce_payload
EVT_001938,failed,endpoint_deleted,False,contact_customer
EVT_001183,recovered,customer_endpoint_down,False,none
EVT_003458,failed,payload_too_large,False,reduce_payload
EVT_000226,failed,payload_too_large,False,reduce_payload
EVT_001993,failed,payload_too_large,False,reduce_payload
EVT_004545,recovered,rate_limited,False,none
EVT_000550,failed,payload_too_large,False,reduce_payload
EVT_003473,failed,customer_endpoint_down,True,replay_after_fix
EVT_003974,failed,payload_too_large,False,reduce_payload
EVT_001108,delivered,none,False,none
EVT_000186,failed,customer_endpoint_down,True,replay_after_fix
EVT_003879,recovered,customer_endpoint_down,False,none
EVT_003665,failed,endpoint_deleted,False,contact_customer
EVT_001838,failed,payload_too_large,False,reduce_payload
EVT_001768,delivered,none,False,none
EVT_001849,failed,endpoint_deleted,False,contact_customer
EVT_003159,recovered,customer_endpoint_down,False,none
EVT_003621,failed,payload_too_large,False,reduce_payload
EVT_002570,delivered,none,False,none
EVT_004767,recovered,rate_limited,False,none
EVT_002746,failed,endpoint_deleted,False,contact_customer
EVT_004766,duplicate,duplicate_event,False,investigate_idempotency
EVT_000012,recovered,invalid_signature,False,none
EVT_002091,failed,customer_endpoint_down,True,replay_after_fix
EVT_002702,failed,payload_too_large,False,reduce_payload
EVT_004844,failed,customer_endpoint_down,True,replay_after_fix
EVT_000077,failed,payload_too_large,False,reduce_payload
EVT_003828,failed,customer_endpoint_down,True,replay_after_fix
EVT_002135,recovered,customer_endpoint_down,False,none
EVT_001964,recovered,rate_limited,False,none
EVT_000379,failed,payload_too_large,False,reduce_payload
EVT_001627,delivered,none,False,none
EVT_003592,failed,endpoint_deleted,False,contact_customer
EVT_004196,failed,endpoint_deleted,False,contact_customer
EVT_003446,delivered,none,False,none
EVT_003528,recovered,customer_endpoint_down,False,none
EVT_003261,failed,customer_endpoint_down,True,replay_after_fix
EVT_002121,expired,customer_endpoint_down,False,notify_customer
EVT_000257,failed,customer_endpoint_down,True,replay_after_fix
EVT_004653,failed,malformed_response,True,replay_after_fix
EVT_001523,recovered,customer_endpoint_down,False,none
EVT_001248,recovered,customer_endpoint_down,False,none
EVT_004861,recovered,customer_endpoint_down,False,none
EVT_000769,failed,payload_too_large,False,reduce_payload
EVT_001918,delivered,none,False,none
EVT_000152,delivered,none,False,none
EVT_005000,recovered,customer_endpoint_down,False,none
EVT_003150,failed,payload_too_large,False,reduce_payload
EVT_000789,recovered,invalid_signature,False,none
EVT_003255,failed,endpoint_deleted,False,contact_customer
EVT_004252,failed,endpoint_deleted,False,contact_customer
EVT_004986,recovered,rate_limited,False,none
EVT_001415,delivered,none,False,none
EVT_000532,recovered,customer_endpoint_down,False,none
EVT_004578,failed,malformed_response,True,replay_after_fix
EVT_000090,failed,endpoint_deleted,False,contact_customer
EVT_000084,failed,endpoint_deleted,False,contact_customer
EVT_003042,delivered,none,False,none
EVT_004052,failed,payload_too_large,False,reduce_payload
EVT_003586,recovered,rate_limited,False,none
EVT_002093,failed,payload_too_large,False,reduce_payload
EVT_001672,failed,payload_too_large,False,reduce_payload
EVT_000620,delivered,none,False,none
EVT_001645,failed,payload_too_large,False,reduce_payload
EVT_002513,failed,payload_too_large,False,reduce_payload
EVT_004807,failed,payload_too_large,False,reduce_payload
EVT_001487,failed,endpoint_deleted,False,contact_customer
EVT_000243,recovered,customer_endpoint_down,False,none
EVT_001379,failed,payload_too_large,False,reduce_payload
EVT_004950,recovered,malformed_response,False,none
EVT_002336,delivered,none,False,none
EVT_001857,failed,payload_too_large,False,reduce_payload
EVT_000368,failed,payload_too_large,False,reduce_payload
EVT_000682,failed,payload_too_large,False,reduce_payload
EVT_004450,failed,endpoint_deleted,False,contact_customer
EVT_001039,delivered,none,False,none
EVT_004614,failed,payload_too_large,False,reduce_payload
EVT_000247,failed,endpoint_deleted,False,contact_customer
EVT_004976,failed,payload_too_large,False,reduce_payload
EVT_002872,failed,endpoint_deleted,False,contact_customer
EVT_004030,recovered,customer_endpoint_down,False,none
EVT_003362,delivered,none,False,none
EVT_002112,failed,payload_too_large,False,reduce_payload
EVT_002077,failed,customer_endpoint_down,True,replay_after_fix
EVT_001898,failed,endpoint_deleted,False,contact_customer
EVT_002087,duplicate,duplicate_event,False,investigate_idempotency
EVT_003845,failed,endpoint_deleted,False,contact_customer
EVT_002622,recovered,customer_endpoint_down,False,none
EVT_003135,failed,payload_too_large,False,reduce_payload
EVT_003867,failed,payload_too_large,False,reduce_payload
EVT_002259,failed,endpoint_deleted,False,contact_customer
EVT_001755,failed,payload_too_large,False,reduce_payload
EVT_000478,failed,endpoint_deleted,False,contact_customer
EVT_004147,recovered,rate_limited,False,none
EVT_001100,failed,payload_too_large,False,reduce_payload
EVT_004674,failed,payload_too_large,False,reduce_payload
EVT_003520,delivered,none,False,none
EVT_002944,delivered,none,False,none
EVT_003645,failed,payload_too_large,False,reduce_payload
EVT_003390,delivered,none,False,none
EVT_000838,delivered,none,False,none
EVT_002612,recovered,customer_endpoint_down,False,none
EVT_002526,failed,endpoint_deleted,False,contact_customer
EVT_003114,failed,customer_endpoint_down,True,replay_after_fix
EVT_001799,recovered,invalid_signature,False,none
EVT_003080,delivered,none,False,none
EVT_004603,recovered,invalid_signature,False,none
EVT_004708,recovered,invalid_signature,False,none
EVT_000138,failed,payload_too_large,False,reduce_payload
EVT_000661,recovered,malformed_response,False,none
EVT_002485,failed,malformed_response,True,replay_after_fix
EVT_001580,failed,endpoint_deleted,False,contact_customer
EVT_002428,delivered,none,False,none
EVT_001951,recovered,customer_endpoint_down,False,none
EVT_003912,failed,payload_too_large,False,reduce_payload
EVT_000104,failed,payload_too_large,False,reduce_payload
EVT_003557,failed,payload_too_large,False,reduce_payload
EVT_002002,recovered,customer_endpoint_down,False,none
EVT_000584,failed,endpoint_deleted,False,contact_customer
EVT_000209,failed,payload_too_large,False,reduce_payload
EVT_000129,failed,payload_too_large,False,reduce_payload
EVT_002550,failed,payload_too_large,False,reduce_payload
EVT_002730,recovered,rate_limited,False,none
EVT_002539,failed,payload_too_large,False,reduce_payload
EVT_003877,failed,payload_too_large,False,reduce_payload
EVT_001469,expired,customer_endpoint_down,False,notify_customer
EVT_001618,failed,payload_too_large,False,reduce_payload
EVT_000292,failed,payload_too_large,False,reduce_payload
EVT_004491,failed,payload_too_large,False,reduce_payload
EVT_002709,recovered,customer_endpoint_down,False,none
EVT_001043,delivered,none,False,none
EVT_001641,delivered,none,False,none
EVT_003901,failed,payload_too_large,False,reduce_payload
EVT_001012,failed,endpoint_deleted,False,contact_customer
EVT_001486,failed,payload_too_large,False,reduce_payload
EVT_002056,recovered,rate_limited,False,none
EVT_001569,failed,customer_endpoint_down,True,replay_after_fix
EVT_004430,recovered,malformed_response,False,none
EVT_002371,failed,payload_too_large,False,reduce_payload
EVT_003095,recovered,rate_limited,False,none
EVT_003811,failed,customer_endpoint_down,True,replay_after_fix
EVT_001797,recovered,customer_endpoint_down,False,none
EVT_001694,recovered,rate_limited,False,none
EVT_004764,recovered,customer_endpoint_down,False,none
EVT_004208,failed,customer_endpoint_down,True,replay_after_fix
EVT_002839,delivered,none,False,none
EVT_000847,failed,endpoint_deleted,False,contact_customer
EVT_000083,recovered,customer_endpoint_down,False,none
EVT_003844,failed,endpoint_deleted,False,contact_customer
EVT_003460,failed,endpoint_deleted,False,contact_customer
EVT_003287,failed,customer_endpoint_down,True,replay_after_fix
EVT_001726,failed,endpoint_deleted,False,contact_customer
EVT_001455,failed,payload_too_large,False,reduce_payload
EVT_003011,failed,payload_too_large,False,reduce_payload
EVT_001198,failed,payload_too_large,False,reduce_payload
EVT_000725,failed,endpoint_deleted,False,contact_customer
EVT_004638,failed,payload_too_large,False,reduce_payload
EVT_001840,recovered,customer_endpoint_down,False,none
EVT_001442,failed,customer_endpoint_down,True,replay_after_fix
EVT_002277,recovered,customer_endpoint_down,False,none
EVT_001146,failed,endpoint_deleted,False,contact_customer
EVT_004714,recovered,rate_limited,False,none
EVT_004200,failed,endpoint_deleted,False,contact_customer
EVT_001888,recovered,invalid_signature,False,none
EVT_002081,recovered,customer_endpoint_down,False,none
EVT_001781,failed,endpoint_deleted,False,contact_customer
EVT_004899,failed,payload_too_large,False,reduce_payload
EVT_004743,failed,payload_too_large,False,reduce_payload
EVT_004131,failed,payload_too_large,False,reduce_payload
EVT_003650,failed,endpoint_deleted,False,contact_customer
EVT_004177,failed,endpoint_deleted,False,contact_customer
EVT_000137,delivered,none,False,none
EVT_000005,failed,payload_too_large,False,reduce_payload
EVT_000334,delivered,none,False,none
EVT_004393,failed,payload_too_large,False,reduce_payload
EVT_003413,failed,payload_too_large,False,reduce_payload
EVT_001160,recovered,customer_endpoint_down,False,none
EVT_002136,failed,payload_too_large,False,reduce_payload
EVT_004588,failed,endpoint_deleted,False,contact_customer
EVT_001808,failed,malformed_response,True,replay_after_fix
EVT_000332,expired,customer_endpoint_down,False,notify_customer
EVT_004174,duplicate,duplicate_event,False,investigate_idempotency
EVT_002453,delivered,none,False,none
EVT_002967,delivered,none,False,none
EVT_002996,failed,endpoint_deleted,False,contact_customer
EVT_003326,duplicate,duplicate_event,False,investigate_idempotency
EVT_002881,failed,payload_too_large,False,reduce_payload
EVT_000737,recovered,customer_endpoint_down,False,none
EVT_002238,recovered,customer_endpoint_down,False,none
EVT_000975,recovered,customer_endpoint_down,False,none
EVT_003461,expired,customer_endpoint_down,False,notify_customer
EVT_003214,failed,endpoint_deleted,False,contact_customer
EVT_004360,failed,payload_too_large,False,reduce_payload
EVT_002284,failed,endpoint_deleted,False,contact_customer
EVT_003379,delivered,none,False,none
EVT_000282,failed,payload_too_large,False,reduce_payload
EVT_004107,failed,payload_too_large,False,reduce_payload
EVT_001117,recovered,invalid_signature,False,none
EVT_003669,recovered,customer_endpoint_down,False,none
EVT_003044,failed,endpoint_deleted,False,contact_customer
EVT_003109,failed,endpoint_deleted,False,contact_customer
EVT_004256,delivered,none,False,none
EVT_002719,delivered,none,False,none
EVT_004646,recovered,invalid_signature,False,none
EVT_000091,failed,payload_too_large,False,reduce_payload
EVT_000662,delivered,none,False,none
EVT_002812,failed,payload_too_large,False,reduce_payload
EVT_004091,failed,endpoint_deleted,False,contact_customer
EVT_002687,failed,malformed_response,True,replay_after_fix
EVT_000935,failed,endpoint_deleted,False,contact_customer
EVT_003939,failed,payload_too_large,False,reduce_payload
EVT_002594,recovered,customer_endpoint_down,False,none
EVT_002152,failed,endpoint_deleted,False,contact_customer
EVT_004541,failed,payload_too_large,False,reduce_payload
EVT_002410,failed,payload_too_large,False,reduce_payload
EVT_004960,failed,customer_endpoint_down,True,replay_after_fix
EVT_001427,failed,payload_too_large,False,reduce_payload
EVT_003719,failed,payload_too_large,False,reduce_payload
EVT_000400,failed,payload_too_large,False,reduce_payload
EVT_001377,recovered,invalid_signature,False,none
EVT_003980,failed,payload_too_large,False,reduce_payload
EVT_000052,failed,payload_too_large,False,reduce_payload
EVT_001119,failed,payload_too_large,False,reduce_payload
EVT_000353,delivered,none,False,none
EVT_001969,failed,endpoint_deleted,False,contact_customer
EVT_001863,recovered,customer_endpoint_down,False,none
EVT_004057,delivered,none,False,none
EVT_000674,failed,endpoint_deleted,False,contact_customer
EVT_001036,failed,payload_too_large,False,reduce_payload
EVT_001974,failed,customer_endpoint_down,True,replay_after_fix
EVT_001640,failed,endpoint_deleted,False,contact_customer
EVT_002128,failed,endpoint_deleted,False,contact_customer
EVT_000197,delivered,none,False,none
EVT_001788,failed,endpoint_deleted,False,contact_customer
EVT_001541,failed,payload_too_large,False,reduce_payload
EVT_003789,recovered,customer_endpoint_down,False,none
EVT_001353,delivered,none,False,none
EVT_001522,duplicate,duplicate_event,False,investigate_idempotency
EVT_000880,failed,endpoint_deleted,False,contact_customer
EVT_004933,recovered,customer_endpoint_down,False,none
EVT_000149,failed,payload_too_large,False,reduce_payload
EVT_001713,failed,customer_endpoint_down,True,replay_after_fix
EVT_000457,failed,endpoint_deleted,False,contact_customer
EVT_000029,failed,payload_too_large,False,reduce_payload
EVT_003559,failed,payload_too_large,False,reduce_payload
EVT_002555,failed,payload_too_large,False,reduce_payload
EVT_000464,delivered,none,False,none
EVT_000703,failed,customer_endpoint_down,True,replay_after_fix
EVT_001518,delivered,none,False,none
EVT_001025,failed,payload_too_large,False,reduce_payload
EVT_002602,delivered,none,False,none
EVT_001053,delivered,none,False,none
EVT_004997,failed,endpoint_deleted,False,contact_customer
EVT_000942,failed,endpoint_deleted,False,contact_customer
EVT_003352,delivered,none,False,none
EVT_002585,failed,customer_endpoint_down,True,replay_after_fix
EVT_001021,failed,endpoint_deleted,False,contact_customer
EVT_004074,failed,payload_too_large,False,reduce_payload
EVT_002920,failed,endpoint_deleted,False,contact_customer
EVT_004331,delivered,none,False,none
EVT_003717,recovered,customer_endpoint_down,False,none
EVT_003964,recovered,customer_endpoint_down,False,none
EVT_004305,failed,payload_too_large,False,reduce_payload
EVT_001386,failed,payload_too_large,False,reduce_payload
EVT_004317,recovered,customer_endpoint_down,False,none
EVT_004082,delivered,none,False,none
EVT_002789,duplicate,duplicate_event,False,investigate_idempotency
EVT_000828,failed,payload_too_large,False,reduce_payload
EVT_003808,failed,payload_too_large,False,reduce_payload
EVT_002099,recovered,rate_limited,False,none
EVT_002427,failed,customer_endpoint_down,True,replay_after_fix
EVT_002884,delivered,none,False,none
EVT_003335,failed,payload_too_large,False,reduce_payload
EVT_001892,delivered,none,False,none
EVT_002446,recovered,invalid_signature,False,none
EVT_001707,failed,payload_too_large,False,reduce_payload
EVT_002945,failed,payload_too_large,False,reduce_payload
EVT_002230,failed,payload_too_large,False,reduce_payload
EVT_000324,failed,customer_endpoint_down,True,replay_after_fix
EVT_002575,failed,customer_endpoint_down,True,replay_after_fix
EVT_002882,delivered,none,False,none
EVT_004510,failed,payload_too_large,False,reduce_payload
EVT_003754,delivered,none,False,none
EVT_001222,failed,payload_too_large,False,reduce_payload
EVT_000477,failed,endpoint_deleted,False,contact_customer
EVT_003928,recovered,customer_endpoint_down,False,none
EVT_002344,failed,endpoint_deleted,False,contact_customer
EVT_000520,recovered,invalid_signature,False,none
EVT_002063,failed,payload_too_large,False,reduce_payload
EVT_001162,failed,endpoint_deleted,False,contact_customer
EVT_000391,failed,payload_too_large,False,reduce_payload
EVT_004681,failed,payload_too_large,False,reduce_payload
EVT_001685,failed,payload_too_large,False,reduce_payload
EVT_000319,failed,payload_too_large,False,reduce_payload
EVT_000098,failed,malformed_response,True,replay_after_fix
EVT_001532,delivered,none,False,none
EVT_003613,failed,customer_endpoint_down,True,replay_after_fix
EVT_002693,delivered,none,False,none
EVT_002468,delivered,none,False,none
EVT_003569,failed,payload_too_large,False,reduce_payload
EVT_002362,failed,payload_too_large,False,reduce_payload
EVT_004913,delivered,none,False,none
EVT_004977,failed,customer_endpoint_down,True,replay_after_fix
EVT_000150,failed,endpoint_deleted,False,contact_customer
EVT_001598,failed,customer_endpoint_down,True,replay_after_fix
EVT_002773,failed,payload_too_large,False,reduce_payload
EVT_004372,failed,payload_too_large,False,reduce_payload
EVT_001919,failed,endpoint_deleted,False,contact_customer
EVT_001515,failed,payload_too_large,False,reduce_payload
EVT_001408,recovered,customer_endpoint_down,False,none
EVT_000950,failed,payload_too_large,False,reduce_payload
EVT_003383,failed,customer_endpoint_down,True,replay_after_fix
EVT_000394,failed,customer_endpoint_down,True,replay_after_fix
EVT_003642,failed,endpoint_deleted,False,contact_customer
EVT_001374,failed,customer_endpoint_down,True,replay_after_fix
EVT_003924,failed,payload_too_large,False,reduce_payload
EVT_003498,failed,customer_endpoint_down,True,replay_after_fix
EVT_000722,expired,customer_endpoint_down,False,notify_customer
EVT_004968,delivered,none,False,none
EVT_000879,recovered,customer_endpoint_down,False,none
EVT_001960,failed,payload_too_large,False,reduce_payload
EVT_000690,recovered,customer_endpoint_down,False,none
EVT_002666,failed,endpoint_deleted,False,contact_customer
EVT_002109,delivered,none,False,none
EVT_001691,failed,payload_too_large,False,reduce_payload
EVT_002827,failed,endpoint_deleted,False,contact_customer
EVT_004777,failed,customer_endpoint_down,True,replay_after_fix
EVT_000366,failed,payload_too_large,False,reduce_payload
EVT_003774,failed,payload_too_large,False,reduce_payload
EVT_003809,failed,endpoint_deleted,False,contact_customer
EVT_002632,delivered,none,False,none
EVT_003795,failed,malformed_response,True,replay_after_fix
EVT_000240,failed,payload_too_large,False,reduce_payload
EVT_003056,failed,payload_too_large,False,reduce_payload
EVT_001979,recovered,customer_endpoint_down,False,none
EVT_004086,recovered,invalid_signature,False,none
EVT_004339,delivered,none,False,none
EVT_002262,failed,endpoint_deleted,False,contact_customer
EVT_002765,failed,payload_too_large,False,reduce_payload
EVT_004632,recovered,customer_endpoint_down,False,none
EVT_002067,failed,payload_too_large,False,reduce_payload
EVT_001308,recovered,customer_endpoint_down,False,none
EVT_001861,failed,payload_too_large,False,reduce_payload
EVT_002080,delivered,none,False,none
EVT_000558,recovered,customer_endpoint_down,False,none
EVT_003680,recovered,customer_endpoint_down,False,none
EVT_001407,duplicate,duplicate_event,False,investigate_idempotency
EVT_001769,failed,payload_too_large,False,reduce_payload
EVT_004143,recovered,customer_endpoint_down,False,none
EVT_000581,failed,customer_endpoint_down,True,replay_after_fix
EVT_000086,failed,customer_endpoint_down,True,replay_after_fix
EVT_000191,failed,payload_too_large,False,reduce_payload
EVT_002518,failed,payload_too_large,False,reduce_payload
EVT_003377,failed,payload_too_large,False,reduce_payload
EVT_003589,failed,endpoint_deleted,False,contact_customer
EVT_000697,failed,payload_too_large,False,reduce_payload
EVT_002164,expired,customer_endpoint_down,False,notify_customer
EVT_001855,recovered,customer_endpoint_down,False,none
EVT_000246,expired,customer_endpoint_down,False,notify_customer
EVT_004691,failed,payload_too_large,False,reduce_payload
EVT_002195,failed,payload_too_large,False,reduce_payload
EVT_001967,failed,endpoint_deleted,False,contact_customer
EVT_003472,failed,payload_too_large,False,reduce_payload
EVT_001444,delivered,none,False,none
EVT_000552,delivered,none,False,none
EVT_002834,recovered,customer_endpoint_down,False,none
EVT_000895,recovered,invalid_signature,False,none
EVT_004457,delivered,none,False,none
EVT_003105,failed,payload_too_large,False,reduce_payload
EVT_002894,failed,payload_too_large,False,reduce_payload
EVT_001219,recovered,invalid_signature,False,none
EVT_001465,recovered,customer_endpoint_down,False,none
EVT_000817,failed,endpoint_deleted,False,contact_customer
EVT_003196,delivered,none,False,none
EVT_004388,failed,payload_too_large,False,reduce_payload
EVT_002527,recovered,customer_endpoint_down,False,none
EVT_002273,recovered,customer_endpoint_down,False,none
EVT_001944,recovered,customer_endpoint_down,False,none
EVT_002397,failed,endpoint_deleted,False,contact_customer
EVT_004987,failed,payload_too_large,False,reduce_payload
EVT_001267,recovered,invalid_signature,False,none
EVT_004352,recovered,customer_endpoint_down,False,none
EVT_000175,failed,payload_too_large,False,reduce_payload
EVT_002781,failed,payload_too_large,False,reduce_payload
EVT_001311,failed,payload_too_large,False,reduce_payload
EVT_000448,failed,endpoint_deleted,False,contact_customer
EVT_003721,recovered,rate_limited,False,none
EVT_003423,failed,payload_too_large,False,reduce_payload
EVT_000276,recovered,customer_endpoint_down,False,none
EVT_001850,recovered,invalid_signature,False,none
EVT_002074,failed,endpoint_deleted,False,contact_customer
EVT_004201,failed,payload_too_large,False,reduce_payload
EVT_002922,recovered,customer_endpoint_down,False,none
EVT_004445,failed,payload_too_large,False,reduce_payload
EVT_002383,failed,payload_too_large,False,reduce_payload
EVT_004880,failed,malformed_response,True,replay_after_fix
EVT_003066,failed,endpoint_deleted,False,contact_customer
EVT_003925,delivered,none,False,none
EVT_003712,failed,payload_too_large,False,reduce_payload
EVT_003499,failed,payload_too_large,False,reduce_payload
EVT_003926,failed,customer_endpoint_down,True,replay_after_fix
EVT_000497,recovered,rate_limited,False,none
EVT_000116,failed,payload_too_large,False,reduce_payload
EVT_002031,failed,payload_too_large,False,reduce_payload
EVT_001212,delivered,none,False,none
EVT_000001,duplicate,duplicate_event,False,investigate_idempotency
EVT_001048,duplicate,duplicate_event,False,investigate_idempotency
EVT_001552,failed,payload_too_large,False,reduce_payload
EVT_000693,delivered,none,False,none
EVT_002586,recovered,invalid_signature,False,none
EVT_001255,failed,endpoint_deleted,False,contact_customer
EVT_004867,recovered,customer_endpoint_down,False,none
EVT_001111,failed,customer_endpoint_down,True,replay_after_fix
EVT_002444,delivered,none,False,none
EVT_004385,recovered,customer_endpoint_down,False,none
EVT_002478,failed,payload_too_large,False,reduce_payload
EVT_002209,delivered,none,False,none
EVT_001319,delivered,none,False,none
EVT_004488,delivered,none,False,none
EVT_000732,recovered,rate_limited,False,none
EVT_003337,recovered,customer_endpoint_down,False,none
EVT_000548,failed,payload_too_large,False,reduce_payload
EVT_001613,recovered,customer_endpoint_down,False,none
EVT_002062,failed,payload_too_large,False,reduce_payload
EVT_001447,recovered,rate_limited,False,none
EVT_001644,failed,payload_too_large,False,reduce_payload
EVT_003165,failed,payload_too_large,False,reduce_payload
EVT_004462,duplicate,duplicate_event,False,investigate_idempotency
EVT_001877,recovered,invalid_signature,False,none
EVT_001934,failed,endpoint_deleted,False,contact_customer
EVT_001513,failed,customer_endpoint_down,True,replay_after_fix
EVT_000389,failed,payload_too_large,False,reduce_payload
EVT_000204,failed,endpoint_deleted,False,contact_customer
EVT_001400,failed,endpoint_deleted,False,contact_customer
EVT_004475,recovered,invalid_signature,False,none
EVT_004742,failed,payload_too_large,False,reduce_payload
EVT_003736,failed,customer_endpoint_down,True,replay_after_fix
EVT_002716,recovered,invalid_signature,False,none
EVT_001167,failed,payload_too_large,False,reduce_payload
EVT_000406,failed,payload_too_large,False,reduce_payload
EVT_004507,delivered,none,False,none
EVT_002222,recovered,invalid_signature,False,none
EVT_004422,failed,endpoint_deleted,False,contact_customer
EVT_002294,failed,payload_too_large,False,reduce_payload
EVT_002288,failed,endpoint_deleted,False,contact_customer
EVT_000621,recovered,rate_limited,False,none
EVT_002439,failed,payload_too_large,False,reduce_payload
EVT_003054,failed,malformed_response,True,replay_after_fix
EVT_004342,failed,customer_endpoint_down,True,replay_after_fix
EVT_003365,recovered,customer_endpoint_down,False,none
EVT_003715,failed,endpoint_deleted,False,contact_customer
EVT_003310,failed,payload_too_large,False,reduce_payload
EVT_003208,delivered,none,False,none
EVT_000380,failed,payload_too_large,False,reduce_payload
EVT_003465,recovered,customer_endpoint_down,False,none
EVT_002567,failed,endpoint_deleted,False,contact_customer
EVT_000666,failed,endpoint_deleted,False,contact_customer
EVT_004093,failed,payload_too_large,False,reduce_payload
EVT_004670,failed,customer_endpoint_down,True,replay_after_fix
EVT_001018,recovered,malformed_response,False,none
EVT_000393,failed,endpoint_deleted,False,contact_customer
EVT_003513,failed,payload_too_large,False,reduce_payload
EVT_003801,failed,payload_too_large,False,reduce_payload
EVT_002849,recovered,malformed_response,False,none
EVT_003149,failed,malformed_response,True,replay_after_fix
EVT_002438,delivered,none,False,none
EVT_001145,failed,endpoint_deleted,False,contact_customer
EVT_003561,failed,payload_too_large,False,reduce_payload
EVT_001253,recovered,malformed_response,False,none
EVT_002752,duplicate,duplicate_event,False,investigate_idempotency
EVT_002528,failed,customer_endpoint_down,True,replay_after_fix
EVT_004340,failed,payload_too_large,False,reduce_payload
EVT_001859,failed,payload_too_large,False,reduce_payload
EVT_001118,failed,endpoint_deleted,False,contact_customer
EVT_000905,delivered,none,False,none
EVT_003549,failed,payload_too_large,False,reduce_payload
EVT_002521,failed,payload_too_large,False,reduce_payload
EVT_001211,failed,payload_too_large,False,reduce_payload
EVT_002234,failed,customer_endpoint_down,True,replay_after_fix
EVT_003678,recovered,customer_endpoint_down,False,none
EVT_002377,duplicate,duplicate_event,False,investigate_idempotency
EVT_004974,failed,payload_too_large,False,reduce_payload
EVT_004261,failed,payload_too_large,False,reduce_payload
EVT_001935,failed,endpoint_deleted,False,contact_customer
EVT_003932,failed,endpoint_deleted,False,contact_customer
EVT_002019,recovered,customer_endpoint_down,False,none
EVT_000060,expired,customer_endpoint_down,False,notify_customer
EVT_000553,failed,endpoint_deleted,False,contact_customer
EVT_002010,failed,endpoint_deleted,False,contact_customer
EVT_001171,failed,endpoint_deleted,False,contact_customer
EVT_004002,failed,customer_endpoint_down,True,replay_after_fix
EVT_003741,failed,endpoint_deleted,False,contact_customer
EVT_004109,delivered,none,False,none
EVT_004006,failed,payload_too_large,False,reduce_payload
EVT_000192,failed,payload_too_large,False,reduce_payload
EVT_003646,delivered,none,False,none
EVT_001178,failed,payload_too_large,False,reduce_payload
EVT_004303,duplicate,duplicate_event,False,investigate_idempotency
EVT_003454,recovered,customer_endpoint_down,False,none
EVT_004900,failed,endpoint_deleted,False,contact_customer
EVT_000821,recovered,invalid_signature,False,none
EVT_001775,failed,payload_too_large,False,reduce_payload
EVT_000413,recovered,invalid_signature,False,none
EVT_003357,delivered,none,False,none
EVT_000836,recovered,customer_endpoint_down,False,none
EVT_000492,failed,payload_too_large,False,reduce_payload
EVT_001608,failed,payload_too_large,False,reduce_payload
EVT_000787,failed,payload_too_large,False,reduce_payload
EVT_004072,failed,payload_too_large,False,reduce_payload
EVT_001132,duplicate,duplicate_event,False,investigate_idempotency
EVT_004110,failed,customer_endpoint_down,True,replay_after_fix
EVT_003515,recovered,customer_endpoint_down,False,none
EVT_001004,failed,payload_too_large,False,reduce_payload
EVT_001110,failed,payload_too_large,False,reduce_payload
EVT_000507,delivered,none,False,none
EVT_002092,failed,payload_too_large,False,reduce_payload
EVT_001024,failed,payload_too_large,False,reduce_payload
EVT_003799,failed,payload_too_large,False,reduce_payload
EVT_000179,failed,payload_too_large,False,reduce_payload
EVT_003819,failed,payload_too_large,False,reduce_payload
EVT_001493,recovered,customer_endpoint_down,False,none
EVT_001835,failed,payload_too_large,False,reduce_payload
EVT_001766,delivered,none,False,none
EVT_001749,duplicate,duplicate_event,False,investigate_idempotency
EVT_003235,recovered,rate_limited,False,none
EVT_004218,delivered,none,False,none
EVT_002347,duplicate,duplicate_event,False,investigate_idempotency
EVT_000633,failed,endpoint_deleted,False,contact_customer
EVT_000681,failed,payload_too_large,False,reduce_payload
EVT_002090,recovered,customer_endpoint_down,False,none
EVT_003299,failed,payload_too_large,False,reduce_payload
EVT_003329,failed,payload_too_large,False,reduce_payload
EVT_003415,recovered,customer_endpoint_down,False,none
EVT_003251,delivered,none,False,none
EVT_003158,failed,payload_too_large,False,reduce_payload
EVT_003760,failed,malformed_response,True,replay_after_fix
EVT_003296,recovered,customer_endpoint_down,False,none
EVT_001061,failed,payload_too_large,False,reduce_payload
EVT_003160,failed,payload_too_large,False,reduce_payload
EVT_002767,expired,customer_endpoint_down,False,notify_customer
EVT_003167,delivered,none,False,none
EVT_003483,failed,payload_too_large,False,reduce_payload
EVT_000901,delivered,none,False,none
EVT_001887,failed,payload_too_large,False,reduce_payload
EVT_004106,failed,endpoint_deleted,False,contact_customer
EVT_003850,failed,customer_endpoint_down,True,replay_after_fix
EVT_000626,recovered,customer_endpoint_down,False,none
EVT_002724,failed,customer_endpoint_down,True,replay_after_fix
EVT_000163,recovered,customer_endpoint_down,False,none
EVT_001830,failed,payload_too_large,False,reduce_payload
EVT_004500,delivered,none,False,none
EVT_002822,recovered,customer_endpoint_down,False,none
EVT_001543,failed,payload_too_large,False,reduce_payload
EVT_003630,failed,customer_endpoint_down,True,replay_after_fix
EVT_003781,failed,endpoint_deleted,False,contact_customer
EVT_001295,failed,payload_too_large,False,reduce_payload
EVT_000178,delivered,none,False,none
EVT_002768,failed,endpoint_deleted,False,contact_customer
EVT_002988,recovered,rate_limited,False,none
EVT_004789,failed,endpoint_deleted,False,contact_customer
EVT_001689,recovered,malformed_response,False,none
EVT_002833,delivered,none,False,none
EVT_002386,failed,payload_too_large,False,reduce_payload
EVT_000354,failed,endpoint_deleted,False,contact_customer
EVT_004774,recovered,rate_limited,False,none
EVT_001913,failed,payload_too_large,False,reduce_payload
EVT_003313,failed,payload_too_large,False,reduce_payload
EVT_003667,recovered,customer_endpoint_down,False,none
EVT_000373,failed,payload_too_large,False,reduce_payload
EVT_001094,recovered,invalid_signature,False,none
EVT_004609,failed,payload_too_large,False,reduce_payload
EVT_000560,failed,endpoint_deleted,False,contact_customer
EVT_002663,failed,endpoint_deleted,False,contact_customer
EVT_002912,failed,customer_endpoint_down,True,replay_after_fix
EVT_000180,recovered,customer_endpoint_down,False,none
EVT_002788,failed,payload_too_large,False,reduce_payload
EVT_003069,failed,customer_endpoint_down,True,replay_after_fix
EVT_002049,failed,payload_too_large,False,reduce_payload
EVT_001890,failed,payload_too_large,False,reduce_payload
EVT_001735,recovered,customer_endpoint_down,False,none
EVT_001124,failed,malformed_response,True,replay_after_fix
EVT_002654,failed,endpoint_deleted,False,contact_customer
EVT_001482,delivered,none,False,none
EVT_000220,failed,payload_too_large,False,reduce_payload
EVT_002500,failed,customer_endpoint_down,True,replay_after_fix
EVT_004791,recovered,customer_endpoint_down,False,none
EVT_000605,recovered,rate_limited,False,none
EVT_002524,delivered,none,False,none
EVT_001115,failed,payload_too_large,False,reduce_payload
EVT_003182,failed,customer_endpoint_down,True,replay_after_fix
EVT_000907,recovered,customer_endpoint_down,False,none
EVT_003001,failed,payload_too_large,False,reduce_payload
EVT_000504,expired,customer_endpoint_down,False,notify_customer
EVT_004284,failed,payload_too_large,False,reduce_payload
EVT_004297,failed,endpoint_deleted,False,contact_customer
EVT_000364,expired,customer_endpoint_down,False,notify_customer
EVT_001883,delivered,none,False,none
EVT_004458,failed,payload_too_large,False,reduce_payload
EVT_000540,failed,endpoint_deleted,False,contact_customer
EVT_004713,recovered,customer_endpoint_down,False,none
EVT_004793,failed,customer_endpoint_down,True,replay_after_fix
EVT_000106,failed,endpoint_deleted,False,contact_customer
EVT_003036,failed,payload_too_large,False,reduce_payload
EVT_000711,failed,payload_too_large,False,reduce_payload
EVT_004630,duplicate,duplicate_event,False,investigate_idempotency
EVT_004667,failed,payload_too_large,False,reduce_payload
EVT_003907,failed,customer_endpoint_down,True,replay_after_fix
EVT_003447,failed,payload_too_large,False,reduce_payload
EVT_001348,expired,customer_endpoint_down,False,notify_customer
EVT_000940,failed,customer_endpoint_down,True,replay_after_fix
EVT_000431,failed,endpoint_deleted,False,contact_customer
EVT_001128,failed,payload_too_large,False,reduce_payload
EVT_003241,delivered,none,False,none
EVT_004606,failed,payload_too_large,False,reduce_payload
EVT_003283,failed,payload_too_large,False,reduce_payload
EVT_001387,recovered,invalid_signature,False,none
EVT_004815,failed,payload_too_large,False,reduce_payload
EVT_001063,duplicate,duplicate_event,False,investigate_idempotency
EVT_000738,recovered,customer_endpoint_down,False,none
EVT_004692,failed,payload_too_large,False,reduce_payload
EVT_003004,delivered,none,False,none
EVT_002137,failed,payload_too_large,False,reduce_payload
EVT_001457,expired,customer_endpoint_down,False,notify_customer
EVT_003185,recovered,invalid_signature,False,none
EVT_002557,recovered,rate_limited,False,none
EVT_000531,recovered,customer_endpoint_down,False,none
EVT_001344,delivered,none,False,none
EVT_002495,failed,endpoint_deleted,False,contact_customer
EVT_000781,delivered,none,False,none
EVT_003784,expired,customer_endpoint_down,False,notify_customer
EVT_002973,failed,payload_too_large,False,reduce_payload
EVT_003097,recovered,customer_endpoint_down,False,none
EVT_004881,failed,payload_too_large,False,reduce_payload
EVT_003019,failed,payload_too_large,False,reduce_payload
EVT_002068,failed,customer_endpoint_down,True,replay_after_fix
EVT_000132,recovered,malformed_response,False,none
EVT_003703,duplicate,duplicate_event,False,investigate_idempotency
EVT_004330,failed,payload_too_large,False,reduce_payload
EVT_000567,recovered,customer_endpoint_down,False,none
EVT_000918,recovered,customer_endpoint_down,False,none
EVT_003991,failed,payload_too_large,False,reduce_payload
EVT_004240,failed,payload_too_large,False,reduce_payload
EVT_003327,failed,payload_too_large,False,reduce_payload
EVT_004175,failed,payload_too_large,False,reduce_payload
EVT_002392,failed,endpoint_deleted,False,contact_customer
EVT_001480,failed,customer_endpoint_down,True,replay_after_fix
EVT_003131,failed,payload_too_large,False,reduce_payload
EVT_002606,failed,payload_too_large,False,reduce_payload
EVT_000771,recovered,customer_endpoint_down,False,none
EVT_003116,failed,customer_endpoint_down,True,replay_after_fix
EVT_004824,recovered,customer_endpoint_down,False,none
EVT_004178,delivered,none,False,none
EVT_000967,failed,payload_too_large,False,reduce_payload
EVT_001816,failed,payload_too_large,False,reduce_payload
EVT_002840,duplicate,duplicate_event,False,investigate_idempotency
EVT_000484,recovered,invalid_signature,False,none
EVT_003002,recovered,rate_limited,False,none
EVT_002759,failed,endpoint_deleted,False,contact_customer
EVT_002086,failed,payload_too_large,False,reduce_payload
EVT_004413,failed,endpoint_deleted,False,contact_customer
EVT_003869,recovered,customer_endpoint_down,False,none
EVT_002165,failed,endpoint_deleted,False,contact_customer
EVT_003115,delivered,none,False,none
EVT_000227,failed,payload_too_large,False,reduce_payload
EVT_004935,recovered,customer_endpoint_down,False,none
EVT_000245,recovered,malformed_response,False,none
EVT_000481,failed,payload_too_large,False,reduce_payload
EVT_001790,delivered,none,False,none
EVT_000212,failed,payload_too_large,False,reduce_payload
