event_id,event_type,customer_id,invoice_id,created_at,payload_size_kb,idempotency_key,priority
EVT_000001,invoice.rejected,CUST_0016,INV_97207,2024-03-20T18:30:25Z,47.12,2bf4bb37-8f0e-4055-bc86-456ebff4931c,high
EVT_000002,invoice.rejected,CUST_0077,INV_23579,2024-03-01T16:07:02Z,29.32,a99e8c47-b6f6-44d9-8289-04a2ab9d93fc,low
EVT_000003,compliance.submitted,CUST_0045,INV_58176,2024-06-13T03:43:32Z,91.79,87bd12a2-d857-47ed-9ded-c7ba2d55e064,low
EVT_000004,compliance.failed,CUST_0078,INV_45054,2024-06-29T09:50:47Z,90.99,1fe4f774-550c-440f-a4d1-e20ba1500115,high
EVT_000005,invoice.validated,CUST_0001,INV_84228,2024-02-05T05:24:40Z,33.21,cfd7df4d-ee9e-4fcc-a513-e0957df1adff,low
EVT_000006,invoice.paid,CUST_0068,INV_65028,2024-02-11T18:35:30Z,73.61,54dc6c50-3bda-4023-af4f-889968022452,low
EVT_000007,invoice.validated,CUST_0007,INV_90981,2024-01-31T05:03:17Z,62.24,9074e648-697e-42de-99b1-5b705809e44c,critical
EVT_000008,invoice.paid,CUST_0078,INV_45804,2024-03-26T20:04:30Z,11.56,ee0bede4-fd1f-4dc0-aa91-f5cd5c998234,high
EVT_000009,compliance.submitted,CUST_0076,INV_97442,2024-04-04T11:52:22Z,16.11,e7a19ed3-c68a-4578-b33d-756c143bea56,low
EVT_000010,invoice.validated,CUST_0027,INV_27987,2024-02-28T12:42:57Z,93.42,d9f8634b-97a0-4a15-8c5b-4e875848d3bc,critical
EVT_000011,invoice.paid,CUST_0023,INV_79806,2024-01-26T02:02:56Z,125.04,8f620eea-5dc0-49b3-ae68-d2cf5bd9ac4c,low
EVT_000012,compliance.failed,CUST_0051,INV_15544,2024-06-16T08:06:46Z,118.96,87cf7376-d9f6-4539-b98f-baa39912431e,critical
EVT_000013,compliance.failed,CUST_0074,INV_93904,2024-03-19T12:44:50Z,67.28,c68d4e6e-e48e-4cca-a3ed-de05a5226a56,normal
EVT_000014,compliance.failed,CUST_0080,INV_57428,2024-03-30T08:12:25Z,275.91,e0b34107-89a7-40a9-8653-3bd1f45207b1,critical
EVT_000015,invoice.paid,CUST_0068,INV_50668,2024-01-16T06:31:19Z,37.54,b1cd124e-eba3-45f3-889c-eb08b215be2e,low
EVT_000016,invoice.validated,CUST_0068,INV_55793,2024-04-09T00:32:55Z,18.2,2001dac9-54c3-400d-a9ff-6173d50aec9a,normal
EVT_000017,invoice.rejected,CUST_0014,INV_35856,2024-01-29T10:28:46Z,9.5,8de9a3bf-0b27-4c87-8056-3501c52ed4a1,normal
EVT_000018,compliance.submitted,CUST_0064,INV_85952,2024-03-31T02:10:40Z,376.12,62e1e0fe-cf4a-4a9d-ad60-fca6035d736d,high
EVT_000019,invoice.paid,CUST_0041,INV_18950,2024-01-30T07:30:44Z,448.45,971eb42d-cb97-4ef6-9911-486bace48d06,low
EVT_000020,invoice.created,CUST_0046,INV_50685,2024-04-08T12:21:40Z,55.64,0806d555-5b46-4cf7-846f-aacf6132d232,low
EVT_000021,compliance.submitted,CUST_0012,INV_76462,2024-04-29T10:08:48Z,497.72,5b1a38af-565a-4a0d-a020-90e673edf3d4,low
EVT_000022,compliance.submitted,CUST_0058,INV_95437,2024-06-25T12:28:47Z,10.22,76d77aa0-b41c-443c-a688-063383bdde75,critical
EVT_000023,invoice.rejected,CUST_0014,INV_21053,2024-06-06T11:22:45Z,75.88,bd131038-1b75-4ba1-b52e-38eac0b9bfcf,critical
EVT_000024,compliance.submitted,CUST_0068,INV_30807,2024-04-11T12:10:56Z,187.69,e8b7932d-75dc-4744-a700-2b9a0986e3c9,low
EVT_000025,invoice.rejected,CUST_0043,INV_22387,2024-01-13T19:10:17Z,278.62,62ecf969-9e5b-41ac-b789-a716d0e47f83,normal
EVT_000026,compliance.submitted,CUST_0043,INV_96980,2024-01-16T19:49:36Z,501.92,4e261463-01ef-406f-8e1e-fa95d131fc55,critical
EVT_000027,compliance.failed,CUST_0017,INV_21104,2024-04-25T13:05:35Z,16.17,80180642-6be6-467b-812e-215cbd501d45,low
EVT_000028,invoice.rejected,CUST_0055,INV_12389,2024-04-08T17:43:41Z,77.04,e93a2c6d-b244-4235-9c16-68a12bb41093,normal
EVT_000029,invoice.validated,CUST_0029,INV_20114,2024-01-27T17:06:03Z,358.4,f7a61dd7-8c4e-42e9-9ecf-b175585916c0,low
EVT_000030,compliance.submitted,CUST_0044,INV_27176,2024-06-19T04:17:10Z,256.42,5b62c40b-5d9e-4545-a7f9-750ce1291bb7,normal
EVT_000031,invoice.paid,CUST_0057,INV_57749,2024-01-09T11:37:17Z,85.63,26a78bd7-3b63-480f-bdf5-4080d104782a,critical
EVT_000032,invoice.validated,CUST_0030,INV_50562,2024-04-13T16:40:20Z,48.31,12037bf0-6a5e-4e3d-88c5-cb2e02b1386b,high
EVT_000033,invoice.paid,CUST_0074,INV_46932,2024-03-26T13:19:57Z,39.13,4c868a7c-648b-404f-8eeb-c364922b4f13,normal
EVT_000034,invoice.rejected,CUST_0078,INV_16839,2024-01-27T20:59:02Z,32.42,7cda613f-d15f-476a-8113-eef377b10515,low
EVT_000035,invoice.validated,CUST_0037,INV_45755,2024-01-17T06:53:11Z,23.02,db979ec5-7656-4cda-87da-50130d9f1934,normal
EVT_000036,invoice.rejected,CUST_0058,INV_13495,2024-06-20T18:40:24Z,109.47,936c935e-0dd2-4f64-a4ae-da00fb3d0def,low
EVT_000037,invoice.created,CUST_0048,INV_51770,2024-02-13T14:25:35Z,46.61,645e8014-cac8-494e-b190-b08ad8f2da46,normal
EVT_000038,invoice.paid,CUST_0005,INV_28191,2024-02-25T16:57:17Z,38.18,75beb352-938a-494e-b5ba-88193d9ac124,low
EVT_000039,invoice.validated,CUST_0033,INV_81932,2024-02-11T21:01:26Z,141.33,6236e73f-cc40-44ab-a1c5-f8b2abcd9237,normal
EVT_000040,invoice.created,CUST_0039,INV_41252,2024-01-24T15:51:16Z,21.57,11c995f8-1786-422e-99a5-b220916076a4,critical
EVT_000041,invoice.created,CUST_0077,INV_92831,2024-04-14T02:11:30Z,86.29,96adaab8-da6e-46fc-8b17-d0c0348d2ca4,low
EVT_000042,invoice.validated,CUST_0079,INV_84798,2024-03-09T12:14:30Z,149.66,6a60a24e-302f-4fa6-af14-b396118e554b,low
EVT_000043,compliance.submitted,CUST_0068,INV_76535,2024-04-15T15:36:20Z,346.68,33a5b340-fc96-4df3-a1e6-47b65f2701cc,critical
EVT_000044,compliance.failed,CUST_0048,INV_12128,2024-02-19T06:05:45Z,275.23,a0a79f08-4c3c-4e32-a445-a4a0967132a7,low
EVT_000045,invoice.rejected,CUST_0075,INV_27486,2024-05-22T18:13:10Z,3.17,e232a9f0-5f49-401e-9285-9e09bbdc944b,critical
EVT_000046,invoice.validated,CUST_0062,INV_27675,2024-05-02T16:06:08Z,166.43,9af673ca-c645-4212-82a7-30a7da48a2ee,normal
EVT_000047,invoice.validated,CUST_0006,INV_15492,2024-06-02T14:50:10Z,324.25,d363930b-b794-431c-9b7c-77171ef8d176,critical
EVT_000048,compliance.failed,CUST_0033,INV_35048,2024-01-08T02:39:54Z,214.91,94ef74ee-52ff-4300-848c-dce53cef731d,high
EVT_000049,invoice.rejected,CUST_0035,INV_67272,2024-01-25T04:05:44Z,161.5,c5721157-1f29-4a6f-b02c-4aef7af413ff,high
EVT_000050,compliance.failed,CUST_0024,INV_75211,2024-04-06T08:28:28Z,19.0,a6fe3637-e2f9-4a94-9af2-d1782bc2166c,critical
EVT_000051,compliance.submitted,CUST_0011,INV_33652,2024-03-24T14:46:29Z,224.98,ed57ae59-9d8f-44e8-bc0d-e6727f9f7869,high
EVT_000052,compliance.submitted,CUST_0040,INV_65851,2024-03-27T14:07:05Z,339.5,1aa0b263-12f9-4dc5-b3ee-6248927a3858,high
EVT_000053,invoice.rejected,CUST_0079,INV_93816,2024-03-25T10:58:10Z,223.41,4f6ceae8-0489-4d01-befc-9074ea5ee39a,critical
EVT_000054,compliance.failed,CUST_0047,INV_99051,2024-04-09T15:09:14Z,464.78,b6f3f8bd-4b4b-4768-8e3f-f3b854cc85fe,critical
EVT_000055,invoice.created,CUST_0005,INV_40932,2024-01-25T12:16:28Z,319.45,f41fbeab-dc56-4369-b067-4e0d93dbb0e5,low
EVT_000056,compliance.failed,CUST_0078,INV_68972,2024-01-30T19:04:25Z,438.08,a73ee47f-b845-4b7c-b313-df4b665b89f3,normal
EVT_000057,invoice.paid,CUST_0068,INV_51207,2024-03-12T06:06:38Z,235.4,672fcd85-bb10-4d3b-9195-d74311b186df,normal
EVT_000058,invoice.paid,CUST_0064,INV_83619,2024-04-10T12:52:04Z,6.77,e927b041-5488-4edd-831b-99fead843736,high
EVT_000059,invoice.created,CUST_0063,INV_27790,2024-02-08T20:53:55Z,117.81,20c67dd2-f920-45d0-9479-9bba672bd0e3,low
EVT_000060,invoice.rejected,CUST_0041,INV_18511,2024-05-09T16:21:32Z,27.95,30df3ccc-8505-411d-8e86-b38453a4b879,normal
EVT_000061,invoice.validated,CUST_0047,INV_25907,2024-04-08T18:58:25Z,168.81,197f0cdf-008e-4364-aeb3-30709e811ce6,low
EVT_000062,compliance.submitted,CUST_0047,INV_58353,2024-04-17T13:55:37Z,23.9,2f17cb28-4666-4e51-9900-1cd1a96a53a4,low
EVT_000063,compliance.failed,CUST_0040,INV_72739,2024-03-18T07:33:35Z,26.76,0e743e41-092e-4d37-99d1-d99b6757c05a,normal
EVT_000064,invoice.created,CUST_0041,INV_68979,2024-05-04T17:30:53Z,240.04,b8fb529a-d5ae-4b29-8a37-b47ac9f5a68a,normal
EVT_000065,compliance.submitted,CUST_0017,INV_17263,2024-03-25T00:08:50Z,41.74,8efbd7c9-01d4-44fd-850e-92439340bc22,high
EVT_000066,compliance.submitted,CUST_0029,INV_47230,2024-03-08T04:35:03Z,398.14,e31c4dc9-ad71-471f-8e71-edcc3186419c,high
EVT_000067,invoice.rejected,CUST_0017,INV_90534,2024-05-01T08:48:55Z,252.61,ad727d45-27a9-4e10-8a02-f9ffee3dbd1b,normal
EVT_000068,compliance.submitted,CUST_0022,INV_89316,2024-05-07T21:55:03Z,17.54,5fc07c9e-7089-4690-adcc-bed6ee7eb55a,low
EVT_000069,compliance.submitted,CUST_0006,INV_44688,2024-05-04T13:23:27Z,329.98,58f9de00-e3c3-44c4-843c-939ea7f47938,low
EVT_000070,compliance.failed,CUST_0064,INV_81509,2024-06-21T15:01:32Z,350.68,6c1a7c95-f979-4bfd-ae14-8dae8e1345a7,critical
EVT_000071,invoice.created,CUST_0039,INV_17852,2024-03-29T01:40:07Z,112.34,756d1db8-f81c-4f07-a03e-2bfa087b846d,normal
EVT_000072,compliance.failed,CUST_0041,INV_51853,2024-06-16T06:48:41Z,36.98,017b2a24-77df-4cf3-baba-b1200a293e0c,high
EVT_000073,invoice.created,CUST_0066,INV_51827,2024-04-19T01:29:03Z,12.85,41abb51e-97cd-4427-ac2c-63328f955f67,low
EVT_000074,invoice.paid,CUST_0007,INV_90658,2024-02-26T08:29:09Z,194.4,f1945805-b5a9-478f-807d-c3ecb6cacabe,high
EVT_000075,invoice.validated,CUST_0025,INV_75308,2024-05-28T04:24:12Z,120.02,30c07769-9899-4a19-91c1-1a45b1b329a9,low
EVT_000076,compliance.submitted,CUST_0012,INV_69930,2024-03-17T08:38:29Z,48.37,9605b0a8-f38a-4513-a40f-e0558c0b148d,high
EVT_000077,compliance.failed,CUST_0064,INV_98148,2024-04-26T00:38:21Z,130.5,7bb1f085-f815-4a9c-8916-c63672b7af56,normal
EVT_000078,invoice.rejected,CUST_0034,INV_62855,2024-05-21T06:25:59Z,18.93,5b59e1fa-f614-4cd7-95fb-12651d2cd6ef,high
EVT_000079,invoice.created,CUST_0071,INV_60639,2024-02-26T00:58:53Z,287.27,a44b8643-05c5-4d06-9691-2d0023da1335,low
EVT_000080,invoice.paid,CUST_0017,INV_58915,2024-01-19T18:34:06Z,39.95,7ceb67cb-8b2b-48da-be0d-e407f1691216,normal
EVT_000081,invoice.paid,CUST_0078,INV_75546,2024-04-08T20:40:58Z,55.84,d26928ee-0313-4603-a33b-b709f50a7b73,critical
EVT_000082,compliance.submitted,CUST_0020,INV_28321,2024-04-27T17:22:43Z,250.7,c66fede9-fcf7-4306-ae14-d6bab43f6003,high
EVT_000083,compliance.submitted,CUST_0076,INV_76809,2024-03-06T07:36:50Z,27.08,098fae04-bed6-42d1-83f7-ba7bdeaa0f61,high
EVT_000084,invoice.created,CUST_0043,INV_64596,2024-05-10T20:09:55Z,426.3,6accade7-c9ea-402f-8724-8d1d26f25238,low
EVT_000085,invoice.rejected,CUST_0077,INV_95929,2024-04-02T03:45:02Z,380.22,c68f6ad9-9a00-41b8-964b-1fd40c689d9b,low
EVT_000086,invoice.validated,CUST_0075,INV_78712,2024-04-03T07:03:13Z,31.82,9909c46c-b8bb-4e44-a227-189e80b7d5be,normal
EVT_000087,compliance.failed,CUST_0005,INV_24404,2024-04-21T04:22:15Z,116.16,d60e8fda-43ee-45e9-9289-f79aad7d4aef,normal
EVT_000088,compliance.submitted,CUST_0053,INV_71814,2024-04-07T10:38:54Z,43.77,edb11835-815f-438d-b78a-6395ef9c63e5,normal
EVT_000089,compliance.failed,CUST_0072,INV_72701,2024-03-04T02:50:26Z,254.03,5965bff2-718d-4984-9c32-00992bfad905,high
EVT_000090,compliance.failed,CUST_0070,INV_99226,2024-03-09T19:05:49Z,32.52,f2a6f598-6054-4406-9f24-8e3b24418c65,normal
EVT_000091,invoice.rejected,CUST_0036,INV_39473,2024-04-18T08:52:20Z,440.61,01f994cb-cacc-4631-9a71-31065512dfd7,normal
EVT_000092,invoice.paid,CUST_0063,INV_55718,2024-03-02T13:31:01Z,190.17,40a24169-c436-4399-8193-dc566fb87397,low
EVT_000093,compliance.submitted,CUST_0074,INV_59767,2024-05-11T09:17:17Z,44.89,b34a4046-ec76-4805-9da6-d707928afb31,high
EVT_000094,compliance.failed,CUST_0006,INV_20358,2024-02-25T20:27:16Z,116.36,438d1e9f-e039-46c6-868b-79abca67df7b,normal
EVT_000095,compliance.submitted,CUST_0026,INV_45537,2024-06-09T18:32:04Z,242.83,9c5bc1bc-b32e-4b37-a628-674d10c8d5db,normal
EVT_000096,compliance.failed,CUST_0032,INV_79604,2024-01-10T20:35:02Z,84.93,56cd561d-9262-49f4-82a6-5ad7e1413c5e,critical
EVT_000097,invoice.validated,CUST_0013,INV_10679,2024-05-12T06:35:05Z,249.28,974de147-3819-463b-a2e1-5a4b85d4d7b0,critical
EVT_000098,invoice.validated,CUST_0062,INV_47649,2024-05-06T07:43:48Z,16.74,6f921f43-fca5-4b51-8780-2293271b976b,normal
EVT_000099,compliance.failed,CUST_0069,INV_14888,2024-05-23T10:31:43Z,45.75,5dc8c7b1-2de0-4a88-9fd7-46129410b73e,low
EVT_000100,invoice.paid,CUST_0051,INV_34420,2024-06-02T00:09:45Z,46.89,0750b811-7c0c-40a6-a655-45118dd30e45,low
EVT_000101,compliance.submitted,CUST_0039,INV_24064,2024-04-20T06:53:38Z,341.76,5f88e555-42e1-4a23-9dd4-6bc8cfb688b0,critical
EVT_000102,compliance.submitted,CUST_0018,INV_71344,2024-06-14T06:13:33Z,303.17,90e4a15b-739d-4ad0-875f-cb272a0a201c,critical
EVT_000103,invoice.validated,CUST_0033,INV_11846,2024-05-19T12:54:36Z,37.09,f3179967-6917-4b5c-b3e2-c572b60ace0b,normal
EVT_000104,compliance.failed,CUST_0079,INV_63148,2024-06-15T05:55:54Z,227.06,dead0ca9-3a99-4fd4-a3e1-2415fdbda0d8,low
EVT_000105,invoice.paid,CUST_0024,INV_52415,2024-01-28T07:17:55Z,51.02,a3d82c71-056a-4dc2-81bc-43b45e5e5ccb,high
EVT_000106,compliance.submitted,CUST_0043,INV_85088,2024-02-28T15:10:10Z,1.56,5d27d58c-9589-4f1b-b044-f090045bf288,low
EVT_000107,invoice.validated,CUST_0060,INV_63138,2024-02-29T13:49:16Z,188.47,2609f2fa-7228-4cd6-a28d-12b77f494cdd,low
EVT_000108,compliance.submitted,CUST_0038,INV_38947,2024-03-12T08:52:43Z,247.79,4a977ba3-f1e3-4d20-97b5-d9e04e3101ac,high
EVT_000109,compliance.submitted,CUST_0054,INV_71712,2024-05-16T07:16:51Z,38.11,78324581-9281-4673-8a80-b707e56cce8e,low
EVT_000110,compliance.submitted,CUST_0068,INV_57419,2024-03-27T17:59:47Z,219.27,6d99fc98-73c4-4d03-971a-b46f71e16d81,normal
EVT_000111,invoice.validated,CUST_0074,INV_31566,2024-04-14T05:01:03Z,17.08,f46db476-bdcf-41fe-954a-bd8f61656572,critical
EVT_000112,compliance.submitted,CUST_0012,INV_68390,2024-06-23T13:07:40Z,118.01,f5ab12cc-564c-434d-8cf9-733305fa1638,low
EVT_000113,compliance.failed,CUST_0072,INV_50392,2024-03-30T18:50:20Z,454.73,2d42f7b7-8ce0-473a-98e3-c601388fcc94,normal
EVT_000114,invoice.created,CUST_0075,INV_65534,2024-01-15T04:20:32Z,17.88,a9bd7ebe-c870-4db1-82d2-edf4125d8b86,critical
EVT_000115,invoice.paid,CUST_0005,INV_33590,2024-02-25T17:56:22Z,505.24,feb7a009-3599-455e-9252-6b82bfef07fc,critical
EVT_000116,invoice.paid,CUST_0048,INV_68790,2024-06-22T01:54:56Z,317.2,d868e5a9-c29a-431d-8683-a334a32491f0,normal
EVT_000117,invoice.validated,CUST_0045,INV_80419,2024-01-24T00:52:14Z,20.26,418c35b4-e8c5-4fe4-9c08-bf045a55b9e3,low
EVT_000118,compliance.failed,CUST_0039,INV_81361,2024-03-30T21:45:16Z,106.89,7897edd6-8e2e-40f0-9841-4fac04a1d065,high
EVT_000119,invoice.validated,CUST_0020,INV_24790,2024-02-23T12:37:15Z,2.58,f2636cc0-83f8-4d68-aca2-129f7e170a1f,normal
EVT_000120,invoice.created,CUST_0027,INV_87849,2024-01-14T01:35:54Z,2.65,ee5e1488-c3e8-4ffa-b287-0717f756c560,normal
EVT_000121,invoice.paid,CUST_0006,INV_40715,2024-03-19T02:41:32Z,27.45,0e897a68-4c51-4c3e-8f5a-86b7411562c3,high
EVT_000122,compliance.failed,CUST_0030,INV_85511,2024-06-07T09:50:22Z,139.69,2c311e71-4da7-4de0-91ea-4d6ad6524e93,normal
EVT_000123,invoice.validated,CUST_0039,INV_96535,2024-06-19T03:39:35Z,285.85,4cad90c7-2cda-441e-86d3-c7282a26805a,normal
EVT_000124,invoice.paid,CUST_0055,INV_16145,2024-04-17T22:27:06Z,409.46,62808d98-2068-4ebb-a32e-47ca8491012f,high
EVT_000125,invoice.validated,CUST_0054,INV_49306,2024-03-20T06:37:32Z,19.45,6d311d6c-7d50-4874-a751-bb147f758740,high
EVT_000126,invoice.paid,CUST_0019,INV_17552,2024-06-05T11:11:20Z,28.56,103eb642-67f7-47c9-956c-7137d67b8515,critical
EVT_000127,invoice.validated,CUST_0032,INV_53288,2024-02-19T12:21:57Z,32.69,f0246322-27f6-4e38-a352-c25396d9741f,normal
EVT_000128,invoice.paid,CUST_0007,INV_98299,2024-02-22T03:07:18Z,222.71,97f877d1-642d-4377-81eb-9a2f935e04d9,normal
EVT_000129,invoice.rejected,CUST_0062,INV_49739,2024-02-10T13:29:37Z,492.39,8717f2a0-4950-48b7-8939-83f3db0d1bb4,low
EVT_000130,invoice.validated,CUST_0062,INV_89220,2024-06-26T13:36:19Z,109.49,3620d3a8-2ee5-416c-b54a-d6be2679727f,high
EVT_000131,compliance.submitted,CUST_0049,INV_95029,2024-03-31T12:53:04Z,89.23,4ab17d17-90ac-444d-acd7-c0beb3fb2828,critical
EVT_000132,compliance.failed,CUST_0013,INV_71537,2024-06-04T21:23:47Z,98.03,7910630d-014d-412a-896b-57310b0de131,critical
EVT_000133,invoice.validated,CUST_0006,INV_29126,2024-04-19T05:33:18Z,382.22,062435f5-0a1b-4672-bad1-055b6a954659,critical
EVT_000134,invoice.validated,CUST_0038,INV_53236,2024-01-30T14:17:19Z,276.67,c9c62c49-ade9-4c5c-a4ec-4ff2b97b61e2,high
EVT_000135,invoice.paid,CUST_0033,INV_94108,2024-05-28T05:31:06Z,119.12,32f9ef6f-045b-40a7-bdef-7171c9543f57,normal
EVT_000136,compliance.submitted,CUST_0018,INV_74004,2024-05-19T20:54:15Z,10.02,8683c4e7-b70f-44da-99af-7091a13ffb80,low
EVT_000137,compliance.failed,CUST_0010,INV_16358,2024-06-07T20:08:14Z,38.45,7a92c42c-d25d-46cb-9224-329214c4b982,low
EVT_000138,invoice.validated,CUST_0020,INV_76287,2024-01-02T18:36:08Z,398.97,3c52433a-a377-4316-8c5d-ca054168d1f2,critical
EVT_000139,invoice.created,CUST_0063,INV_79758,2024-01-04T01:18:55Z,51.78,b6d1d44a-a433-4d38-ab7e-b5823d491e51,high
EVT_000140,compliance.failed,CUST_0003,INV_98346,2024-04-07T12:29:46Z,22.1,60f490c1-d609-424f-803b-3993d25ce1ee,normal
EVT_000141,compliance.submitted,CUST_0031,INV_79003,2024-02-07T06:28:05Z,13.37,0739d120-0191-4a9b-9d3d-1463d7a0f398,high
EVT_000142,compliance.submitted,CUST_0052,INV_41877,2024-03-30T03:05:04Z,49.52,f8f6e13d-18dc-407e-bbb8-70e76578efcd,low
EVT_000143,invoice.paid,CUST_0012,INV_59436,2024-03-19T16:44:01Z,28.08,e793dfb4-9bba-4be2-890c-dc1a9424a7f1,low
EVT_000144,invoice.paid,CUST_0064,INV_94529,2024-06-13T03:31:20Z,39.43,dbd798cf-e81f-498c-b105-9fa44e76e209,low
EVT_000145,compliance.failed,CUST_0030,INV_84289,2024-02-11T01:16:29Z,56.98,8a4e354c-5527-452d-9cb1-d1badd3fbd15,low
EVT_000146,invoice.rejected,CUST_0023,INV_12052,2024-06-29T08:21:53Z,434.7,045fcd94-d01d-42cb-ab71-38fae746fbdd,critical
EVT_000147,invoice.validated,CUST_0010,INV_83919,2024-02-28T02:43:53Z,321.42,6a9449ee-53a5-4909-bdd8-4cf3bc24c13c,high
EVT_000148,compliance.failed,CUST_0050,INV_28343,2024-05-26T17:23:39Z,224.47,49602228-d0fa-4b91-9da9-08cbc204ab2d,high
EVT_000149,invoice.paid,CUST_0007,INV_40427,2024-01-19T23:14:55Z,439.93,a25b9bf6-7a24-4f15-baaf-aaa7c7204ce3,critical
EVT_000150,compliance.failed,CUST_0042,INV_45825,2024-01-06T18:03:56Z,271.18,4e78bb1a-3ff3-4cde-b7c4-fb099169abea,critical
EVT_000151,compliance.failed,CUST_0056,INV_86791,2024-02-06T01:36:03Z,33.37,ebc9df3a-7d83-4cab-a768-cd9f39b1f35d,low
EVT_000152,invoice.validated,CUST_0011,INV_59807,2024-02-22T00:50:24Z,145.09,f2123ce3-0e6a-49a1-bbf2-0df00629fc7a,high
EVT_000153,invoice.created,CUST_0014,INV_50405,2024-01-18T18:30:58Z,22.79,c6d5a1fd-02ff-43a9-9eca-a04a067bc148,normal
EVT_000154,compliance.submitted,CUST_0056,INV_82710,2024-03-28T03:45:47Z,227.96,ada26fc4-b800-40c4-bcb9-548483ceaf01,low
EVT_000155,invoice.rejected,CUST_0077,INV_60493,2024-04-26T03:05:09Z,443.1,679aac91-5d0f-4a7e-b365-a594f3feb86d,normal
EVT_000156,invoice.validated,CUST_0074,INV_99825,2024-04-11T04:31:23Z,70.83,33a00ab4-eefa-4993-8b7d-192954035235,normal
EVT_000157,invoice.paid,CUST_0009,INV_46170,2024-02-02T11:14:34Z,122.63,8f423655-a70f-43d7-a02a-f58e0dd9c7f0,normal
EVT_000158,compliance.submitted,CUST_0064,INV_35630,2024-04-25T07:20:18Z,70.32,9b6b9344-8624-4a85-8d82-44f35939d07d,high
EVT_000159,invoice.rejected,CUST_0080,INV_67700,2024-03-14T18:24:55Z,468.17,34137058-a23b-403f-9740-33d3ab8724d7,normal
EVT_000160,compliance.submitted,CUST_0039,INV_36326,2024-03-03T06:24:28Z,76.65,ecc99b24-bae0-4914-ac69-5d1424a5ca1d,high
EVT_000161,invoice.validated,CUST_0063,INV_52714,2024-04-21T19:47:31Z,19.43,97a9a930-c7a3-42f7-b7db-0fdaab6a8ee5,normal
EVT_000162,invoice.validated,CUST_0076,INV_99353,2024-04-15T22:48:57Z,426.89,ec9bfd5e-532b-4c5b-872a-7a5e9aa670ff,normal
EVT_000163,invoice.rejected,CUST_0057,INV_19064,2024-06-03T21:29:02Z,169.35,d2f255cc-04f7-4e01-b71e-305ba4650a0b,normal
EVT_000164,invoice.rejected,CUST_0039,INV_96332,2024-02-16T23:54:01Z,113.47,f7d36fe1-d1c1-4b55-b2ad-46d87aa5a146,critical
EVT_000165,compliance.submitted,CUST_0075,INV_76402,2024-03-18T19:53:13Z,46.25,e46c549d-618b-4349-8c6f-e153edd1269c,high
EVT_000166,compliance.failed,CUST_0069,INV_21138,2024-04-25T07:24:05Z,6.36,d5ea5ea0-fdd1-4511-b88a-d323f69982a9,low
EVT_000167,compliance.failed,CUST_0073,INV_94769,2024-05-05T06:03:47Z,162.9,cb5f8199-b930-4d04-a8fd-88cdcbcdc129,low
EVT_000168,invoice.rejected,CUST_0002,INV_39098,2024-01-20T03:32:23Z,381.12,35c7b8ce-4bcb-4b38-aa06-140fe28d9334,normal
EVT_000169,invoice.paid,CUST_0058,INV_70694,2024-03-13T15:31:24Z,138.29,5e76be9f-e6ce-4692-a851-c7374a88de7e,low
EVT_000170,invoice.rejected,CUST_0062,INV_64522,2024-01-21T07:14:07Z,459.37,db75fefc-6f83-4220-be37-7b3dd7d0d06a,normal
EVT_000171,invoice.rejected,CUST_0045,INV_69681,2024-03-01T13:30:51Z,39.43,b96b69ed-d1d3-4879-8b34-78ab82365f53,critical
EVT_000172,invoice.created,CUST_0058,INV_49356,2024-03-02T22:13:33Z,156.62,941df496-ec38-4f41-a16b-561a31e88aaf,low
EVT_000173,compliance.failed,CUST_0022,INV_41970,2024-06-29T13:45:09Z,132.79,6da05176-4c99-4b01-aeaf-30106c92c009,critical
EVT_000174,invoice.paid,CUST_0030,INV_92543,2024-06-03T21:48:41Z,10.04,3728c83a-1072-445f-a151-d41db2cf9e99,normal
EVT_000175,invoice.paid,CUST_0058,INV_60965,2024-04-24T23:52:00Z,286.84,77f537a9-29ce-4ba3-a6f6-3362f05d7269,low
EVT_000176,compliance.submitted,CUST_0074,INV_34505,2024-01-20T18:11:56Z,235.55,1a825a42-137a-4415-bf56-1836495a88a3,critical
EVT_000177,invoice.rejected,CUST_0068,INV_88246,2024-05-04T02:27:42Z,108.88,cf044d7a-b92d-4625-93d1-b5b68030f26f,critical
EVT_000178,compliance.failed,CUST_0080,INV_48986,2024-02-03T12:02:11Z,138.53,e0507533-55b6-4cb8-8a96-cab8f8d8abb0,low
EVT_000179,invoice.created,CUST_0031,INV_33992,2024-02-29T07:10:26Z,321.2,35dcc6cf-c579-453e-9f7f-8586a38103e8,normal
EVT_000180,invoice.paid,CUST_0074,INV_34347,2024-03-15T12:13:04Z,24.85,1aa1a520-36b7-42b6-9ef6-dd742e2c3c68,normal
EVT_000181,invoice.validated,CUST_0063,INV_34523,2024-02-26T02:04:03Z,117.65,7833ffa7-8dac-42ee-8197-b98c4d32cb1f,low
EVT_000182,invoice.validated,CUST_0063,INV_60324,2024-01-27T12:17:52Z,354.43,2e6b9fca-efc6-4e9e-b9a5-2419f064d26c,critical
EVT_000183,invoice.paid,CUST_0054,INV_74054,2024-05-17T21:30:11Z,9.2,db19a8f8-8d7c-4e05-9103-7dfe851bc3f3,high
EVT_000184,invoice.validated,CUST_0005,INV_80465,2024-02-23T08:54:26Z,167.11,703694bc-2d4a-4a0a-9e27-4765884e4eff,low
EVT_000185,invoice.rejected,CUST_0074,INV_81186,2024-01-23T04:14:29Z,41.34,e5362c2e-5d77-4f78-8c98-0d94e66e3afa,critical
EVT_000186,invoice.paid,CUST_0070,INV_23423,2024-02-12T10:28:45Z,37.06,5948cfa0-49aa-45a6-b8d1-368439d0bfbc,critical
EVT_000187,invoice.created,CUST_0034,INV_67549,2024-03-08T16:29:11Z,43.4,2d9a1334-0071-4847-a49d-989f7e527790,high
EVT_000188,invoice.paid,CUST_0079,INV_31755,2024-05-02T20:55:29Z,31.19,9052ab85-c2ea-42ec-b8ff-74fb75738df7,high
EVT_000189,compliance.submitted,CUST_0069,INV_80617,2024-02-24T13:57:04Z,291.3,d30ae882-a22d-4539-b7ff-05c8e7ef15f4,high
EVT_000190,compliance.failed,CUST_0066,INV_22481,2024-06-23T19:01:39Z,7.64,7eb2bfaf-9a59-401a-be5a-1f62e56c1082,high
EVT_000191,invoice.validated,CUST_0017,INV_42725,2024-05-16T04:53:04Z,277.24,6105b359-560d-42d8-9dff-8d37970ad28d,critical
EVT_000192,compliance.submitted,CUST_0063,INV_92890,2024-01-28T14:34:04Z,341.02,e6c2fad1-30c4-4a64-9c4f-cd1f3cb47f0b,low
EVT_000193,compliance.failed,CUST_0052,INV_46467,2024-04-10T02:55:58Z,181.6,6fc80287-4a36-47f8-b37a-923f2f92e970,high
EVT_000194,compliance.failed,CUST_0075,INV_22208,2024-01-01T11:31:31Z,118.77,f1481b09-095a-419b-ad49-5e062b341817,low
EVT_000195,invoice.validated,CUST_0069,INV_66314,2024-03-18T05:29:25Z,124.21,c2e9217a-a718-4ced-85b6-6c23b67ab97b,high
EVT_000196,invoice.validated,CUST_0071,INV_84205,2024-04-22T05:21:57Z,42.77,126a042e-022a-4f41-bb58-67f428069b8d,low
EVT_000197,invoice.paid,CUST_0013,INV_12134,2024-05-01T14:12:29Z,7.09,772088b6-cf1b-4fc0-bf55-62441aa41fea,critical
EVT_000198,invoice.validated,CUST_0026,INV_95196,2024-05-13T17:04:14Z,15.79,069b89a9-e478-4b7a-b4b3-bee7d908346f,high
EVT_000199,invoice.rejected,CUST_0033,INV_97098,2024-01-17T00:06:27Z,74.83,7007d541-baed-48e9-8845-b927783b38af,normal
EVT_000200,invoice.created,CUST_0055,INV_22475,2024-05-07T06:46:57Z,1.05,5b809e83-3fc3-4c9a-80fc-5c0287f3fec7,critical
EVT_000201,compliance.failed,CUST_0002,INV_55032,2024-01-02T13:34:27Z,41.04,a8d7123a-e29b-4e45-a095-c64940f73059,critical
EVT_000202,invoice.paid,CUST_0010,INV_21708,2024-02-14T10:58:11Z,65.36,18c49168-2af4-4e3e-a9c9-2511512b8d27,normal
EVT_000203,invoice.validated,CUST_0049,INV_94092,2024-05-30T04:35:13Z,49.65,05968adf-9c3b-4774-b15f-63ea6bbf6878,normal
EVT_000204,compliance.failed,CUST_0057,INV_37925,2024-03-09T04:39:12Z,328.45,5ce4a900-30d4-4d2a-9f3b-5e1518b455cd,critical
EVT_000205,invoice.created,CUST_0028,INV_28351,2024-01-17T19:59:43Z,138.44,e5869568-eb17-4ffb-90f6-ebc1d389f393,high
EVT_000206,invoice.rejected,CUST_0018,INV_94491,2024-02-18T02:46:05Z,387.2,6ef2b06f-3039-4fe5-80af-9e0c51ca5ae8,high
EVT_000207,compliance.failed,CUST_0004,INV_49537,2024-06-13T15:27:48Z,141.04,c878d2bc-445c-49c4-b70c-ec9dc3704666,high
EVT_000208,invoice.validated,CUST_0007,INV_74865,2024-06-01T04:46:48Z,19.91,fadc4361-7e07-49a8-a9ee-867891d6c153,low
EVT_000209,invoice.validated,CUST_0047,INV_60703,2024-03-02T10:52:10Z,314.01,07935e30-86a3-4717-9631-637b12a5efa0,normal
EVT_000210,invoice.created,CUST_0061,INV_12187,2024-05-29T14:10:14Z,29.78,42483a14-2759-439a-97a1-2fc05ac97bbd,critical
EVT_000211,compliance.failed,CUST_0065,INV_75673,2024-02-25T15:07:47Z,325.51,585a1eef-4875-4b5d-aec3-47ac717df9d8,normal
EVT_000212,invoice.rejected,CUST_0036,INV_20357,2024-01-17T05:35:26Z,452.11,eed190e4-f0a2-4f9e-93c0-45ce0d19cf40,high
EVT_000213,compliance.failed,CUST_0051,INV_95175,2024-04-23T20:59:42Z,417.99,e0b8167e-a9dc-49e4-ae27-0f67bef0d8ab,normal
EVT_000214,invoice.created,CUST_0008,INV_66948,2024-02-17T11:21:29Z,217.17,79ead581-8a7f-4cc6-85d4-a3b0b256f68e,normal
EVT_000215,compliance.failed,CUST_0016,INV_27984,2024-01-03T11:01:22Z,497.34,26110b25-cf1e-47c7-88be-436b903655f0,high
EVT_000216,invoice.validated,CUST_0022,INV_45227,2024-03-13T05:02:13Z,67.71,b4a62f76-c98e-4ff8-9a53-4e8dd2e00533,critical
EVT_000217,invoice.created,CUST_0035,INV_44465,2024-04-11T17:20:15Z,136.5,8fa66b8d-90cf-46da-9bdd-d91820bb1d4b,high
EVT_000218,compliance.submitted,CUST_0008,INV_31873,2024-04-07T00:21:04Z,232.11,dcd6f8cd-6b23-480f-bd41-512003cac4e8,low
EVT_000219,compliance.submitted,CUST_0030,INV_10336,2024-05-23T20:17:05Z,179.44,5b2299c3-0e14-426b-9ff6-e3b008533f47,high
EVT_000220,invoice.validated,CUST_0050,INV_33456,2024-06-27T16:33:59Z,372.49,a75207b0-db58-458e-95d4-114df74de53d,critical
EVT_000221,invoice.validated,CUST_0029,INV_64559,2024-03-03T11:42:21Z,457.71,910a8d44-c52a-4f50-bb9c-31fa5542e33b,high
EVT_000222,compliance.failed,CUST_0016,INV_16903,2024-04-07T11:40:49Z,170.65,7f8c661c-a000-4c0e-8acc-b2e23b50e301,low
EVT_000223,invoice.rejected,CUST_0060,INV_50723,2024-06-17T04:00:09Z,17.04,1a8df6a4-0840-4429-835c-ef92505ec6ab,high
EVT_000224,invoice.rejected,CUST_0073,INV_91620,2024-06-01T08:04:07Z,12.89,a1a14551-5481-4a8a-8831-1e7763aa0dbc,normal
EVT_000225,invoice.paid,CUST_0020,INV_13133,2024-01-02T05:43:23Z,12.42,f73ced96-9e04-4501-8cf0-295b2095f7e2,high
EVT_000226,compliance.failed,CUST_0001,INV_59319,2024-05-27T08:51:58Z,232.43,848852b1-5b85-4dc9-b043-ab035cb3ab8a,normal
EVT_000227,invoice.created,CUST_0054,INV_28661,2024-04-05T13:01:14Z,487.44,fc66291a-6e80-41d5-a884-83dcdda53da0,critical
EVT_000228,compliance.failed,CUST_0048,INV_21128,2024-03-30T00:34:09Z,125.81,e3ac1427-a18d-4105-9169-88fdb2d77604,low
EVT_000229,invoice.created,CUST_0076,INV_67014,2024-04-20T06:14:11Z,69.61,deaa7b0a-da22-45fd-a62b-1fdb7cb2b85a,critical
EVT_000230,invoice.paid,CUST_0042,INV_45645,2024-03-02T18:15:23Z,242.47,902277eb-a189-4da6-8d08-2071a68d0078,low
EVT_000231,invoice.validated,CUST_0020,INV_68925,2024-01-21T12:24:02Z,23.84,2d7d0108-2fde-4608-8c7e-0a0a527e9688,critical
EVT_000232,invoice.rejected,CUST_0040,INV_25717,2024-03-30T23:21:05Z,294.92,06376874-5aec-4f0d-b038-d5e1b6013aa1,low
EVT_000233,invoice.rejected,CUST_0028,INV_29441,2024-06-11T07:41:30Z,310.99,b8c5bec1-f5c2-4155-b6f1-c096160351fd,low
EVT_000234,invoice.validated,CUST_0039,INV_14073,2024-02-20T12:27:54Z,373.46,ced19c93-0afb-4a32-a599-c91ebd7505f3,normal
EVT_000235,invoice.created,CUST_0013,INV_28322,2024-03-30T17:16:39Z,6.95,3ca4cf17-c389-4ff2-9359-a68975cc992c,normal
EVT_000236,invoice.paid,CUST_0026,INV_58790,2024-06-08T22:35:46Z,226.22,6b976626-5982-42dc-a491-1fb59cc95a44,high
EVT_000237,invoice.created,CUST_0010,INV_35919,2024-01-05T05:35:46Z,116.51,29a1784b-fce8-4544-8bec-f8b3e3c73eba,low
EVT_000238,invoice.created,CUST_0006,INV_32018,2024-03-30T12:23:31Z,114.97,a9c7ae40-eb48-49ec-ba62-98ae2c25e8bb,low
EVT_000239,invoice.paid,CUST_0049,INV_32650,2024-05-12T16:00:10Z,186.25,2372bdb0-9b92-4bc4-afef-184ce1276daa,normal
EVT_000240,compliance.submitted,CUST_0005,INV_90868,2024-04-29T05:56:38Z,328.54,600c7171-21ff-4bc5-90a9-5d39719f829b,critical
EVT_000241,invoice.rejected,CUST_0008,INV_60202,2024-01-18T00:48:43Z,476.01,19671bf9-f668-4597-bf3b-35893d6301c9,normal
EVT_000242,invoice.created,CUST_0070,INV_60134,2024-06-03T08:15:07Z,103.87,aad21377-8ef4-4c15-bfdf-e9994f666592,high
EVT_000243,invoice.rejected,CUST_0073,INV_60905,2024-04-07T13:19:20Z,14.25,025323ec-d20d-4099-b900-6bcff25b4c4a,high
EVT_000244,invoice.paid,CUST_0008,INV_79393,2024-06-06T00:36:00Z,18.51,7fbcc2a4-c532-4421-897f-1b9e38794320,low
EVT_000245,invoice.validated,CUST_0032,INV_44934,2024-05-07T13:12:36Z,27.15,c52a38b0-6083-4516-9190-a8e0c2934ba4,critical
EVT_000246,invoice.validated,CUST_0046,INV_33081,2024-06-11T23:03:32Z,97.7,69534acb-70f7-4949-9fbe-512cd0e3dbc9,low
EVT_000247,compliance.submitted,CUST_0046,INV_28625,2024-04-20T05:26:49Z,78.24,8f8fd5b7-661b-498f-b998-2d5d9e853ca4,high
EVT_000248,invoice.created,CUST_0023,INV_21830,2024-04-05T05:35:57Z,140.25,aff7b92c-4fe6-4069-b08a-56a7ee6013da,low
EVT_000249,compliance.submitted,CUST_0043,INV_36406,2024-06-27T05:42:22Z,101.11,e7942cd2-9d8f-4031-a466-997d47e5ea08,low
EVT_000250,compliance.submitted,CUST_0003,INV_28566,2024-01-29T16:23:16Z,38.94,b1f7ffa5-bc55-4fbe-8b3a-351be25b1832,high
EVT_000251,invoice.created,CUST_0051,INV_54113,2024-04-23T19:02:08Z,70.47,7a3418e5-204f-4043-9c0f-1a3ff5a4e033,critical
EVT_000252,compliance.failed,CUST_0041,INV_83659,2024-02-03T19:50:35Z,34.98,c0e7bbeb-4596-4a6a-a14b-213af80aa121,normal
EVT_000253,compliance.failed,CUST_0049,INV_48602,2024-02-29T13:53:59Z,496.02,3b1c674c-9433-4aaa-b9b4-dbb41f0cdc92,critical
EVT_000254,invoice.validated,CUST_0073,INV_88956,2024-01-07T06:54:52Z,390.75,5f7bd941-e417-4f03-9d6b-c0fceae76a37,low
EVT_000255,invoice.rejected,CUST_0064,INV_20198,2024-01-28T07:26:44Z,12.66,5b65744d-3db1-43fc-96d0-2accdfbba80c,high
EVT_000256,invoice.rejected,CUST_0058,INV_37483,2024-01-03T05:06:26Z,13.23,5ba3da5b-70d9-4a91-9a67-74291be46ecb,low
EVT_000257,invoice.paid,CUST_0007,INV_65004,2024-03-15T22:35:50Z,182.68,f4cd4338-a01e-4db8-8017-059005ef9a51,high
EVT_000258,invoice.created,CUST_0070,INV_72847,2024-03-13T21:14:47Z,39.65,90ca3592-9eb6-43fb-b6a4-4e8e34220129,normal
EVT_000259,invoice.created,CUST_0058,INV_48654,2024-01-15T07:30:38Z,89.17,77106d6a-245d-45c8-b004-7b04f8512f83,normal
EVT_000260,compliance.failed,CUST_0049,INV_19830,2024-02-01T05:52:09Z,229.05,e5d1cb49-63a5-474a-8736-82e31f464bbb,critical
EVT_000261,compliance.failed,CUST_0004,INV_31626,2024-03-24T18:06:44Z,115.13,114b5493-2597-4e9b-a98f-b28e019e4082,normal
EVT_000262,compliance.failed,CUST_0025,INV_82628,2024-03-20T11:22:56Z,159.5,b0bfff4a-7b94-4d99-aebd-7dfb5576b8d8,high
EVT_000263,invoice.created,CUST_0031,INV_61498,2024-01-19T15:00:02Z,175.98,eb79faaa-1b9f-4837-9a31-d2bfb8348ef6,low
EVT_000264,invoice.rejected,CUST_0055,INV_96772,2024-01-18T00:22:39Z,31.63,398542fb-21a6-4629-b60e-36dc829bba36,normal
EVT_000265,invoice.paid,CUST_0038,INV_25139,2024-01-16T21:50:59Z,352.6,af4a4dc8-bda7-45d4-b49f-fab11d367ccc,high
EVT_000266,compliance.submitted,CUST_0012,INV_60793,2024-05-04T15:18:50Z,182.82,ca5adeae-776e-4b0a-bbe6-4d5aef441a40,low
EVT_000267,invoice.paid,CUST_0034,INV_44524,2024-03-26T09:20:20Z,219.23,2758723c-5b31-4a6d-9308-cff179f2346a,low
EVT_000268,invoice.rejected,CUST_0011,INV_80968,2024-05-09T17:45:48Z,21.29,d7db9b23-cc43-4440-9561-4d1ef695ed4d,critical
EVT_000269,compliance.submitted,CUST_0067,INV_72236,2024-03-22T06:58:00Z,85.35,66aa5ad6-6a1d-4f9c-99fd-d240e605fc78,low
EVT_000270,compliance.submitted,CUST_0065,INV_84905,2024-04-20T22:04:40Z,143.04,e5da7ffc-673e-40ec-b0cb-c518fa0bdf7e,normal
EVT_000271,invoice.validated,CUST_0022,INV_26539,2024-02-11T03:28:46Z,3.09,ccea0fcb-3433-4754-bb72-a65f7d11a87a,normal
EVT_000272,invoice.rejected,CUST_0077,INV_18783,2024-02-20T01:50:15Z,133.45,72678f67-bc31-478f-a3c0-53547cfeb294,critical
EVT_000273,compliance.failed,CUST_0002,INV_91665,2024-06-01T17:35:29Z,29.79,48aee503-0e0f-4034-9c3a-d6dd24c13d86,normal
EVT_000274,compliance.submitted,CUST_0073,INV_23133,2024-04-24T03:58:17Z,134.4,1b15ba16-e22f-4f55-a271-e827c7111e23,high
EVT_000275,invoice.paid,CUST_0053,INV_95824,2024-02-21T06:57:57Z,141.34,a08480ed-5e8a-41e5-87b5-3fad31c26abc,critical
EVT_000276,compliance.submitted,CUST_0019,INV_99235,2024-04-30T01:13:41Z,55.82,5dfa9539-09b4-42f9-8e70-8b11bc38ca18,normal
EVT_000277,invoice.paid,CUST_0007,INV_45203,2024-05-24T19:26:45Z,53.03,fda01d3b-812f-432a-ac62-27d6112b6d7b,high
EVT_000278,invoice.paid,CUST_0036,INV_99764,2024-06-12T15:56:58Z,241.93,011ff6e3-64ed-4060-9976-aabd2e9cc1dd,critical
EVT_000279,compliance.failed,CUST_0042,INV_64627,2024-02-22T07:35:17Z,63.39,4cd8e3a1-725d-4d75-9555-51cf651a940c,critical
EVT_000280,invoice.rejected,CUST_0067,INV_17367,2024-06-17T09:23:36Z,297.07,bfedbd9f-07d0-4f68-9e28-87f8208bca96,critical
EVT_000281,compliance.submitted,CUST_0018,INV_84537,2024-05-31T13:28:12Z,2.42,ad64a477-4392-4196-8b4b-d69767dab103,normal
EVT_000282,invoice.created,CUST_0005,INV_57235,2024-03-29T15:12:17Z,456.93,0ae096c5-5b77-4eea-9479-58b79612343f,critical
EVT_000283,invoice.created,CUST_0016,INV_41711,2024-05-12T06:30:09Z,139.11,6b018d82-c6a9-4c07-8efe-7738a9b1da44,high
EVT_000284,invoice.rejected,CUST_0045,INV_21847,2024-02-01T18:01:43Z,250.83,ff651236-b189-4533-9055-66b6fe51c640,normal
EVT_000285,invoice.validated,CUST_0029,INV_98826,2024-05-05T17:00:32Z,360.14,26c6831c-f409-4787-a378-19dae777d7bb,low
EVT_000286,invoice.validated,CUST_0061,INV_94852,2024-06-25T23:58:11Z,269.82,baff1f92-8930-4ad2-9e47-dd636c4607db,high
EVT_000287,invoice.paid,CUST_0036,INV_55706,2024-03-23T07:04:58Z,294.27,3bd5e4e8-8731-46be-920d-3a20f88a9e5d,critical
EVT_000288,invoice.created,CUST_0075,INV_77045,2024-01-20T20:48:32Z,461.89,29c2585d-3d00-42b4-b2d4-6a6095b5913a,high
EVT_000289,invoice.created,CUST_0039,INV_73142,2024-05-12T21:35:47Z,198.25,e0c254fb-6b06-45c5-8d0b-01d3e2e99598,high
EVT_000290,invoice.validated,CUST_0039,INV_77802,2024-02-06T13:49:17Z,451.29,d09e197b-164a-4a39-9dc3-d1e361be14f7,critical
EVT_000291,invoice.validated,CUST_0041,INV_13336,2024-05-12T04:33:06Z,199.62,1e1f8cb7-4b51-4cd0-bdc7-0af91443eb34,critical
EVT_000292,invoice.created,CUST_0050,INV_86418,2024-05-23T01:25:13Z,259.25,953b222d-fe7f-4480-80fa-ca8fa147e1b5,normal
EVT_000293,invoice.paid,CUST_0069,INV_98063,2024-05-03T22:45:24Z,253.04,88a190b1-ef8e-4981-a1ff-3032c87725b8,normal
EVT_000294,invoice.paid,CUST_0038,INV_26769,2024-01-19T22:51:47Z,37.31,671b4050-d7cf-4f40-a60f-eb3446d8cea9,high
EVT_000295,invoice.rejected,CUST_0012,INV_39272,2024-02-13T03:46:35Z,96.06,4540da1c-09eb-4bc4-b50c-a7a4bb21a40b,high
EVT_000296,invoice.rejected,CUST_0034,INV_70786,2024-04-23T16:57:26Z,470.31,dad96204-2548-4ea8-aa6f-ab133bf36e04,low
EVT_000297,invoice.validated,CUST_0061,INV_75598,2024-06-21T17:01:33Z,152.1,43a098b9-8308-4f77-a2b1-8fcfc409087c,low
EVT_000298,invoice.validated,CUST_0020,INV_54914,2024-01-27T16:10:06Z,135.41,603386e6-4d83-4a1b-bd24-4383a232e7a1,normal
EVT_000299,compliance.failed,CUST_0041,INV_33639,2024-06-16T11:02:49Z,39.17,308a76cf-82cb-4bb2-bfa1-f4047e0c5d16,high
EVT_000300,invoice.paid,CUST_0008,INV_45851,2024-01-01T21:57:59Z,11.26,82b53768-2aad-4464-94c2-21642cab3ce4,critical
EVT_000301,compliance.submitted,CUST_0012,INV_66847,2024-01-26T03:04:31Z,110.51,74cb83d1-c81a-458e-b96a-b3e2a9d73de9,low
EVT_000302,invoice.validated,CUST_0005,INV_58903,2024-04-13T15:36:26Z,436.14,5984c2fd-73e9-4e6d-b3a6-d13a02e8a213,normal
EVT_000303,invoice.created,CUST_0003,INV_92141,2024-05-11T09:52:29Z,83.94,65b9e7ca-aef9-4949-9db7-46e2ff91a8a6,normal
EVT_000304,compliance.submitted,CUST_0014,INV_87158,2024-03-15T11:28:29Z,59.79,6825a235-2493-45bb-89f3-c7782f83c021,critical
EVT_000305,compliance.submitted,CUST_0067,INV_54280,2024-04-25T19:17:06Z,153.02,ef217d5d-2048-4505-a403-02dffcc481a2,high
EVT_000306,invoice.paid,CUST_0025,INV_12506,2024-02-02T00:24:46Z,240.94,0702dcd4-4fc1-4496-9ee7-35a78c9fede7,low
EVT_000307,invoice.validated,CUST_0076,INV_26143,2024-04-07T23:45:46Z,211.66,157e4576-84d0-4844-bcbf-b12842819dde,high
EVT_000308,invoice.created,CUST_0069,INV_87846,2024-05-01T00:01:06Z,49.74,9ad735fd-697c-4387-91fc-948354bff0a5,low
EVT_000309,invoice.paid,CUST_0015,INV_59840,2024-03-21T22:18:53Z,7.06,62fc7601-66f2-4b2b-bc80-a673c1ad67f7,low
EVT_000310,compliance.failed,CUST_0039,INV_23235,2024-03-22T17:24:11Z,33.46,c19065c0-ab36-46e7-93eb-02da4a818185,critical
EVT_000311,compliance.failed,CUST_0014,INV_90962,2024-04-09T08:09:28Z,6.77,3eea220f-3b40-4a91-9cde-329e29c12a33,normal
EVT_000312,compliance.submitted,CUST_0034,INV_36433,2024-06-10T11:03:55Z,250.04,68753606-eb7b-448a-bbd0-31e9b0ed4599,critical
EVT_000313,invoice.paid,CUST_0027,INV_53332,2024-05-13T15:15:45Z,12.49,3ba06a8e-a2d9-4933-8bb0-e7a0dab791e7,critical
EVT_000314,compliance.submitted,CUST_0020,INV_19836,2024-01-18T11:48:56Z,36.45,22c2a471-6711-4ab5-8e08-1b2e408df8a4,critical
EVT_000315,invoice.paid,CUST_0038,INV_16564,2024-02-21T06:54:42Z,76.21,1a7d7981-27de-4d7d-aa6b-a5fb092026f4,high
EVT_000316,compliance.failed,CUST_0041,INV_25191,2024-03-23T17:16:53Z,5.65,592c96b6-4663-4052-8d7b-e9762df8fe65,normal
EVT_000317,invoice.paid,CUST_0043,INV_91501,2024-03-10T10:11:54Z,159.96,5978619e-4000-4dc1-ade7-cef9d5c33224,normal
EVT_000318,invoice.paid,CUST_0015,INV_69839,2024-03-18T19:45:30Z,107.86,3a6229f7-24af-4e86-a624-f1086d663d5f,normal
EVT_000319,compliance.failed,CUST_0015,INV_17686,2024-01-26T17:32:55Z,232.36,5117f2a2-ee2a-4787-86db-8f137a09af2d,critical
EVT_000320,invoice.paid,CUST_0073,INV_33758,2024-05-11T17:32:28Z,390.74,45e8a010-f2e2-4450-9c30-78b2fc7f99a6,normal
EVT_000321,invoice.paid,CUST_0062,INV_24802,2024-06-27T17:21:55Z,219.76,4a397dc6-51d7-4fb3-90fc-194cf3194bdf,high
EVT_000322,compliance.failed,CUST_0002,INV_78788,2024-05-16T19:31:32Z,376.28,5d6e646d-9231-4a66-bd56-04a17594e1aa,high
EVT_000323,compliance.failed,CUST_0067,INV_91033,2024-04-11T13:50:14Z,149.26,ff5388c3-f090-4a99-8a18-1d67a8afa13f,critical
EVT_000324,compliance.submitted,CUST_0020,INV_90335,2024-06-11T22:10:38Z,146.51,158357f5-9d93-4a9d-bfcf-ac61511dbd45,critical
EVT_000325,invoice.paid,CUST_0022,INV_52026,2024-01-15T12:53:50Z,12.8,2ff9781b-1adc-43a7-8543-519c7f4a1368,critical
EVT_000326,invoice.validated,CUST_0052,INV_20332,2024-06-07T15:58:38Z,170.19,65f7ea8d-4fc4-4a6f-b667-f1b421518bf9,critical
EVT_000327,invoice.paid,CUST_0041,INV_95638,2024-01-24T01:12:50Z,211.18,47353212-c1f8-4f33-8923-8cfb81c60286,low
EVT_000328,compliance.submitted,CUST_0012,INV_91142,2024-06-02T17:58:39Z,375.45,74a921c1-f804-442c-99df-4e6d125ebd08,critical
EVT_000329,invoice.created,CUST_0044,INV_39218,2024-03-11T13:17:55Z,439.43,96390f62-aab7-4794-adff-4873874619b9,critical
EVT_000330,invoice.paid,CUST_0047,INV_24945,2024-05-19T00:23:55Z,148.84,b5fa7034-8d15-42ed-b584-3d24b8cc768f,high
EVT_000331,invoice.rejected,CUST_0071,INV_23935,2024-04-11T08:37:36Z,243.82,2d04019d-b98d-445b-80e0-0c62a3190bea,critical
EVT_000332,compliance.submitted,CUST_0014,INV_35679,2024-02-19T09:04:26Z,189.53,c230230e-4311-4670-a6ca-4f7b4c13a2e1,normal
EVT_000333,invoice.paid,CUST_0044,INV_16094,2024-01-21T22:13:29Z,175.62,67f7eb7d-3f57-4981-9cd0-fc3be32b55d5,critical
EVT_000334,invoice.validated,CUST_0076,INV_75382,2024-04-07T21:43:51Z,160.43,a0b01970-1eb7-4e27-b2bd-06b1981cc3bf,critical
EVT_000335,invoice.validated,CUST_0066,INV_85832,2024-05-31T16:06:12Z,232.31,999dec4d-d541-4771-863d-0714cf16d0e3,high
EVT_000336,invoice.paid,CUST_0065,INV_64875,2024-06-20T03:34:39Z,187.39,1b457848-a8e2-4b9c-be2d-59202af117ae,critical
EVT_000337,invoice.paid,CUST_0044,INV_27481,2024-02-27T02:56:53Z,476.57,88463400-889d-4a83-a29a-1bdb8b9e9f4c,high
EVT_000338,invoice.rejected,CUST_0071,INV_82559,2024-06-16T03:11:16Z,80.13,76c9901d-99e6-4ee7-81d6-ca94928d57bd,high
EVT_000339,compliance.failed,CUST_0017,INV_33306,2024-05-17T22:41:14Z,25.69,622cd62b-a811-4d3e-a639-fecbe55c686f,high
EVT_000340,compliance.submitted,CUST_0072,INV_84794,2024-04-03T06:41:09Z,410.36,3fb676d4-3627-4398-aa1e-6f3d6b506547,high
EVT_000341,invoice.created,CUST_0055,INV_78515,2024-06-05T22:58:23Z,6.22,3b70ba7f-9c8b-4aee-9858-df4f2e205bc7,normal
EVT_000342,invoice.validated,CUST_0035,INV_47567,2024-05-25T16:06:56Z,71.96,8079097a-6a92-42b7-b930-bc3821d57206,normal
EVT_000343,invoice.rejected,CUST_0070,INV_69322,2024-01-07T06:33:31Z,6.02,a3eb2dbd-2dfc-466b-a375-849150e69813,critical
EVT_000344,compliance.failed,CUST_0031,INV_47701,2024-04-09T05:04:13Z,57.05,c3a08a81-cbdc-4da0-b22a-a7c759888c18,high
EVT_000345,invoice.created,CUST_0071,INV_42943,2024-01-11T10:44:11Z,180.33,1612e62c-2b2c-4e80-b521-cfcf139b13b3,normal
EVT_000346,compliance.submitted,CUST_0048,INV_81645,2024-05-26T15:03:25Z,37.18,ea6afdd2-0e94-4451-8af4-1da4224cd6fe,high
EVT_000347,compliance.failed,CUST_0058,INV_19760,2024-02-04T10:51:52Z,76.07,753d0a32-35da-47a9-a8e2-1e3c3247e3da,low
EVT_000348,compliance.submitted,CUST_0055,INV_44634,2024-02-24T04:45:26Z,137.6,3e55dc9d-910b-452a-acb3-10ae3009ab8a,critical
EVT_000349,invoice.validated,CUST_0020,INV_52287,2024-01-08T18:08:11Z,395.11,4299c66d-401c-4710-9545-30553e413776,high
EVT_000350,compliance.submitted,CUST_0063,INV_82110,2024-06-02T09:14:20Z,18.55,349a7e8d-0eec-4ec2-858a-cad637b48efd,normal
EVT_000351,compliance.submitted,CUST_0067,INV_30889,2024-01-14T05:43:31Z,21.38,9218c6e3-592d-4a71-996a-b98a1c129f04,normal
EVT_000352,invoice.rejected,CUST_0043,INV_48479,2024-03-05T06:52:54Z,365.52,92f12234-83de-45a2-bbb4-4a9f18bb6590,low
EVT_000353,invoice.rejected,CUST_0015,INV_68414,2024-05-09T21:28:45Z,12.78,f9799d01-d117-44e9-814e-59e04d4e7871,low
EVT_000354,invoice.created,CUST_0042,INV_60577,2024-03-15T01:19:30Z,207.71,dea0cc90-8ea3-45a6-a969-b5e99a0c26a6,high
EVT_000355,compliance.submitted,CUST_0066,INV_68400,2024-06-04T21:23:49Z,94.47,619beea7-91ca-440b-99c0-331a448e90a1,low
EVT_000356,compliance.submitted,CUST_0013,INV_79888,2024-02-02T12:06:58Z,1.36,14bc092f-b4d9-4294-a0cf-1d3d132a62ea,critical
EVT_000357,compliance.submitted,CUST_0014,INV_67047,2024-02-09T22:04:12Z,32.68,a4e28b60-df96-45d2-b80b-9fb65ed46cbe,low
EVT_000358,invoice.rejected,CUST_0059,INV_14965,2024-05-19T04:50:54Z,447.8,09bbe396-c542-4a4d-acd1-f21540ce1014,low
EVT_000359,invoice.validated,CUST_0074,INV_43901,2024-06-08T13:01:24Z,117.67,f9d8eed4-33a3-43f4-b1ae-3c15ef07e714,low
EVT_000360,invoice.created,CUST_0050,INV_80101,2024-05-10T17:47:58Z,219.73,d3b5733c-15a1-4559-9611-24ad553d285e,low
EVT_000361,compliance.submitted,CUST_0010,INV_23911,2024-03-10T11:00:12Z,152.88,b062185d-9ac2-49b8-ba4f-bfef6a71876a,critical
EVT_000362,compliance.failed,CUST_0049,INV_14039,2024-03-17T17:21:40Z,130.02,febaf002-e4ea-4457-9d67-9f75906193bd,high
EVT_000363,compliance.failed,CUST_0019,INV_94926,2024-02-27T21:02:38Z,372.7,c0c5ef56-dc81-4edf-9f36-af0b75fa9262,normal
EVT_000364,invoice.created,CUST_0016,INV_85067,2024-01-09T02:40:37Z,130.57,2c4f2955-7447-4a40-8162-9fb01a169f0c,normal
EVT_000365,invoice.paid,CUST_0045,INV_94663,2024-02-11T02:45:56Z,257.41,3842707e-6c22-43da-913b-ebde628afdff,high
EVT_000366,invoice.validated,CUST_0025,INV_97946,2024-01-23T06:10:47Z,465.63,9a55d832-5e9d-490e-bb86-2f65843b65e5,critical
EVT_000367,invoice.rejected,CUST_0071,INV_98039,2024-01-15T04:52:42Z,64.73,1ab1e633-f03c-44c6-bde2-4d33ee331e55,high
EVT_000368,compliance.failed,CUST_0046,INV_95914,2024-01-25T21:31:33Z,12.49,7a167409-94ec-449f-9d81-fbf2c2f48763,high
EVT_000369,invoice.rejected,CUST_0063,INV_90785,2024-03-28T12:09:44Z,247.55,730fd30d-d86c-4f0e-8de9-50f55a802505,high
EVT_000370,invoice.validated,CUST_0041,INV_10633,2024-03-24T04:03:25Z,422.21,440d4307-a620-4209-9270-0177cd0690d5,critical
EVT_000371,invoice.rejected,CUST_0036,INV_27603,2024-06-12T03:11:47Z,99.73,836dae50-b6d4-4c43-8461-56bbda7aeab2,high
EVT_000372,compliance.submitted,CUST_0040,INV_24264,2024-04-04T13:27:04Z,9.61,eb23c95b-dd0a-469d-8aef-95dad2865941,normal
EVT_000373,compliance.failed,CUST_0034,INV_20022,2024-05-22T10:33:56Z,465.07,0662f9bf-e3df-4de7-8bf1-7f3c9832eec0,low
EVT_000374,invoice.paid,CUST_0075,INV_87337,2024-04-22T09:52:23Z,281.31,e25e6b6d-65ea-4f8b-8121-60873d57302f,critical
EVT_000375,invoice.paid,CUST_0020,INV_39269,2024-03-12T00:50:18Z,44.68,ec3e9970-cf3f-4929-a780-174b0525b6f3,critical
EVT_000376,invoice.created,CUST_0065,INV_62007,2024-04-09T02:41:32Z,274.53,9775b08e-787e-4c03-a122-524cf6b25f99,normal
EVT_000377,invoice.paid,CUST_0066,INV_30869,2024-01-28T06:10:29Z,9.78,79e9bfb3-04c1-4461-959e-e845c964d080,critical
EVT_000378,invoice.validated,CUST_0046,INV_73916,2024-01-08T20:22:12Z,273.01,07702b18-24bb-4b8b-97c1-0832a33bde39,normal
EVT_000379,invoice.rejected,CUST_0067,INV_60868,2024-06-25T06:18:36Z,214.49,55480af6-826c-4f66-8ab6-63d8a5288027,high
EVT_000380,compliance.submitted,CUST_0014,INV_93042,2024-05-16T15:38:55Z,282.15,46340636-e8c5-42cb-8a7b-cfafe3cab3f2,normal
EVT_000381,invoice.paid,CUST_0049,INV_57880,2024-05-06T22:20:51Z,184.73,e6c9fa3e-d8da-47e7-acf8-44f6a0b26d41,critical
EVT_000382,invoice.paid,CUST_0029,INV_56255,2024-04-10T06:28:00Z,447.31,bbb08feb-2263-4423-93c0-be38ba1e65f1,low
EVT_000383,invoice.validated,CUST_0065,INV_67658,2024-06-20T06:34:39Z,9.11,da86e95f-29b8-412f-b2f0-397010f0dbc3,normal
EVT_000384,invoice.rejected,CUST_0024,INV_88908,2024-01-31T13:20:18Z,67.75,5424ce9c-b2c2-471a-ace5-5247a45a77fa,low
EVT_000385,invoice.paid,CUST_0062,INV_72786,2024-05-11T02:47:49Z,11.32,a3575981-37f3-4d3e-a3b8-9f66fa9fee75,normal
EVT_000386,compliance.submitted,CUST_0006,INV_87640,2024-01-25T19:59:16Z,212.23,d5d936bd-4c3a-49ab-b75e-c162b9f8f66e,normal
EVT_000387,invoice.rejected,CUST_0008,INV_33597,2024-02-02T07:12:25Z,502.4,2d88e9e2-84a3-47e0-bf74-209c253721c2,low
EVT_000388,invoice.validated,CUST_0037,INV_68877,2024-01-17T15:37:01Z,30.72,d2ddda3a-03fe-49a6-93a5-40701bff60d4,critical
EVT_000389,compliance.submitted,CUST_0077,INV_33839,2024-01-28T17:05:12Z,252.33,999a33e3-023b-42ba-a9af-f21fa9c6618b,high
EVT_000390,compliance.submitted,CUST_0059,INV_19023,2024-04-25T20:02:49Z,12.26,b668f165-5f69-4b5d-87af-c27d56420852,critical
EVT_000391,invoice.created,CUST_0020,INV_33255,2024-04-27T13:53:09Z,212.18,a6e31119-ad39-4a97-a603-340299a10f2c,low
EVT_000392,compliance.failed,CUST_0012,INV_27082,2024-04-03T15:24:20Z,200.37,6b876a7f-93e0-4148-8462-619ae3c1dc0a,critical
EVT_000393,invoice.rejected,CUST_0067,INV_15693,2024-03-22T16:31:46Z,114.34,79a039b5-7950-4ead-a1f1-eeaf7974f68d,critical
EVT_000394,compliance.failed,CUST_0045,INV_85513,2024-04-24T09:09:46Z,5.79,41d70075-6749-4d73-b95f-d7715bf5e402,low
EVT_000395,compliance.submitted,CUST_0037,INV_63562,2024-04-26T04:14:39Z,13.63,833953b6-ef4d-4139-8936-6fe9ed6d46dc,low
EVT_000396,invoice.paid,CUST_0067,INV_95792,2024-01-02T09:31:36Z,11.07,e0b03eb5-cd50-40d4-a0e1-ade60bb5f6c7,normal
EVT_000397,compliance.submitted,CUST_0055,INV_43244,2024-05-06T12:33:50Z,376.18,09d18aa6-b67f-488b-aa2b-51f04debca62,high
EVT_000398,invoice.validated,CUST_0051,INV_64162,2024-05-26T14:25:26Z,255.76,042ec732-61f1-4b0b-bd80-4f6c4ee83a1a,critical
EVT_000399,compliance.submitted,CUST_0033,INV_55135,2024-02-29T13:06:25Z,243.08,9a674f9b-fd07-441b-8d15-dce62d9419b3,low
EVT_000400,compliance.failed,CUST_0030,INV_31206,2024-03-27T17:16:58Z,445.26,6e57b071-f795-4bfd-ad6b-342b56f8d68d,low
EVT_000401,compliance.failed,CUST_0021,INV_10693,2024-03-16T13:21:16Z,347.16,2838e2d8-18cd-489c-80f5-6e4e6c2bd925,critical
EVT_000402,invoice.rejected,CUST_0012,INV_39067,2024-01-13T10:38:11Z,141.35,b323c172-284b-4833-b7d7-0e1f7eb5a0db,high
EVT_000403,invoice.validated,CUST_0077,INV_93924,2024-01-12T03:47:49Z,465.38,f8dbf1ae-085c-403e-b0be-485f92c16302,high
EVT_000404,compliance.submitted,CUST_0025,INV_76918,2024-01-07T12:37:51Z,26.27,dab96433-9eb6-43d4-9f78-1620d8b21a44,high
EVT_000405,invoice.created,CUST_0031,INV_30636,2024-05-07T04:36:37Z,324.62,7f9a61c4-47be-43f0-93e8-996176d7b1da,critical
EVT_000406,invoice.validated,CUST_0052,INV_77861,2024-04-23T19:19:53Z,486.78,fb3c7a92-80ff-46b0-8cc1-2fa1f923eebc,high
EVT_000407,compliance.submitted,CUST_0072,INV_55625,2024-06-26T16:15:03Z,18.03,aff278b2-4208-4069-a586-2e576e7a8202,critical
EVT_000408,invoice.created,CUST_0052,INV_44223,2024-04-21T15:15:34Z,374.29,ce24695a-f049-45be-a77d-c75cadd82c5c,high
EVT_000409,compliance.submitted,CUST_0044,INV_43776,2024-01-23T17:18:05Z,379.37,f1ed8963-b581-4bb6-9ebc-f6255c7cde65,critical
EVT_000410,invoice.paid,CUST_0049,INV_41886,2024-04-19T08:33:21Z,194.19,0cbc1a36-3536-4607-ad58-d317a135a76a,low
EVT_000411,invoice.rejected,CUST_0062,INV_18854,2024-01-23T13:50:58Z,268.76,497b277f-583b-4898-8840-93ef32ab90f6,normal
EVT_000412,invoice.rejected,CUST_0041,INV_77699,2024-03-21T02:02:39Z,155.12,20875a3e-5ee4-4028-a45f-485529b9ecc2,low
EVT_000413,compliance.failed,CUST_0052,INV_54825,2024-05-10T19:39:35Z,189.71,204ffaf4-86f4-4f78-a186-dabc571396c0,normal
EVT_000414,invoice.validated,CUST_0074,INV_99536,2024-02-22T05:59:02Z,46.58,bce0b701-d5e1-4aaf-b803-6caf6fd4cf23,normal
EVT_000415,invoice.validated,CUST_0034,INV_36577,2024-02-10T03:39:29Z,41.91,937bc651-6346-4113-81fd-3ddba13b603a,low
EVT_000416,compliance.failed,CUST_0011,INV_74574,2024-05-11T05:30:45Z,31.08,0345e871-2511-4a92-89c2-da2e6e47d226,critical
EVT_000417,invoice.rejected,CUST_0048,INV_74532,2024-04-30T12:31:12Z,182.15,df590130-d4f0-458d-b24e-86baadb90ad9,critical
EVT_000418,compliance.submitted,CUST_0024,INV_46735,2024-05-28T09:43:14Z,240.01,ff043486-4b50-4e69-bdc6-82a98ad880b5,critical
EVT_000419,invoice.created,CUST_0062,INV_75860,2024-04-15T00:09:40Z,179.06,659af984-9082-49d2-b5f8-177d055150a2,low
EVT_000420,invoice.rejected,CUST_0067,INV_11103,2024-03-30T08:05:03Z,81.61,ff0e4c33-b5cf-4a34-910c-94a1c4c2a218,high
EVT_000421,invoice.rejected,CUST_0079,INV_34530,2024-06-16T08:28:29Z,347.06,6d2b2fac-7b6d-4177-88ed-d518e49f2eb2,high
EVT_000422,invoice.paid,CUST_0047,INV_65567,2024-02-05T17:05:59Z,155.11,eb4cbcd0-4ccf-420f-9c6c-bfb112cb3525,high
EVT_000423,compliance.submitted,CUST_0058,INV_27188,2024-02-04T22:20:40Z,454.03,39a91673-38e3-4623-a80e-160a306722dd,high
EVT_000424,invoice.paid,CUST_0031,INV_59923,2024-04-17T20:04:19Z,170.01,974722a0-6fa1-4db1-8456-84b98146b497,low
EVT_000425,invoice.paid,CUST_0023,INV_27625,2024-03-22T20:25:43Z,361.31,07978591-57ce-4b10-a4c7-e4dde32755aa,high
EVT_000426,invoice.rejected,CUST_0063,INV_83680,2024-02-28T06:15:38Z,43.07,833fe59f-e370-476c-bce8-e12c16a731fe,low
EVT_000427,invoice.rejected,CUST_0028,INV_72460,2024-06-07T00:40:01Z,64.45,ce936173-3d90-4985-b069-bfeb7a797a39,high
EVT_000428,compliance.submitted,CUST_0047,INV_43779,2024-04-18T19:25:13Z,309.54,324d7afe-2d6d-4b08-b0c7-b21400797b99,normal
EVT_000429,compliance.failed,CUST_0074,INV_95082,2024-04-21T19:51:45Z,196.91,a04fe8e8-ebd3-4536-ae4b-a7e138eefd61,critical
EVT_000430,invoice.created,CUST_0058,INV_59947,2024-06-21T17:59:15Z,31.07,08d0b1be-5051-4741-ab28-723a20ff5d12,high
EVT_000431,compliance.submitted,CUST_0054,INV_84925,2024-05-02T13:56:50Z,186.06,289d7f72-f342-4cf6-a1a0-ed8e8b709800,normal
EVT_000432,compliance.failed,CUST_0041,INV_48188,2024-03-02T12:45:34Z,140.81,5f257a32-7d86-48c4-a4e1-9672b0c22591,high
EVT_000433,invoice.paid,CUST_0076,INV_64262,2024-04-11T03:44:10Z,9.2,44b233fd-8c11-42bc-92fd-56f4a7d8ae6e,high
EVT_000434,invoice.validated,CUST_0011,INV_62041,2024-02-10T21:20:03Z,474.15,9bcbc97b-9dcd-40eb-bdfe-50ff1dc71af9,low
EVT_000435,invoice.paid,CUST_0004,INV_78679,2024-05-29T16:48:41Z,38.48,61e0b9cc-7d92-4376-a3ad-5aaa436bb47d,low
EVT_000436,invoice.validated,CUST_0050,INV_42426,2024-03-01T01:46:18Z,239.44,932edf47-ad79-4a26-8748-3e858bc376db,normal
EVT_000437,compliance.failed,CUST_0004,INV_56771,2024-01-07T19:50:02Z,348.56,24081ba0-f9ef-4e8f-9d12-133daf8c2d30,high
EVT_000438,invoice.validated,CUST_0071,INV_80685,2024-03-27T09:07:39Z,396.89,ef0c2873-0454-450a-97d9-bdb0718c067c,critical
EVT_000439,compliance.failed,CUST_0068,INV_79964,2024-05-04T05:37:16Z,16.17,a4ade2f4-8ced-4492-9b02-2bb8fadc05af,critical
EVT_000440,invoice.paid,CUST_0040,INV_44053,2024-03-12T00:40:25Z,8.63,a4f83b09-6b20-49bc-98dc-ca22b9e47ff6,high
EVT_000441,compliance.submitted,CUST_0037,INV_11090,2024-04-01T02:37:15Z,123.79,9e2ce221-5bf6-44ad-80d8-e5eab37e3d1b,low
EVT_000442,invoice.rejected,CUST_0056,INV_88250,2024-06-03T22:47:07Z,51.08,bf15fca7-51a7-42da-a8fc-5145e8b5350d,critical
EVT_000443,invoice.validated,CUST_0051,INV_94671,2024-02-18T12:36:01Z,106.75,e4f3d1b9-2cf0-4747-91aa-f0759a4a81ef,normal
EVT_000444,compliance.submitted,CUST_0067,INV_99737,2024-05-28T11:00:24Z,147.27,d8072162-14b2-407b-bf94-e2a624157f11,critical
EVT_000445,invoice.created,CUST_0025,INV_33908,2024-06-14T17:30:52Z,66.55,0da0d32e-4f19-4ef4-b28b-9d07e6984c1c,high
EVT_000446,invoice.validated,CUST_0080,INV_52027,2024-04-05T12:52:03Z,1.95,10339932-4e86-433a-aafb-9f76623a4c1b,low
EVT_000447,invoice.validated,CUST_0037,INV_67464,2024-02-22T06:32:24Z,84.92,3c42537f-b79d-4037-ae84-99b335897237,normal
EVT_000448,invoice.rejected,CUST_0044,INV_75325,2024-03-22T14:28:28Z,119.55,4fe29142-0bfd-43e0-816c-f981451d12d7,low
EVT_000449,invoice.rejected,CUST_0019,INV_61435,2024-01-11T21:09:27Z,120.52,031adddc-04c4-43f8-a242-064d95f7ea60,critical
EVT_000450,compliance.failed,CUST_0002,INV_42631,2024-01-24T16:22:55Z,19.86,39f9c2b2-2a1f-4772-9d50-9537aface572,normal
EVT_000451,invoice.created,CUST_0059,INV_78306,2024-05-22T18:51:09Z,81.27,d30c3a78-c252-4fcc-835a-34ed31923af4,high
EVT_000452,compliance.failed,CUST_0021,INV_15529,2024-05-02T04:07:04Z,132.44,870b0a7c-b990-48b6-ae04-25673d605fec,high
EVT_000453,invoice.created,CUST_0026,INV_97385,2024-03-10T23:42:35Z,66.94,3c1c8fdb-69e8-4886-8520-9f391c0bfc18,low
EVT_000454,invoice.rejected,CUST_0022,INV_86637,2024-06-03T06:07:39Z,6.86,f5a86cac-0858-4c20-b8b7-2133a52fddfc,critical
EVT_000455,invoice.rejected,CUST_0077,INV_21728,2024-01-31T02:18:53Z,124.99,6cf7c056-92b8-44cc-92df-1471b34d8c0f,low
EVT_000456,compliance.failed,CUST_0008,INV_30174,2024-03-10T00:49:56Z,35.37,385b7563-4ead-46f3-85a4-cf20179b7536,high
EVT_000457,compliance.failed,CUST_0072,INV_55523,2024-06-02T02:57:52Z,260.21,38bb0d5c-f03e-4376-8843-c04a7c526033,critical
EVT_000458,invoice.validated,CUST_0046,INV_42859,2024-05-20T15:56:41Z,122.8,0d0f5633-c312-47ef-94ab-b4176b06286b,critical
EVT_000459,invoice.validated,CUST_0025,INV_81253,2024-04-20T01:01:17Z,285.9,53f549bf-4301-47a4-9490-d30433145704,normal
EVT_000460,invoice.validated,CUST_0009,INV_68901,2024-04-13T03:16:47Z,15.49,9596d8a2-f300-4c94-ac40-77c9a380c340,critical
EVT_000461,invoice.created,CUST_0024,INV_91229,2024-06-20T10:45:47Z,274.5,f7a38373-9c0f-4989-83f5-e774fc4ffa18,low
EVT_000462,invoice.paid,CUST_0069,INV_34886,2024-06-08T01:02:54Z,372.06,bb3b2bb9-2b35-4821-aaef-76540d2b8632,high
EVT_000463,compliance.failed,CUST_0042,INV_52208,2024-03-20T13:49:39Z,6.41,e18bb69e-d594-48a2-8794-a91145763762,normal
EVT_000464,invoice.created,CUST_0005,INV_73618,2024-02-09T05:45:23Z,54.77,7e80d9a1-fcd5-4b76-86ac-bf5a76421b6b,critical
EVT_000465,compliance.failed,CUST_0068,INV_87371,2024-05-01T03:54:47Z,13.54,711d5e62-014f-4967-9706-fd08a28795d1,low
EVT_000466,invoice.paid,CUST_0027,INV_20480,2024-05-07T08:00:48Z,312.61,e634b5e3-204c-4eed-a4d2-dcfdcdce401b,critical
EVT_000467,compliance.failed,CUST_0048,INV_17641,2024-06-03T05:28:16Z,41.36,965954fa-ce55-49fc-b9f1-8a2d4e4b4dae,high
EVT_000468,compliance.submitted,CUST_0010,INV_22729,2024-02-11T22:10:01Z,5.96,7bed9651-7cc5-494f-94bd-40d39520cf70,normal
EVT_000469,invoice.validated,CUST_0073,INV_83193,2024-05-01T10:13:33Z,232.92,a253e91b-bb2b-43f1-8d9a-00574acc3cf3,high
EVT_000470,compliance.failed,CUST_0059,INV_65977,2024-05-16T10:07:20Z,75.02,5930cb3a-207a-42e1-933c-531b08eee9af,high
EVT_000471,compliance.submitted,CUST_0021,INV_68066,2024-04-13T16:09:23Z,185.37,554a19cf-d038-4e61-a4f5-58d8856728e5,high
EVT_000472,compliance.failed,CUST_0053,INV_66438,2024-05-28T09:21:26Z,275.11,c18718bf-e89a-4497-8fb1-4c87d3d4cb64,normal
EVT_000473,compliance.submitted,CUST_0049,INV_43303,2024-05-28T16:27:32Z,18.64,e6386e71-99c7-4025-b77e-e6d2d94d92a8,low
EVT_000474,invoice.created,CUST_0037,INV_77844,2024-04-25T16:27:21Z,7.62,8ca0fe37-d13e-4aa9-b05e-74d1a285f01e,normal
EVT_000475,compliance.failed,CUST_0041,INV_46170,2024-01-05T05:08:08Z,378.05,48f45b66-570a-470d-82ae-d665e889415b,normal
EVT_000476,invoice.paid,CUST_0013,INV_56616,2024-01-08T07:51:50Z,8.65,e6255004-1c52-4b85-aa52-0a712e1b983c,normal
EVT_000477,invoice.rejected,CUST_0033,INV_22046,2024-06-06T11:52:47Z,28.95,59b9ba9d-6e8e-45a2-b14c-09b8a5a80c09,high
EVT_000478,invoice.paid,CUST_0062,INV_85527,2024-02-03T13:47:02Z,41.16,2a779546-3f0b-44d9-9d81-0c60a5873353,critical
EVT_000479,invoice.created,CUST_0011,INV_53829,2024-05-31T11:37:53Z,18.05,811045eb-8f2c-4a9f-8be2-48a257c11e99,normal
EVT_000480,invoice.created,CUST_0078,INV_93084,2024-06-29T07:50:14Z,39.09,62d124cb-456b-45d8-9606-c0e8cef9e614,high
EVT_000481,invoice.validated,CUST_0070,INV_52838,2024-04-19T16:41:05Z,215.76,03100946-8f60-45c0-b2d2-83ee145e45f8,critical
EVT_000482,compliance.submitted,CUST_0058,INV_85399,2024-05-26T04:29:22Z,83.31,4e2a62ba-8a75-4a1f-bd96-66175d54a7ec,normal
EVT_000483,invoice.created,CUST_0017,INV_72371,2024-03-06T06:39:26Z,29.0,2fdda33a-e300-4a25-b9b4-5a11ce4ddc21,critical
EVT_000484,compliance.failed,CUST_0065,INV_27088,2024-03-25T08:52:31Z,122.14,c3a42e4b-42b6-4367-a377-ecdd0b38fa05,normal
EVT_000485,compliance.failed,CUST_0072,INV_78714,2024-04-29T14:45:11Z,60.75,13da3b69-2523-459b-9ddf-f477b6d71359,low
EVT_000486,invoice.paid,CUST_0015,INV_65514,2024-05-10T10:34:13Z,307.49,ffba0329-2320-488c-92da-5cc1f06b543b,low
EVT_000487,invoice.rejected,CUST_0040,INV_90769,2024-02-02T20:47:12Z,170.42,87cfdd61-edea-42a5-82dd-c33fe9b3aebd,low
EVT_000488,compliance.failed,CUST_0030,INV_58997,2024-02-08T18:36:01Z,226.77,7dbbdada-072a-4649-81b0-3860e9d16c89,low
EVT_000489,invoice.validated,CUST_0032,INV_47707,2024-04-30T14:04:52Z,154.07,8e2cd500-90b3-4cdd-9662-e04078951f52,critical
EVT_000490,invoice.validated,CUST_0003,INV_80517,2024-03-05T10:39:27Z,434.11,5b11871a-e88d-429b-9dbf-56df8ca832b6,critical
EVT_000491,invoice.validated,CUST_0080,INV_97590,2024-05-21T17:41:25Z,1.9,5809c4b4-e88f-499a-a860-586c28d4592d,high
EVT_000492,invoice.rejected,CUST_0022,INV_36305,2024-01-12T16:07:59Z,216.56,4bbdfd8b-bb03-4390-8960-f2ed768ed3d0,low
EVT_000493,compliance.failed,CUST_0009,INV_45561,2024-03-16T11:13:03Z,33.49,752b564e-40fb-4399-a42e-dd0c5a0cc992,low
EVT_000494,compliance.failed,CUST_0038,INV_60662,2024-06-17T10:25:32Z,12.33,67917e1f-74d7-4ead-aa90-5845ae881e65,high
EVT_000495,compliance.submitted,CUST_0063,INV_79672,2024-06-17T07:27:13Z,501.64,7f76dfcb-53da-4db4-80f7-62eec6719bb4,low
EVT_000496,compliance.submitted,CUST_0006,INV_49967,2024-02-18T00:55:51Z,109.01,b387ecc9-fd64-4540-a8dc-cc892a063cb8,high
EVT_000497,invoice.rejected,CUST_0046,INV_40959,2024-05-01T09:47:15Z,49.8,937cdd15-51b1-4b6e-81c6-279c9b28c81e,high
EVT_000498,invoice.created,CUST_0050,INV_82737,2024-06-21T21:34:28Z,83.84,f86b9f84-f8e8-419f-bc41-c78826ba4f50,normal
EVT_000499,invoice.paid,CUST_0012,INV_78251,2024-05-21T17:31:56Z,48.07,647c781d-1482-46f7-be14-7eb295e20661,critical
EVT_000500,invoice.validated,CUST_0031,INV_65897,2024-04-21T05:54:02Z,302.74,2132d093-b19c-4caf-8279-12a107a6f063,normal
EVT_000501,invoice.validated,CUST_0027,INV_86156,2024-05-06T16:44:34Z,170.02,81988c02-0359-4141-a27c-abaa4c88465c,normal
EVT_000502,invoice.validated,CUST_0056,INV_96013,2024-06-25T12:15:24Z,299.06,1eac3e21-99d3-4f19-be09-48e66572de05,low
EVT_000503,invoice.validated,CUST_0024,INV_13864,2024-03-02T16:06:43Z,182.02,b92731ea-e73e-4eaa-a11d-ba1d72c3065b,high
EVT_000504,compliance.failed,CUST_0057,INV_45887,2024-05-24T18:47:35Z,8.45,be342fb3-5530-478f-9490-4c40b637f552,high
EVT_000505,compliance.submitted,CUST_0078,INV_40266,2024-04-20T02:36:44Z,30.22,bb58f9d9-568f-45be-a543-f773e4a76647,critical
EVT_000506,compliance.submitted,CUST_0018,INV_71441,2024-04-07T13:00:08Z,106.09,4062ef0e-e2bc-44e9-ad9b-23b3e36f012a,critical
EVT_000507,invoice.validated,CUST_0018,INV_39658,2024-02-01T19:17:59Z,164.68,2a26d4a0-8d81-4da2-a262-206ade542784,critical
EVT_000508,compliance.failed,CUST_0029,INV_36585,2024-05-24T03:40:45Z,59.92,fb5b2941-be3b-45c9-abd5-38a82d35a837,critical
EVT_000509,invoice.paid,CUST_0042,INV_42346,2024-06-17T07:27:49Z,166.43,7171d6d6-e12d-4390-b724-0af7fd4b06d2,high
EVT_000510,compliance.failed,CUST_0051,INV_84964,2024-04-28T17:49:09Z,30.1,b5299ea4-b393-405c-b3ba-9a181a0d76d4,low
EVT_000511,invoice.created,CUST_0058,INV_42207,2024-03-29T17:18:37Z,429.37,11d24866-121f-4cbe-9247-689e54be2a84,critical
EVT_000512,compliance.failed,CUST_0067,INV_16461,2024-05-28T13:54:12Z,115.93,7f1d2599-709f-44d3-9ee0-7d807006ab5b,critical
EVT_000513,invoice.rejected,CUST_0022,INV_90364,2024-03-23T00:48:59Z,153.49,ce9d8b24-ad69-4ebf-bfad-b9d834b59aa9,critical
EVT_000514,compliance.submitted,CUST_0012,INV_24833,2024-05-20T07:46:41Z,479.03,6a86773f-7a96-48e8-988b-5605af9be534,normal
EVT_000515,invoice.rejected,CUST_0051,INV_69098,2024-03-21T07:19:33Z,2.22,9328755e-ffbe-4199-849e-bf598b9fd86b,critical
EVT_000516,invoice.rejected,CUST_0012,INV_95010,2024-02-18T13:28:04Z,45.45,1848663d-9fff-4e5a-b73e-2643ebad578d,low
EVT_000517,invoice.paid,CUST_0015,INV_93109,2024-05-17T03:15:18Z,319.84,8edcd741-8ca5-438e-be0a-7d26032f065f,normal
EVT_000518,invoice.paid,CUST_0049,INV_15754,2024-04-16T20:47:51Z,376.43,e91ecb2e-0427-46c9-b3d2-d2227fe97878,normal
EVT_000519,invoice.validated,CUST_0021,INV_33444,2024-06-17T16:59:16Z,296.12,bb82507e-d9ba-403c-ada3-26d568cdadb6,critical
EVT_000520,invoice.validated,CUST_0037,INV_25408,2024-05-01T15:28:54Z,194.07,a0599b01-e3da-4c60-af10-936a6da3891e,low
EVT_000521,invoice.paid,CUST_0059,INV_81237,2024-04-06T15:06:45Z,40.57,6dcf7d5a-ed6d-490d-8ad3-0377e3ece16a,critical
EVT_000522,invoice.paid,CUST_0059,INV_20407,2024-03-20T15:26:38Z,50.99,aa4534d3-482f-42ce-b165-ef056cdce0cb,normal
EVT_000523,invoice.validated,CUST_0007,INV_17217,2024-02-05T21:25:00Z,466.39,9d62480e-926e-406e-a0e6-ea54e94a2c63,high
EVT_000524,invoice.created,CUST_0043,INV_16426,2024-06-27T17:18:12Z,199.06,23c5167a-49c3-4069-8d59-5f652516d804,normal
EVT_000525,compliance.submitted,CUST_0059,INV_57210,2024-05-25T12:09:11Z,63.97,434d23e5-82d8-481f-9dc0-58408a9dfff7,critical
EVT_000526,invoice.paid,CUST_0009,INV_82151,2024-05-27T06:35:45Z,120.62,adc25066-fa0b-4b4d-92a5-c2257b5e29a4,high
EVT_000527,compliance.submitted,CUST_0068,INV_37504,2024-03-21T08:15:05Z,234.1,babd882c-f3c9-4c6a-abcd-d5bf594dfaf5,low
EVT_000528,compliance.failed,CUST_0062,INV_89269,2024-05-20T14:25:48Z,289.6,7335121b-37e4-4dd1-a3ce-fe7f1fbf52e0,high
EVT_000529,compliance.submitted,CUST_0034,INV_91689,2024-04-12T00:30:02Z,375.54,40c9c15c-af81-4988-b4e5-e1bf2cbcf5b5,critical
EVT_000530,invoice.validated,CUST_0064,INV_89876,2024-06-05T21:27:41Z,12.4,01388b64-b664-4d48-b226-8a3adc62aec0,low
EVT_000531,invoice.created,CUST_0060,INV_37175,2024-05-01T10:51:29Z,199.85,544e12c7-2ea3-45a9-b17c-4760df2460de,high
EVT_000532,compliance.failed,CUST_0072,INV_37831,2024-06-05T12:26:06Z,1.55,7016bf1f-1fe4-4af0-bbab-166afc8761c5,high
EVT_000533,compliance.submitted,CUST_0039,INV_52457,2024-04-08T09:20:41Z,67.08,369fa654-cb2f-49b6-8957-cdf59ebab7ab,low
EVT_000534,invoice.rejected,CUST_0023,INV_54294,2024-02-07T16:10:41Z,46.19,9d32a1f3-2b9a-41f9-87cc-9a2a056ed7ba,normal
EVT_000535,compliance.failed,CUST_0062,INV_70374,2024-01-31T04:09:09Z,130.55,ed625596-cd6b-4791-8118-cf5ca6e763f4,low
EVT_000536,compliance.submitted,CUST_0067,INV_98892,2024-02-28T03:02:34Z,264.98,63f23641-a43d-4799-bfcc-7eb6e40b98af,high
EVT_000537,invoice.validated,CUST_0046,INV_46760,2024-01-13T20:34:30Z,317.08,b4d12fbe-6450-4ec3-a0d9-526299e9c3a1,normal
EVT_000538,invoice.paid,CUST_0074,INV_34560,2024-04-27T14:42:56Z,434.48,6c41205a-cead-4b6a-8029-20d4107ce8a7,high
EVT_000539,invoice.paid,CUST_0005,INV_21376,2024-02-22T17:16:10Z,85.65,9408fb67-f17b-4968-b6fb-f7cc1c5f56c6,normal
EVT_000540,invoice.validated,CUST_0068,INV_24710,2024-02-28T16:54:19Z,19.34,22d7deb1-2eb7-49f1-9423-63b9f48df105,critical
EVT_000541,invoice.paid,CUST_0065,INV_75543,2024-01-05T20:12:16Z,350.84,0b75a841-6307-4792-907a-119629dc4851,high
EVT_000542,invoice.created,CUST_0042,INV_77652,2024-01-28T19:48:11Z,69.91,dd56af06-e0f3-43ff-9ca6-aae5196aa7fc,critical
EVT_000543,invoice.created,CUST_0067,INV_50760,2024-01-23T11:50:05Z,46.68,3478bb9c-7127-4977-8b33-6f9ffd4be9f7,high
EVT_000544,invoice.created,CUST_0060,INV_23513,2024-06-21T15:54:23Z,297.49,06cd15be-cbff-4c26-8859-ec265c2883f5,high
EVT_000545,invoice.validated,CUST_0027,INV_35237,2024-03-03T07:24:39Z,441.11,f5a86114-9ad1-44d4-8c5c-cd9d1edd320f,low
EVT_000546,invoice.validated,CUST_0035,INV_45866,2024-01-29T23:53:06Z,6.61,94ec4174-1156-4023-a7f4-cfa26d21b5ec,normal
EVT_000547,compliance.submitted,CUST_0070,INV_51744,2024-03-09T00:36:03Z,450.85,7927658c-9dbe-4a21-a413-5d0b187d505f,normal
EVT_000548,invoice.rejected,CUST_0022,INV_90381,2024-01-14T20:00:57Z,44.72,8a91db92-fbcd-496f-a92d-d843a6df7fcb,critical
EVT_000549,invoice.paid,CUST_0007,INV_17051,2024-01-21T13:39:18Z,419.86,0416e7a0-3e8f-4eda-bee4-a12236735262,critical
EVT_000550,invoice.rejected,CUST_0079,INV_53559,2024-03-10T01:19:45Z,409.31,cb16ae9d-6a13-454d-a48a-9c652a5333d9,low
EVT_000551,invoice.validated,CUST_0060,INV_22178,2024-04-20T06:05:23Z,187.95,636aad2a-e2b6-4d5b-a2d6-8504b6e01d9d,high
EVT_000552,invoice.validated,CUST_0060,INV_39333,2024-04-01T08:54:09Z,184.36,f0eeb787-5c27-4b01-a906-d8b47206d414,critical
EVT_000553,compliance.failed,CUST_0024,INV_53296,2024-05-15T20:26:25Z,39.65,87f8cba7-314a-4cc7-95d1-025773153f4b,low
EVT_000554,invoice.rejected,CUST_0061,INV_72737,2024-01-22T22:05:30Z,439.6,2a6d0fac-ae43-4938-bad1-a87b3a12bf1d,normal
EVT_000555,invoice.paid,CUST_0066,INV_24022,2024-01-20T23:41:55Z,447.24,3cb689e1-0ada-4e28-b5ff-1190cc59aec7,critical
EVT_000556,invoice.paid,CUST_0052,INV_41270,2024-04-24T16:05:49Z,132.19,70493030-e190-4182-b736-f1c1d6f0ebeb,low
EVT_000557,compliance.failed,CUST_0044,INV_87459,2024-02-10T10:27:36Z,197.03,7ad65c5d-a2c0-4281-b4ee-229aa3b116f3,normal
EVT_000558,compliance.failed,CUST_0023,INV_20209,2024-05-08T15:59:48Z,37.23,108109a9-943b-4641-a037-98e3cad19256,critical
EVT_000559,invoice.created,CUST_0042,INV_68355,2024-04-17T18:53:46Z,9.63,b38a18e4-31b7-4ff9-9950-af0440298968,critical
EVT_000560,compliance.failed,CUST_0042,INV_96529,2024-04-05T23:34:56Z,243.34,7cefdf24-45f4-42c7-8a8b-f5bb389272c9,low
EVT_000561,invoice.validated,CUST_0019,INV_69372,2024-05-08T07:55:49Z,27.03,3f1d5f62-acba-45fc-8766-060640a7dd7e,normal
EVT_000562,compliance.submitted,CUST_0041,INV_99071,2024-02-28T04:52:04Z,191.5,37dbfcc4-84a7-4a79-b4b9-53703568299e,low
EVT_000563,compliance.submitted,CUST_0075,INV_76902,2024-01-02T13:50:18Z,69.13,c66e4b2c-9117-4eed-9d32-d0b232cd967c,low
EVT_000564,compliance.submitted,CUST_0001,INV_57086,2024-05-16T13:52:04Z,92.33,521725a0-f9be-497d-8c0b-f359a3a5cd03,critical
EVT_000565,invoice.paid,CUST_0041,INV_63219,2024-05-18T05:06:20Z,131.77,37608c33-3fc0-4ee7-917a-0e7bc7eed94d,normal
EVT_000566,invoice.paid,CUST_0025,INV_57223,2024-04-17T20:27:07Z,511.21,0e944e43-eb59-40dd-9282-f020e972797c,normal
EVT_000567,invoice.created,CUST_0018,INV_94985,2024-01-03T06:04:21Z,158.2,d4f34b42-0fd7-43e1-a9e7-7b56da021317,normal
EVT_000568,compliance.failed,CUST_0011,INV_64507,2024-01-27T15:29:34Z,184.04,c10c12d9-77f8-4a07-9a71-9eb7d39d1fff,normal
EVT_000569,invoice.paid,CUST_0059,INV_82358,2024-04-08T22:02:44Z,107.71,103da3b5-de5e-41d6-91b8-c2b6e01bc741,low
EVT_000570,compliance.failed,CUST_0074,INV_41031,2024-04-06T17:34:46Z,489.09,7e113278-d27d-4872-8c7b-87f1acf43f70,high
EVT_000571,compliance.submitted,CUST_0005,INV_73342,2024-01-08T08:27:49Z,350.24,33a157a9-41df-448e-8a50-3168f9282e49,low
EVT_000572,compliance.failed,CUST_0019,INV_78997,2024-05-21T18:54:39Z,197.55,5f6643f8-ec74-4c88-bf1c-d686143bb5ea,low
EVT_000573,compliance.submitted,CUST_0067,INV_21592,2024-06-21T19:18:24Z,407.09,76633d31-77fe-4946-b98e-2c03e6ae1e09,low
EVT_000574,compliance.submitted,CUST_0070,INV_50959,2024-06-03T23:24:26Z,31.04,d657fe3e-ee1d-40b8-8586-f0b4dc4b99c1,critical
EVT_000575,invoice.paid,CUST_0059,INV_85230,2024-04-09T13:10:59Z,113.15,1aed8c1a-2a8a-4f02-98e3-135e6696db4b,high
EVT_000576,compliance.failed,CUST_0022,INV_88333,2024-01-07T20:37:55Z,37.72,3ddc0a1c-7039-4a3d-a743-858d8c55c333,critical
EVT_000577,compliance.submitted,CUST_0075,INV_16765,2024-02-02T19:57:58Z,33.16,a729ca9c-8ac5-45ef-bcf1-6424a4705120,high
EVT_000578,invoice.validated,CUST_0063,INV_76269,2024-01-17T00:31:30Z,278.64,2256116d-e616-4c7f-845a-542694a2104b,high
EVT_000579,invoice.rejected,CUST_0036,INV_11861,2024-06-15T13:54:35Z,483.96,8f810c45-f9a9-4f03-84a0-88e9a54c1f6f,normal
EVT_000580,invoice.validated,CUST_0058,INV_44242,2024-03-12T19:14:17Z,256.41,6c5aed7d-38b0-48b0-8dca-28b772df9d86,low
EVT_000581,invoice.validated,CUST_0044,INV_88059,2024-01-17T09:20:21Z,73.12,6967d5a0-3a03-4814-94d6-7598eb22ef4e,critical
EVT_000582,invoice.paid,CUST_0031,INV_93568,2024-05-08T06:55:57Z,9.2,cd546c90-1dd3-48d5-9b54-4e43af6d2997,high
EVT_000583,invoice.validated,CUST_0015,INV_70819,2024-01-11T04:46:33Z,432.8,7059dab4-e3cf-4a3a-a5d5-b493f02f9721,normal
EVT_000584,compliance.failed,CUST_0049,INV_61127,2024-05-12T17:23:14Z,24.25,f1821405-fb12-44b3-afdc-f26637a68978,high
EVT_000585,compliance.failed,CUST_0058,INV_51377,2024-03-15T04:16:05Z,212.8,0ee26885-6546-49b3-a667-173c7ae92911,high
EVT_000586,compliance.failed,CUST_0056,INV_45728,2024-04-28T13:04:08Z,230.66,a154415c-17c3-4dfc-9865-6971bebf044f,critical
EVT_000587,compliance.failed,CUST_0060,INV_41692,2024-05-30T03:08:41Z,138.31,15b87bf9-d77c-4ed1-aa7c-377612f867bc,normal
EVT_000588,invoice.created,CUST_0041,INV_98185,2024-04-16T08:03:34Z,328.31,e0edc121-0b1f-4d08-94b5-d919447fb2ad,low
EVT_000589,invoice.validated,CUST_0058,INV_47132,2024-03-09T06:11:06Z,13.34,9ad436f0-d648-41c9-a172-c45ee9c98901,normal
EVT_000590,invoice.created,CUST_0077,INV_25725,2024-05-03T21:40:54Z,317.3,86d9e88d-0111-4106-b5d5-3a1b4b759c9e,normal
EVT_000591,invoice.validated,CUST_0015,INV_43205,2024-05-15T01:58:51Z,149.07,39eaf82a-62f8-4498-b696-e60941ea01c9,high
EVT_000592,compliance.failed,CUST_0055,INV_52389,2024-05-14T09:59:09Z,13.61,3f7acd1e-7ca3-4561-b3ea-5c2918eb14dd,critical
EVT_000593,invoice.created,CUST_0050,INV_43847,2024-03-05T14:17:00Z,89.7,f7234075-bf2f-40b0-bf67-ee620b0434cf,normal
EVT_000594,invoice.validated,CUST_0079,INV_94604,2024-03-17T05:48:32Z,25.11,09115e20-340b-4984-a849-3caeb8d6e311,low
EVT_000595,invoice.rejected,CUST_0057,INV_23538,2024-05-18T22:00:25Z,60.56,046d4608-7b0f-4a8a-81cd-d321e9d15753,low
EVT_000596,compliance.failed,CUST_0064,INV_93930,2024-01-29T21:42:40Z,1.04,e26afd9d-60e0-4d41-89b1-bffa81a2bb63,high
EVT_000597,invoice.created,CUST_0051,INV_77552,2024-04-21T14:01:03Z,165.65,082c49cb-f27f-437e-b337-035370c11572,low
EVT_000598,invoice.created,CUST_0070,INV_60387,2024-02-13T20:31:21Z,350.4,1c3745ff-2cc7-4b11-ab9a-5b312f15ea00,high
EVT_000599,invoice.rejected,CUST_0043,INV_62509,2024-05-12T09:35:05Z,199.55,d764ec97-2775-408a-8b88-f0bd1454f385,high
EVT_000600,invoice.paid,CUST_0011,INV_48005,2024-06-12T08:11:25Z,76.49,cb8e3bce-0edd-4e5d-ab77-18923a830f9f,normal
EVT_000601,invoice.paid,CUST_0039,INV_23994,2024-05-15T03:02:47Z,226.48,b68ff867-a16a-4a56-b319-4919b860cb4b,critical
EVT_000602,invoice.created,CUST_0025,INV_35309,2024-01-28T04:10:53Z,199.46,402c4be0-1294-44e9-947a-6e4e3e7cbb02,low
EVT_000603,invoice.rejected,CUST_0070,INV_75494,2024-05-04T22:29:48Z,27.16,3dfb2941-d294-42b2-a80c-f9d6324c409b,low
EVT_000604,invoice.rejected,CUST_0044,INV_15611,2024-01-11T21:13:57Z,404.0,331bbb42-1718-4498-b2ef-98d9a7f96ee6,critical
EVT_000605,compliance.failed,CUST_0069,INV_85936,2024-01-29T22:10:27Z,60.81,580d4c13-3e1c-44c9-98c5-8c4ae208f616,low
EVT_000606,compliance.submitted,CUST_0061,INV_16003,2024-06-25T03:45:35Z,204.48,235d716d-3d5d-4e08-b698-3aed4cf4a08f,low
EVT_000607,invoice.created,CUST_0040,INV_69793,2024-06-08T08:55:19Z,30.95,57a4b666-0d9b-45c5-8cd0-2d13d95e326c,low
EVT_000608,compliance.submitted,CUST_0064,INV_38910,2024-04-25T12:47:44Z,305.25,5c90047c-a28f-4670-a557-b39413c895fc,critical
EVT_000609,compliance.failed,CUST_0042,INV_85493,2024-01-24T10:58:48Z,27.75,545cd5c2-acb0-4742-91da-cd80c5e9afb7,low
EVT_000610,invoice.rejected,CUST_0076,INV_18286,2024-02-03T16:19:28Z,329.53,805162df-e87b-4098-b6e2-cbf5a95be071,high
EVT_000611,invoice.paid,CUST_0071,INV_41934,2024-02-02T00:59:03Z,231.19,2467c3aa-2502-47f3-91dd-44e55d2e3527,critical
EVT_000612,invoice.paid,CUST_0021,INV_20580,2024-01-04T00:50:33Z,227.81,22603fe3-9d10-4008-b3f3-ed1106dff6ba,high
EVT_000613,invoice.paid,CUST_0054,INV_26632,2024-05-14T15:57:38Z,145.97,6e733d82-013c-4c29-bfda-5da88e167d2f,normal
EVT_000614,compliance.failed,CUST_0023,INV_14931,2024-04-28T13:18:47Z,30.22,e1b5789d-7cee-4958-b4df-060fcf1cc311,high
EVT_000615,invoice.created,CUST_0045,INV_83100,2024-03-22T07:41:01Z,12.55,43f90632-3eed-4cfd-87f4-af25acfed1cc,high
EVT_000616,invoice.validated,CUST_0070,INV_70845,2024-04-08T13:18:40Z,38.75,d277e5c9-a9d2-4cac-be39-e8fe66f4bfb8,low
EVT_000617,invoice.paid,CUST_0020,INV_75210,2024-05-13T01:28:02Z,213.45,8c1420c1-d417-41c4-88aa-9fd7f298a7ad,high
EVT_000618,invoice.paid,CUST_0037,INV_42949,2024-02-10T16:45:32Z,17.38,db2f6ef6-aaac-47d3-ac20-3c4cd5b1094e,low
EVT_000619,compliance.submitted,CUST_0007,INV_33053,2024-06-28T14:09:58Z,8.74,dba41968-1015-4d93-ae18-d18fe07faee3,normal
EVT_000620,compliance.submitted,CUST_0057,INV_52725,2024-04-25T02:12:47Z,21.53,41f35219-0c88-449f-b95f-71c38b2804e4,low
EVT_000621,invoice.created,CUST_0042,INV_41079,2024-02-14T05:32:28Z,37.15,f8029cb8-b884-4ab7-8ad2-21386c955d47,low
EVT_000622,invoice.paid,CUST_0061,INV_17122,2024-04-23T14:43:39Z,71.74,ac63bba1-f3e0-46d1-8bf8-dcbc106bd7e2,normal
EVT_000623,invoice.validated,CUST_0050,INV_69996,2024-03-13T12:33:59Z,36.27,bbef63c2-ff02-47f8-9a92-c108c1a44eb2,high
EVT_000624,compliance.failed,CUST_0017,INV_84536,2024-01-07T05:34:17Z,70.48,cb8e00be-917a-4624-aa7e-21312d848e65,critical
EVT_000625,invoice.rejected,CUST_0022,INV_38816,2024-05-27T15:26:21Z,446.34,993d3b85-b633-4c5e-ac35-2b4a0b0e9106,normal
EVT_000626,invoice.validated,CUST_0074,INV_21334,2024-04-17T08:01:40Z,21.17,671f130d-d198-4075-b3d1-3b8819f54680,critical
EVT_000627,invoice.created,CUST_0060,INV_66113,2024-02-24T05:01:50Z,302.12,939c08ca-1d67-4342-8c5b-af255632015e,normal
EVT_000628,compliance.submitted,CUST_0076,INV_10665,2024-01-29T22:14:56Z,509.28,f5dcd1f8-e7fc-4629-a620-dad057994511,low
EVT_000629,invoice.paid,CUST_0055,INV_72818,2024-04-13T03:12:23Z,154.5,c1105cd4-5749-4d7a-9104-79fafb76c5c1,normal
EVT_000630,invoice.created,CUST_0011,INV_63296,2024-04-18T10:44:16Z,292.29,08c13f36-ac21-4690-9a84-dc08c835b122,low
EVT_000631,compliance.failed,CUST_0003,INV_49955,2024-04-03T03:57:02Z,377.96,b055dad5-2c1d-4c27-b3de-299ceb679ac3,low
EVT_000632,invoice.validated,CUST_0059,INV_63131,2024-03-31T01:16:52Z,395.57,1b4bd96c-92b5-4239-8c64-672f1964667f,low
EVT_000633,compliance.failed,CUST_0010,INV_53634,2024-03-15T17:40:02Z,434.9,78d926e9-e9de-4810-943e-864a7d5c5607,normal
EVT_000634,invoice.rejected,CUST_0011,INV_17184,2024-04-30T11:31:51Z,26.22,2765a278-2fd3-479d-bb77-87586fafe127,low
EVT_000635,invoice.paid,CUST_0050,INV_91151,2024-03-11T23:46:36Z,402.23,ad6a7a68-f75f-436a-a222-138cc2be9ab8,low
EVT_000636,invoice.validated,CUST_0072,INV_28141,2024-05-17T17:45:02Z,85.79,12c05d45-9ff0-4d0f-90c5-c83fc231cda4,normal
EVT_000637,invoice.rejected,CUST_0029,INV_45043,2024-03-03T05:28:10Z,113.44,7ab436e5-223c-4ee0-b799-f41437d910f5,high
EVT_000638,compliance.submitted,CUST_0058,INV_79033,2024-04-04T09:58:53Z,365.95,6dfd6fea-f175-40d6-8868-f8375b1d15d2,high
EVT_000639,invoice.rejected,CUST_0058,INV_98251,2024-04-30T13:50:33Z,47.32,e18c5050-f963-4db7-baa6-fd40d1e48ad4,normal
EVT_000640,invoice.created,CUST_0059,INV_61207,2024-01-17T22:53:17Z,45.0,dca8f1a1-3e91-4e6d-b177-9ec884374d99,normal
EVT_000641,compliance.failed,CUST_0036,INV_29392,2024-01-22T18:04:20Z,362.45,f3b7642e-ca11-4942-ac1b-00dfe23d64f5,low
EVT_000642,compliance.failed,CUST_0038,INV_80966,2024-03-21T21:12:05Z,331.08,d9bb662c-758c-46d8-b0b5-d5de44d175bf,low
EVT_000643,invoice.created,CUST_0038,INV_12888,2024-02-06T17:05:11Z,495.6,0a363d9b-070f-49c8-b8a1-cd9d214dd412,high
EVT_000644,invoice.rejected,CUST_0053,INV_95951,2024-04-22T08:57:32Z,385.13,33a5142b-3d45-4774-8d3c-e7570897a2cf,critical
EVT_000645,compliance.submitted,CUST_0059,INV_27295,2024-02-29T01:07:35Z,45.02,dbc52875-dbf7-4f1e-b478-560d56db825f,critical
EVT_000646,invoice.created,CUST_0048,INV_29443,2024-02-25T22:51:32Z,18.3,e361fd11-c68c-4e60-907c-9b483576527e,high
EVT_000647,compliance.failed,CUST_0024,INV_97340,2024-02-04T01:14:01Z,74.19,68b1b523-1b35-48ac-be54-9a2036024b57,normal
EVT_000648,invoice.rejected,CUST_0057,INV_34182,2024-02-20T13:35:07Z,156.07,bf206080-0010-4ae9-a9c4-e13993aaa3f7,normal
EVT_000649,compliance.submitted,CUST_0048,INV_31311,2024-03-28T01:49:51Z,68.22,16a9b163-91c9-4266-a666-0ac5a1c93d74,normal
EVT_000650,invoice.rejected,CUST_0059,INV_30454,2024-06-29T03:54:50Z,160.77,b3a5bf17-4bc6-462d-8059-880392ef37b4,high
EVT_000651,invoice.rejected,CUST_0061,INV_85199,2024-06-22T23:33:27Z,169.94,4a73aee0-e5e3-4472-89d8-147d48dd09b9,high
EVT_000652,invoice.paid,CUST_0015,INV_15253,2024-05-22T01:41:31Z,132.64,54bc42c0-cf5c-44f7-957c-2a2f3da102b0,normal
EVT_000653,invoice.created,CUST_0058,INV_52777,2024-03-10T09:34:28Z,3.7,6c1250e5-7082-40d3-adb7-3ff735eda192,high
EVT_000654,invoice.created,CUST_0026,INV_80570,2024-01-05T09:05:03Z,498.78,9c4299f2-e39a-444c-93be-e2758fe1a027,critical
EVT_000655,invoice.rejected,CUST_0025,INV_89058,2024-04-05T05:44:03Z,191.51,3a6c6b95-94e7-4b0e-b2d2-62700dec4a63,critical
EVT_000656,invoice.paid,CUST_0019,INV_58448,2024-05-19T00:37:58Z,51.83,d6ab6f95-92b2-443a-bea3-b073723c5e5e,critical
EVT_000657,invoice.validated,CUST_0072,INV_68224,2024-01-18T00:14:21Z,37.33,21d4c8de-8707-488e-95bd-f099e57a098e,critical
EVT_000658,compliance.submitted,CUST_0054,INV_88372,2024-01-28T02:25:57Z,348.08,ed2e86ac-397b-4c46-9391-3d82b1a7355f,high
EVT_000659,invoice.paid,CUST_0009,INV_21593,2024-04-24T16:45:47Z,1.32,bc39656a-2ba0-481e-9088-57865e189765,critical
EVT_000660,invoice.validated,CUST_0073,INV_36117,2024-05-26T15:41:27Z,10.11,b8c439ca-e113-4e5d-b109-18ffca593bb7,high
EVT_000661,invoice.paid,CUST_0075,INV_83306,2024-02-29T00:20:37Z,37.25,ef5f4c73-41d9-4333-b083-2e34738e2500,high
EVT_000662,compliance.failed,CUST_0039,INV_71936,2024-05-04T09:12:13Z,7.08,a2d5d209-afe6-4680-9a68-179668300537,critical
EVT_000663,invoice.created,CUST_0032,INV_46335,2024-01-06T12:33:07Z,195.59,734112d3-a647-4570-9553-13db5499ba21,critical
EVT_000664,invoice.rejected,CUST_0073,INV_92312,2024-03-25T16:13:35Z,196.14,a47b833c-6c1f-4886-b955-6a965624253e,low
EVT_000665,compliance.submitted,CUST_0034,INV_17669,2024-02-01T14:55:23Z,119.16,9dff7ae8-520b-4789-a927-1824699e18fa,normal
EVT_000666,invoice.rejected,CUST_0007,INV_64986,2024-02-22T22:44:09Z,193.27,f133d993-7d5b-49fb-a746-996e0cf8fc89,low
EVT_000667,compliance.failed,CUST_0066,INV_34018,2024-02-07T15:14:33Z,139.81,ae6652af-30c0-48df-bc4e-a56299712947,high
EVT_000668,compliance.failed,CUST_0039,INV_57516,2024-02-22T17:05:25Z,5.7,d4a9367d-6061-4260-8108-95812ef7633e,normal
EVT_000669,invoice.rejected,CUST_0067,INV_73556,2024-02-24T15:30:06Z,21.19,edd3196b-ebdf-4cd4-be43-9791bc1bde8d,normal
EVT_000670,invoice.validated,CUST_0065,INV_83224,2024-02-12T22:27:48Z,364.0,4df86915-38c4-4132-8a9f-449dcabed52c,low
EVT_000671,invoice.created,CUST_0054,INV_25278,2024-03-30T10:02:42Z,188.51,bbfe3cc6-1924-4b15-8d69-e84907a4b063,high
EVT_000672,invoice.paid,CUST_0018,INV_88335,2024-06-07T15:40:34Z,195.52,1f7b8b62-7656-4a87-b054-b49eb0a842e9,low
EVT_000673,invoice.validated,CUST_0016,INV_28659,2024-02-13T04:15:45Z,34.71,30adf2e6-4434-4a4b-9565-61bab82dbff8,critical
EVT_000674,invoice.created,CUST_0015,INV_73472,2024-01-16T02:16:21Z,233.64,f0cffdef-b6a3-47b1-a79a-707e9939020f,low
EVT_000675,invoice.rejected,CUST_0061,INV_15672,2024-01-24T02:13:03Z,4.25,45b3750e-987c-4663-8b87-d951d32f0668,normal
EVT_000676,invoice.validated,CUST_0076,INV_34219,2024-06-23T23:46:45Z,245.41,6cdb384b-10df-4de1-9a51-48c5344ae00e,high
EVT_000677,invoice.rejected,CUST_0075,INV_31044,2024-03-08T13:02:08Z,391.24,9edf6f00-03df-454d-9d63-492e2e7ddef4,low
EVT_000678,compliance.submitted,CUST_0013,INV_11832,2024-06-08T03:32:59Z,26.91,b52ee3c4-7650-40ea-bfb0-0082cf6c5c68,low
EVT_000679,invoice.validated,CUST_0013,INV_76085,2024-06-28T11:14:01Z,42.71,b35ba7be-6fab-40e1-a7b8-0ad54a999b65,critical
EVT_000680,invoice.rejected,CUST_0014,INV_59756,2024-02-05T02:48:54Z,127.14,a79e7986-e8f5-4c18-8dfe-ecae35451e32,low
EVT_000681,compliance.submitted,CUST_0060,INV_27814,2024-01-22T10:06:38Z,289.94,4e4d1eb5-8dff-4744-aee7-c3102aa9eeac,low
EVT_000682,invoice.paid,CUST_0011,INV_25167,2024-03-04T17:07:43Z,429.69,4adc18ce-a542-4073-afa1-1d50a6c69109,critical
EVT_000683,invoice.paid,CUST_0029,INV_48088,2024-04-17T13:26:06Z,114.19,3f351972-0f02-44a1-afc5-28dc38b85ddf,high
EVT_000684,compliance.failed,CUST_0023,INV_74441,2024-01-03T11:35:10Z,363.07,18837dc6-b088-46a5-b890-79f2c7b4b833,low
EVT_000685,invoice.paid,CUST_0016,INV_62510,2024-01-28T20:08:28Z,35.06,197617b7-2f50-478d-b97b-7d6477c95249,low
EVT_000686,invoice.rejected,CUST_0047,INV_36248,2024-02-08T15:48:35Z,198.6,02baf6b4-c68e-4697-b468-9a2712cc367e,critical
EVT_000687,compliance.failed,CUST_0036,INV_86273,2024-05-28T12:18:20Z,163.45,a6fdca54-b948-47cf-a2e7-2bfe5d9753c5,high
EVT_000688,compliance.submitted,CUST_0061,INV_63011,2024-05-09T10:56:24Z,126.71,74f24348-3f92-407c-ae84-c7808a2ca878,low
EVT_000689,invoice.paid,CUST_0016,INV_75178,2024-02-18T16:17:57Z,209.27,54e209be-930f-4245-9ed9-e56ea2fefcc9,low
EVT_000690,compliance.failed,CUST_0009,INV_13506,2024-04-06T17:28:36Z,48.63,0b33090e-953d-407a-ba9b-6f1c99a7f167,high
EVT_000691,invoice.created,CUST_0080,INV_20029,2024-05-01T00:28:28Z,127.99,202a1e6c-a116-45d5-bb8d-64625281cfdc,normal
EVT_000692,invoice.paid,CUST_0038,INV_74258,2024-05-08T13:34:41Z,452.56,029f5a22-f943-4658-88e5-68c9581119d3,low
EVT_000693,invoice.created,CUST_0005,INV_60283,2024-03-24T13:50:21Z,23.06,56612202-342c-42a9-8f99-a90edeb5dbb8,low
EVT_000694,compliance.failed,CUST_0023,INV_49720,2024-04-18T02:15:14Z,74.62,c5d1f2af-f5f5-45ae-bd86-94b048001722,critical
EVT_000695,invoice.created,CUST_0063,INV_84560,2024-05-28T08:32:59Z,413.84,ecf5099a-4578-45a6-877e-ffe1e017861d,critical
EVT_000696,invoice.validated,CUST_0061,INV_76412,2024-04-19T04:18:00Z,89.51,33b257ac-0e26-4710-aaca-8d79a14e39fd,high
EVT_000697,invoice.created,CUST_0037,INV_13689,2024-03-03T05:33:28Z,314.32,8bbcf309-4aea-4734-b248-698181e2d338,low
EVT_000698,invoice.created,CUST_0044,INV_66118,2024-03-14T21:36:01Z,309.6,1398f994-44de-4abf-a9ef-08fcfaae997a,normal
EVT_000699,compliance.failed,CUST_0032,INV_50907,2024-02-15T13:25:05Z,186.56,28a1a987-8efc-4cfd-8201-06aa0385ec31,low
EVT_000700,invoice.created,CUST_0044,INV_80571,2024-02-02T23:13:43Z,469.37,3a310a74-52a8-4b15-9a32-e3627fbb1b2a,critical
EVT_000701,compliance.failed,CUST_0035,INV_71564,2024-01-04T23:04:53Z,197.86,71c2258f-60e0-42b3-985b-d37577303a28,high
EVT_000702,invoice.paid,CUST_0074,INV_23114,2024-01-19T23:26:04Z,354.98,428a7fcb-6ecb-45a1-8505-50dd110e05f8,high
EVT_000703,invoice.rejected,CUST_0022,INV_57622,2024-04-29T09:18:20Z,48.5,05c10ddd-9415-42d8-a39c-49199fe996cb,normal
EVT_000704,invoice.created,CUST_0037,INV_48970,2024-02-21T11:42:44Z,270.48,146df1b6-938c-4dbe-9324-19f7e9ca5c15,low
EVT_000705,compliance.submitted,CUST_0075,INV_54150,2024-01-19T09:29:26Z,134.96,c1a39101-c5ca-42b3-9103-67e736872a42,normal
EVT_000706,invoice.created,CUST_0045,INV_95398,2024-06-03T12:00:21Z,293.57,fb8dadeb-cd94-45ee-997d-5ae9a2f8e317,high
EVT_000707,invoice.paid,CUST_0026,INV_42933,2024-03-21T10:50:39Z,31.62,2dcc6f03-a027-49a6-be47-802f2e1076cf,low
EVT_000708,invoice.validated,CUST_0067,INV_85608,2024-06-16T12:31:08Z,149.12,c17463f5-1c4d-4eba-95ea-2c145020ceae,high
EVT_000709,compliance.submitted,CUST_0069,INV_66849,2024-06-06T01:54:11Z,46.8,1a9df155-7186-451f-a6de-508fe643aa6c,high
EVT_000710,invoice.validated,CUST_0060,INV_29722,2024-01-29T16:32:07Z,164.83,0e671255-f880-418f-8e9d-d159ab35ad2c,high
EVT_000711,invoice.validated,CUST_0009,INV_64059,2024-05-03T02:18:58Z,250.1,8e0af3c6-59d5-4ac7-adae-df8cb74e476d,normal
EVT_000712,invoice.created,CUST_0052,INV_29655,2024-02-16T07:24:47Z,86.84,4363741f-a9ea-45cf-9e8f-9741b923d516,critical
EVT_000713,invoice.paid,CUST_0072,INV_94793,2024-03-25T16:31:36Z,45.38,1642ef4f-b7e2-44a7-9c89-9dd40832adc1,high
EVT_000714,compliance.submitted,CUST_0036,INV_33066,2024-05-07T21:37:40Z,32.57,def3e4f8-50c5-4072-9804-cbce1f55bd45,low
EVT_000715,compliance.submitted,CUST_0011,INV_49056,2024-03-01T22:54:08Z,185.09,5c99b6a6-2d44-418f-863f-c8dd51bf4471,low
EVT_000716,compliance.failed,CUST_0051,INV_28423,2024-06-12T01:48:01Z,12.57,b3e5ddf6-b8e0-47e3-9803-0be31ef5257f,high
EVT_000717,invoice.created,CUST_0064,INV_41205,2024-06-20T18:22:15Z,297.78,27e3d96d-3f17-491f-bb6d-1fe6d0bcde3c,critical
EVT_000718,invoice.validated,CUST_0031,INV_28910,2024-03-23T02:42:44Z,82.12,d0ee3124-3d03-485d-83f1-97c58332db7b,high
EVT_000719,invoice.paid,CUST_0076,INV_79922,2024-01-11T20:37:52Z,192.31,bd728102-7e39-4d16-bdc9-d37f4426cf65,critical
EVT_000720,invoice.validated,CUST_0032,INV_57578,2024-02-23T22:19:59Z,296.15,5768a30d-43a3-46a1-83ad-ea6fc0bd730c,low
EVT_000721,compliance.failed,CUST_0007,INV_41414,2024-05-14T02:48:48Z,399.35,ccc3a6bf-b301-4fc0-8e38-930832a444f0,high
EVT_000722,invoice.validated,CUST_0016,INV_67986,2024-04-13T20:51:52Z,186.47,633bfc5e-6cee-481f-bc42-4cbbf20d625d,high
EVT_000723,invoice.validated,CUST_0012,INV_48983,2024-06-08T18:05:45Z,485.76,9e5151fd-fe5b-45bb-9b39-603dd45c9c07,high
EVT_000724,invoice.created,CUST_0053,INV_45918,2024-06-02T06:29:08Z,173.48,2367549c-9c4b-4e29-b243-db6597fec44d,critical
EVT_000725,invoice.paid,CUST_0043,INV_23159,2024-05-19T07:15:40Z,154.77,e6a48744-d682-4128-a280-c9d363340242,critical
EVT_000726,compliance.submitted,CUST_0078,INV_52830,2024-05-21T14:27:55Z,216.25,91eab9c5-4b23-4c2f-a510-65a599402411,normal
EVT_000727,compliance.failed,CUST_0057,INV_27837,2024-06-02T14:25:01Z,295.33,bdacc5e7-7989-4cf2-92b8-677335d8a23d,low
EVT_000728,invoice.validated,CUST_0015,INV_77681,2024-01-31T15:30:21Z,35.96,15256e58-b7d7-4ffb-934c-f9014a804089,critical
EVT_000729,invoice.paid,CUST_0041,INV_27499,2024-03-28T16:05:43Z,153.12,f4fee135-6458-4fd2-80df-b97df4c5302b,normal
EVT_000730,invoice.rejected,CUST_0011,INV_33840,2024-03-21T11:41:36Z,460.42,0de09c87-2d25-4f85-83f2-97ecb4dbe6bb,normal
EVT_000731,compliance.submitted,CUST_0003,INV_94817,2024-01-05T11:02:54Z,84.31,ace62f02-3aec-4beb-8975-9c07bb826fa1,normal
EVT_000732,invoice.validated,CUST_0034,INV_16525,2024-05-16T04:06:49Z,20.65,28d8ce36-1c03-476d-be45-5989b34ebf0b,high
EVT_000733,invoice.created,CUST_0022,INV_11850,2024-04-20T03:32:36Z,115.27,4243ce2f-8e04-4f94-86e7-340bb075c980,critical
EVT_000734,compliance.failed,CUST_0016,INV_36626,2024-02-13T14:10:15Z,179.29,bf850176-2b07-4fe0-80d9-95a8b5d4d51d,critical
EVT_000735,invoice.paid,CUST_0049,INV_37080,2024-01-26T06:46:22Z,288.29,98114e87-9926-497b-8e62-98333d570cf9,normal
EVT_000736,invoice.paid,CUST_0054,INV_29129,2024-02-05T00:35:04Z,196.42,78767183-1572-4b85-be6e-aa5158c4b96d,normal
EVT_000737,compliance.failed,CUST_0048,INV_94834,2024-04-23T04:31:30Z,51.55,98bc9ecb-3723-45f6-a24a-dbf6e0131763,critical
EVT_000738,invoice.paid,CUST_0028,INV_65481,2024-05-18T12:23:11Z,37.07,8ecc6b84-eb1e-4b81-8256-5eee2eebeea4,low
EVT_000739,invoice.validated,CUST_0043,INV_71726,2024-06-29T19:04:32Z,493.07,9bfdef0c-47e0-49b4-8dae-a582a811a5fd,low
EVT_000740,compliance.submitted,CUST_0001,INV_91219,2024-02-19T06:07:36Z,19.67,3b40f984-44b6-4d1a-af1e-23acbba76ef6,low
EVT_000741,invoice.rejected,CUST_0075,INV_32264,2024-02-04T19:56:06Z,25.68,e08d8f46-674e-475b-be9b-2e744e78e799,low
EVT_000742,compliance.submitted,CUST_0041,INV_66744,2024-05-17T22:01:51Z,7.95,8947c2ba-7b5c-4939-af27-febcc9a7c188,critical
EVT_000743,invoice.rejected,CUST_0036,INV_66372,2024-05-25T05:06:34Z,181.54,4bf922d3-5d6e-4822-96ba-a2cd4da700c5,high
EVT_000744,invoice.validated,CUST_0056,INV_51358,2024-06-22T08:09:07Z,496.42,a7612e46-2969-4126-9349-7c56f9de16ba,critical
EVT_000745,invoice.validated,CUST_0007,INV_17152,2024-02-06T16:25:50Z,281.19,bb82e3ba-8332-4cf8-b201-2616e81017e8,critical
EVT_000746,invoice.paid,CUST_0056,INV_15346,2024-01-23T12:42:40Z,198.32,0cc131d9-9f68-4b4e-8669-1c5d18be1f74,critical
EVT_000747,compliance.failed,CUST_0015,INV_29405,2024-06-13T05:53:32Z,7.06,73895806-8bc9-4390-875c-a34f70a8be45,normal
EVT_000748,invoice.rejected,CUST_0066,INV_83825,2024-06-08T17:27:44Z,44.65,3a2dadd3-57fe-4c77-b65e-56b7651461cc,normal
EVT_000749,invoice.created,CUST_0054,INV_42264,2024-06-27T17:26:11Z,38.64,6eea67ce-b041-4f52-b4b4-198502b5e3c2,high
EVT_000750,invoice.rejected,CUST_0016,INV_87376,2024-03-17T12:57:51Z,46.53,3f2a7937-36d6-4e93-8d9a-862052e39e9b,low
EVT_000751,compliance.failed,CUST_0059,INV_96447,2024-06-10T07:20:20Z,284.03,121ea0b1-1446-4f82-afb4-da6c1ac2d1fa,low
EVT_000752,compliance.failed,CUST_0043,INV_91574,2024-01-09T12:20:30Z,428.24,85ea3bef-6d60-47f8-9939-77ef54457f51,normal
EVT_000753,invoice.created,CUST_0028,INV_94363,2024-06-16T15:10:15Z,432.07,aa84191d-706e-4d90-8204-c7bec9ac1c95,critical
EVT_000754,invoice.rejected,CUST_0012,INV_33332,2024-03-18T10:48:55Z,12.76,1408999d-9fd9-4ee1-bdd6-29458be54c04,normal
EVT_000755,invoice.paid,CUST_0021,INV_47347,2024-03-16T10:33:17Z,193.16,0302d779-cd40-4e6c-ba50-1f6835fb4571,critical
EVT_000756,invoice.rejected,CUST_0056,INV_99779,2024-05-22T21:29:33Z,103.86,48a27710-adcf-49ee-80b6-541659a8b7a7,normal
EVT_000757,invoice.paid,CUST_0063,INV_72447,2024-03-27T11:54:43Z,140.05,f17fcb12-9042-40cb-90e5-7586a0f1b1ca,high
EVT_000758,invoice.paid,CUST_0079,INV_92665,2024-02-06T04:28:52Z,56.07,001cd2e7-494a-4d92-9875-11bde00ba33a,normal
EVT_000759,invoice.paid,CUST_0020,INV_79111,2024-06-29T17:13:31Z,128.7,ccbf7a06-c339-4153-b957-d04016858961,low
EVT_000760,invoice.validated,CUST_0062,INV_26749,2024-02-28T07:56:02Z,95.06,c22ba6d2-2dd7-4510-8242-25ea0abc82dc,high
EVT_000761,compliance.submitted,CUST_0073,INV_20031,2024-01-10T06:25:47Z,127.01,b6124ad8-37d8-42d3-92f1-24cb3df4af1c,low
EVT_000762,compliance.failed,CUST_0060,INV_84511,2024-05-08T07:48:31Z,382.7,dbbc418a-0cd5-49a1-b22d-e26d11fc7b34,low
EVT_000763,compliance.failed,CUST_0015,INV_70670,2024-05-23T19:03:19Z,9.8,fe7c3944-395c-4d33-9534-9fc824c430de,critical
EVT_000764,compliance.submitted,CUST_0039,INV_69637,2024-03-01T23:05:45Z,117.49,1449a703-85e0-4f3a-9f65-d6d83dccabe9,normal
EVT_000765,invoice.created,CUST_0028,INV_89174,2024-02-05T22:34:11Z,13.71,c5938a60-e9c9-4f4c-9e48-31e4ad6c0265,low
EVT_000766,invoice.created,CUST_0051,INV_32509,2024-01-23T15:45:36Z,326.39,923609a5-18b7-45fe-9cd9-b44fc1a4bca7,critical
EVT_000767,compliance.submitted,CUST_0039,INV_57281,2024-04-30T02:24:57Z,194.47,63c204bf-becb-4b44-a885-10e539bd64d5,low
EVT_000768,invoice.created,CUST_0017,INV_35008,2024-01-27T05:40:35Z,6.48,070faf44-12ee-42b1-8122-0b04e79f3aaf,normal
EVT_000769,invoice.validated,CUST_0062,INV_95162,2024-05-05T22:48:11Z,467.76,01359c6a-7eb0-47d0-a276-f6f5183b8829,normal
EVT_000770,invoice.paid,CUST_0012,INV_29420,2024-02-28T10:22:44Z,24.23,4c3921b8-7163-44eb-a1b9-b5d007b8bb42,critical
EVT_000771,invoice.created,CUST_0063,INV_68918,2024-04-01T13:17:56Z,80.2,088edcc1-b960-4598-905e-a9ee48512657,low
EVT_000772,invoice.created,CUST_0043,INV_92629,2024-01-02T12:41:48Z,114.77,7451f227-6049-4310-b9b6-7c6e35e024dc,high
EVT_000773,invoice.paid,CUST_0005,INV_73714,2024-04-04T15:53:54Z,158.69,abd03edf-4e64-49b5-bb3a-946a2c5b0d22,normal
EVT_000774,invoice.created,CUST_0008,INV_65312,2024-04-12T14:05:51Z,283.57,b755dc32-9f2e-4f14-9271-00b8dc86d88d,critical
EVT_000775,invoice.paid,CUST_0061,INV_91618,2024-01-23T16:59:00Z,47.01,067927de-610d-4d2a-933c-3e5bdde9cb32,normal
EVT_000776,invoice.validated,CUST_0037,INV_71504,2024-05-21T00:22:47Z,268.55,b45b4930-bd56-40f4-b7be-35dad5aa3fbb,high
EVT_000777,compliance.failed,CUST_0078,INV_96108,2024-06-14T17:22:58Z,182.48,3409917a-d9fa-483d-9a66-159fbc6a0540,critical
EVT_000778,invoice.paid,CUST_0047,INV_31237,2024-06-03T13:30:05Z,433.77,a841f2cf-bb95-4cb8-9649-86b2fe41c228,critical
EVT_000779,invoice.validated,CUST_0017,INV_30488,2024-02-03T15:35:42Z,65.14,c5325896-0a5c-41b7-97d9-ad7a41103fea,high
EVT_000780,compliance.submitted,CUST_0031,INV_16166,2024-02-10T16:01:41Z,281.37,dba4aaeb-de79-4cb9-b6aa-7f8e484e6ef4,normal
EVT_000781,compliance.submitted,CUST_0023,INV_14190,2024-06-09T18:31:13Z,40.53,d7830353-8f56-411a-8297-926db3d4fd8b,low
EVT_000782,invoice.paid,CUST_0072,INV_43793,2024-02-13T12:21:40Z,440.04,617a1bc8-9eee-4183-9b41-c329af4c65b5,high
EVT_000783,compliance.failed,CUST_0020,INV_77552,2024-06-14T17:10:12Z,65.62,97f843e1-8beb-4eb8-b1f7-6a05fe6797af,critical
EVT_000784,compliance.submitted,CUST_0015,INV_89908,2024-01-21T13:29:30Z,39.33,f94bc24a-584d-46f9-bce4-0359b7aa48f1,low
EVT_000785,invoice.created,CUST_0022,INV_36920,2024-05-02T07:40:06Z,73.55,b3af06c7-bfca-4337-b90b-5c598d564e08,critical
EVT_000786,compliance.failed,CUST_0013,INV_57675,2024-01-30T23:04:12Z,70.67,5072af23-182b-4fde-978e-f6ebd7b62f0d,critical
EVT_000787,invoice.paid,CUST_0001,INV_54737,2024-02-17T15:15:20Z,283.0,365dfd01-f2b6-42b7-b59a-0373ec365eae,critical
EVT_000788,compliance.failed,CUST_0047,INV_42171,2024-05-02T05:24:17Z,8.43,b95f0446-28b7-4492-b530-3a8ccaf3f564,normal
EVT_000789,invoice.paid,CUST_0055,INV_70129,2024-03-21T06:37:39Z,47.64,10fd760c-3d8b-41ac-a293-441ffd907d86,critical
EVT_000790,invoice.created,CUST_0019,INV_77809,2024-05-29T13:10:04Z,47.24,ce91e95f-f068-443e-89b4-91d3272903de,critical
EVT_000791,invoice.created,CUST_0008,INV_96530,2024-03-17T08:45:13Z,379.26,a762af2a-01a1-49ae-ab18-ac146cf33993,high
EVT_000792,compliance.failed,CUST_0054,INV_82562,2024-03-19T01:28:08Z,158.23,65672fc5-09ff-42e1-b974-1ef8111ed7e1,low
EVT_000793,compliance.submitted,CUST_0036,INV_90006,2024-06-23T19:16:32Z,46.1,ea9fdefc-a2bd-4398-846f-9344628330ef,critical
EVT_000794,compliance.failed,CUST_0045,INV_63019,2024-06-21T08:51:53Z,226.3,ae313a93-60be-4013-af88-bceac42518a3,high
EVT_000795,compliance.failed,CUST_0050,INV_26515,2024-05-20T19:12:17Z,266.69,40e9c7d8-9b5e-4717-94bf-5ffba6e25860,high
EVT_000796,compliance.failed,CUST_0067,INV_30975,2024-03-07T03:49:06Z,183.55,c5dc82b8-ca51-44b4-af49-21b47082c9d9,normal
EVT_000797,invoice.paid,CUST_0039,INV_76227,2024-05-21T01:46:42Z,316.37,67b122ee-ea35-4255-ac48-a66e25428888,high
EVT_000798,compliance.failed,CUST_0016,INV_26351,2024-01-10T06:27:04Z,135.87,580e0611-83dd-45bf-9682-6d306b4817ee,normal
EVT_000799,compliance.failed,CUST_0075,INV_92279,2024-04-19T19:52:26Z,176.67,3d3ec5d2-f9a4-4a8b-b985-43ce6f44c61a,high
EVT_000800,invoice.validated,CUST_0074,INV_59501,2024-05-10T13:46:07Z,302.29,93e19b58-e3fe-4e84-ab05-52b70f240129,normal
EVT_000801,invoice.created,CUST_0047,INV_29209,2024-03-29T05:14:10Z,35.87,fa46faaf-48ba-4c8f-a816-0fdc3ad3a7cd,critical
EVT_000802,invoice.validated,CUST_0017,INV_68479,2024-04-02T11:30:00Z,325.66,5976b34a-97e5-42f8-906f-9dcdcb67b026,critical
EVT_000803,invoice.paid,CUST_0034,INV_93422,2024-04-23T11:03:10Z,116.01,2637f68e-13b0-4cef-be53-c3d129badd72,critical
EVT_000804,compliance.submitted,CUST_0021,INV_26662,2024-01-29T00:42:07Z,502.03,a2b0c574-805f-4759-9cd8-0ebe2d795c15,low
EVT_000805,invoice.paid,CUST_0028,INV_14273,2024-03-29T10:28:07Z,37.58,6a066114-1888-47f7-bc30-37799d409b2e,critical
EVT_000806,invoice.rejected,CUST_0015,INV_84942,2024-01-24T11:16:42Z,128.42,707f6c11-ed2e-43f8-8217-1228c6652a83,high
EVT_000807,invoice.paid,CUST_0039,INV_13667,2024-02-27T02:03:07Z,39.77,d58b4f02-91c4-4592-8cc4-71266f73d9cf,high
EVT_000808,invoice.validated,CUST_0037,INV_74067,2024-02-11T20:40:56Z,1.1,41323693-2b95-4c4c-a26e-e2318e8c59be,critical
EVT_000809,invoice.rejected,CUST_0062,INV_84155,2024-04-21T06:38:56Z,317.72,a7afcda7-3778-4e25-98ba-9974af0f6b67,normal
EVT_000810,compliance.failed,CUST_0018,INV_70415,2024-04-08T00:22:12Z,246.48,64ab792d-6dee-4728-988d-ebe4bd315c15,high
EVT_000811,compliance.submitted,CUST_0012,INV_97097,2024-06-04T07:23:32Z,108.09,eb84a523-5a4b-42fc-9dfb-6a0b6ab2060a,low
EVT_000812,invoice.rejected,CUST_0057,INV_94661,2024-05-22T21:36:07Z,207.74,f6a45278-5d4f-486a-bacc-107584d283c1,high
EVT_000813,invoice.created,CUST_0072,INV_94399,2024-05-05T06:39:43Z,393.04,fade0136-09ac-4186-9b31-cf06cbc17401,low
EVT_000814,invoice.validated,CUST_0073,INV_72368,2024-04-11T07:32:56Z,405.38,4cd474b9-5f37-423b-b660-444f8856c032,normal
EVT_000815,invoice.validated,CUST_0003,INV_42150,2024-02-23T09:25:05Z,41.65,fc0abf47-3941-4914-9fb9-7a8a82aff8ac,high
EVT_000816,invoice.created,CUST_0052,INV_74418,2024-04-24T08:26:25Z,53.49,15a6fdda-9eae-4dad-9db9-d15291d9215f,low
EVT_000817,invoice.paid,CUST_0068,INV_43708,2024-03-02T15:06:33Z,196.97,9f5f492a-a586-4716-8fc1-65a73dff427c,normal
EVT_000818,invoice.created,CUST_0024,INV_30214,2024-02-19T14:58:13Z,252.79,4685711d-1330-4f81-92d0-d22fb78fd0e9,high
EVT_000819,compliance.failed,CUST_0024,INV_17667,2024-01-06T06:37:36Z,64.81,40bf0180-0365-4d57-aef6-93da7576cc5e,high
EVT_000820,invoice.created,CUST_0049,INV_16799,2024-06-09T17:33:16Z,162.82,5bbc2b9e-347e-4c84-be78-ed211c98a99b,critical
EVT_000821,invoice.created,CUST_0015,INV_51724,2024-02-22T06:58:15Z,111.06,ec206925-34d6-41b1-8e73-897e4670f057,normal
EVT_000822,compliance.submitted,CUST_0003,INV_86830,2024-02-22T06:22:31Z,34.08,8ceffc80-3784-486b-a4cd-34c4df77dfb8,high
EVT_000823,invoice.paid,CUST_0073,INV_20998,2024-03-19T23:34:24Z,42.47,cf2488bf-b24f-46e2-8797-ca20887c52ca,high
EVT_000824,invoice.validated,CUST_0070,INV_80455,2024-02-02T15:48:51Z,47.68,39d478a9-d9c9-4a3b-ae1b-06ab33b28384,low
EVT_000825,compliance.submitted,CUST_0060,INV_47912,2024-06-10T01:09:09Z,75.11,9759188d-ce52-47cd-83cd-a81c4ebee10e,high
EVT_000826,compliance.failed,CUST_0077,INV_59827,2024-02-18T17:13:38Z,266.38,ef94cf14-477e-4c0a-820d-20e8fc4a4ffa,high
EVT_000827,compliance.failed,CUST_0006,INV_80004,2024-02-01T08:15:16Z,28.59,9df09ebd-f058-4239-82d0-e63d452d4bfa,normal
EVT_000828,invoice.paid,CUST_0072,INV_37636,2024-02-24T06:22:12Z,299.31,5994692e-845c-4a42-a366-5b74e833daf1,high
EVT_000829,compliance.failed,CUST_0034,INV_69338,2024-05-26T03:48:29Z,14.38,4736df01-da80-4c3c-8a72-d693010f017b,critical
EVT_000830,invoice.created,CUST_0077,INV_27527,2024-03-04T18:43:18Z,32.68,0d3fbb7e-c8a8-4645-abe0-7ea19a18a4dd,normal
EVT_000831,compliance.failed,CUST_0053,INV_74091,2024-04-17T22:10:19Z,445.64,13f8281b-773e-4960-8cae-859fa329fea5,low
EVT_000832,compliance.failed,CUST_0069,INV_68350,2024-01-07T00:13:33Z,453.59,b55130bc-17e0-4b63-bb5c-b05bca9e4007,high
EVT_000833,compliance.failed,CUST_0050,INV_11105,2024-02-04T09:44:58Z,7.11,e1f5cd11-ff6b-41cf-ab41-054731831741,normal
EVT_000834,invoice.rejected,CUST_0003,INV_99201,2024-05-27T06:29:52Z,228.07,42f189f1-9be4-4f08-b53d-63600c054a01,high
EVT_000835,invoice.paid,CUST_0029,INV_57579,2024-02-15T11:43:16Z,419.66,707a1917-3503-4470-b39b-77ac7928fcc6,normal
EVT_000836,compliance.failed,CUST_0001,INV_61915,2024-02-08T01:49:50Z,6.44,2ad4fdb2-12e2-483f-b343-1b474c9fe149,normal
EVT_000837,compliance.failed,CUST_0073,INV_89032,2024-05-10T12:33:54Z,28.69,f8007a8c-7cf1-4d18-b9ed-8132695bfa35,normal
EVT_000838,invoice.validated,CUST_0034,INV_78561,2024-04-20T15:56:30Z,36.72,f5d993bf-207e-4d69-b6c0-fad143ee3721,high
EVT_000839,invoice.paid,CUST_0072,INV_10256,2024-06-20T11:33:11Z,46.96,1a1b57ea-0d50-496e-8ead-482ca2bb30b8,high
EVT_000840,invoice.paid,CUST_0056,INV_45918,2024-06-12T22:55:00Z,354.62,295848af-dfda-4f23-9b42-57b52fe5bae7,low
EVT_000841,invoice.rejected,CUST_0029,INV_65058,2024-01-10T02:52:16Z,97.44,5b52fbb2-da92-4195-8817-95235d8d27e4,low
EVT_000842,invoice.created,CUST_0074,INV_39573,2024-06-05T20:01:42Z,48.93,440686cb-4611-4dc3-9c29-afa8f3437143,normal
EVT_000843,invoice.rejected,CUST_0022,INV_18237,2024-03-04T22:17:52Z,31.67,6c108a28-360f-44d2-9307-1616e1eb7ad3,high
EVT_000844,invoice.created,CUST_0033,INV_72072,2024-02-17T23:49:08Z,101.12,473b061f-2cdd-4ff1-a959-9de21b5db250,normal
EVT_000845,compliance.submitted,CUST_0010,INV_91207,2024-05-30T15:15:16Z,22.49,7ac77b0d-bfb8-4ff2-b5ea-d9f79252b4c1,low
EVT_000846,invoice.created,CUST_0008,INV_59465,2024-06-27T00:11:55Z,16.35,094f3c78-416e-42b0-b853-cc7d739c27f2,low
EVT_000847,invoice.rejected,CUST_0057,INV_90050,2024-01-11T15:20:04Z,411.4,86c61b86-810e-4bdc-8f6c-b5420265b768,low
EVT_000848,invoice.paid,CUST_0038,INV_62649,2024-06-14T00:57:27Z,272.73,8dd40273-c329-42f4-864a-277c59b7c90e,low
EVT_000849,invoice.paid,CUST_0059,INV_66112,2024-03-15T13:11:49Z,305.96,582882fc-45ec-4ddc-bdb5-b048357f85e8,low
EVT_000850,invoice.rejected,CUST_0059,INV_87045,2024-04-10T10:23:12Z,10.43,952d7774-0ad4-4009-8986-48125628b81f,normal
EVT_000851,compliance.failed,CUST_0074,INV_76702,2024-01-25T11:07:00Z,113.15,c2e45e67-9ac7-4a0d-b8c3-46fe0f3fa1f6,normal
EVT_000852,invoice.created,CUST_0032,INV_17928,2024-01-27T17:36:04Z,360.1,eb5cf846-8d6e-4ef2-8b1e-2d50048b72b5,high
EVT_000853,compliance.submitted,CUST_0040,INV_29087,2024-04-23T08:04:49Z,96.3,5f3d68ed-3870-4ef2-bf01-d8452e91e79f,low
EVT_000854,compliance.failed,CUST_0067,INV_98906,2024-04-23T21:00:29Z,455.59,8b13d247-c29b-47b7-94d2-5024b509b9bf,low
EVT_000855,invoice.validated,CUST_0055,INV_36263,2024-03-07T18:17:57Z,32.39,84a5a788-ee2b-4d59-bd39-27814e2319e8,critical
EVT_000856,compliance.failed,CUST_0060,INV_53403,2024-04-26T11:05:41Z,134.91,9957dcfc-890f-4275-a860-1a0a072714e6,critical
EVT_000857,invoice.created,CUST_0043,INV_69546,2024-02-01T12:16:46Z,43.93,5aa50c83-a6c2-4148-a29e-fe83bee86930,normal
EVT_000858,compliance.submitted,CUST_0030,INV_37936,2024-03-31T14:13:07Z,160.19,b1b7b50a-39b3-415e-ae5f-482e5f504dda,critical
EVT_000859,invoice.validated,CUST_0027,INV_10881,2024-03-18T17:35:30Z,18.78,a876d671-21a9-4524-9f6f-a683772a5293,normal
EVT_000860,invoice.validated,CUST_0038,INV_92750,2024-03-26T12:27:02Z,29.7,3587677f-7bf7-4c95-99f6-c5108135fdf6,normal
EVT_000861,invoice.validated,CUST_0026,INV_38697,2024-02-25T04:00:21Z,306.02,81c0336e-ce7a-4369-9273-196778f46610,normal
EVT_000862,invoice.created,CUST_0023,INV_33078,2024-02-08T01:22:05Z,206.55,afe1ca1e-a4a2-4c56-acd6-61c64c2f42be,normal
EVT_000863,invoice.created,CUST_0049,INV_54352,2024-05-07T03:54:41Z,95.76,7582fd19-ff71-411c-8e64-121c2822da24,normal
EVT_000864,compliance.submitted,CUST_0068,INV_66848,2024-06-04T03:42:58Z,44.04,a9f34282-0a73-4c52-8463-2f3e483d8ac0,normal
EVT_000865,invoice.paid,CUST_0025,INV_59054,2024-04-13T09:53:05Z,16.58,c52c8e1d-48f1-41b5-af69-44bbbe84bf43,normal
EVT_000866,invoice.validated,CUST_0069,INV_52949,2024-02-27T02:59:27Z,13.11,ff843fc9-fc7d-4a8f-beab-407b008c8201,critical
EVT_000867,invoice.created,CUST_0027,INV_71691,2024-05-21T05:27:24Z,142.23,9ae947e6-b085-4eb3-8ac1-557f254d5936,high
EVT_000868,invoice.paid,CUST_0064,INV_33461,2024-04-10T18:12:49Z,416.69,c0a00d89-a872-4c15-80f1-efb26c8010b3,critical
EVT_000869,compliance.submitted,CUST_0061,INV_62552,2024-02-22T02:32:01Z,32.27,15f59ed5-0389-4e16-a132-364d63ed8877,normal
EVT_000870,invoice.validated,CUST_0026,INV_61891,2024-03-28T18:50:44Z,11.71,20b5be1f-ea75-4509-8417-d7388d287d2f,high
EVT_000871,invoice.created,CUST_0033,INV_27606,2024-04-16T21:45:29Z,37.83,5f4bc3a3-17db-4729-af1a-90f146206638,low
EVT_000872,compliance.submitted,CUST_0060,INV_54089,2024-04-09T11:18:51Z,120.13,a6275e58-6ef4-4bf8-94ac-362ad523bb74,high
EVT_000873,invoice.created,CUST_0035,INV_33536,2024-03-15T05:58:39Z,22.64,66d392b0-e1a2-4445-a87b-d1e7685cde76,high
EVT_000874,compliance.submitted,CUST_0065,INV_94365,2024-04-09T13:46:45Z,4.83,b5f32415-067b-4acd-9b9d-731c0dc161b7,low
EVT_000875,compliance.submitted,CUST_0047,INV_36254,2024-01-08T10:24:15Z,278.01,e258b58f-4a94-4e21-8c1f-05d5f391324f,high
EVT_000876,compliance.submitted,CUST_0025,INV_28070,2024-05-17T00:31:58Z,162.86,09715a82-d226-489e-83ad-99c99cee528d,low
EVT_000877,invoice.rejected,CUST_0039,INV_62928,2024-02-24T17:29:38Z,47.34,e1ef16f7-3259-4d1f-b5dd-7995f414c99a,critical
EVT_000878,invoice.validated,CUST_0066,INV_62101,2024-05-27T19:15:54Z,12.15,a43abaf5-b2cc-4a6f-82bb-5c4c43b3076b,critical
EVT_000879,invoice.created,CUST_0060,INV_51035,2024-03-07T03:35:19Z,114.32,1f222680-3f40-4201-83b1-782e7b927967,normal
EVT_000880,compliance.submitted,CUST_0057,INV_13945,2024-03-28T09:01:16Z,240.04,5a02da97-b1d0-45c8-95f5-0de456279804,low
EVT_000881,compliance.failed,CUST_0064,INV_56486,2024-06-06T08:44:39Z,112.87,ced4300e-8aab-4825-ae83-aea74a3c5fae,high
EVT_000882,invoice.created,CUST_0042,INV_84393,2024-04-23T23:24:32Z,188.32,2793b0fd-1eaf-4ef8-ab82-6a8f992903a5,critical
EVT_000883,invoice.paid,CUST_0049,INV_18350,2024-02-09T15:39:44Z,233.9,7000a171-04d7-4ecc-b729-b2f007147540,critical
EVT_000884,invoice.validated,CUST_0039,INV_23672,2024-01-19T02:32:12Z,457.86,65096929-e4f2-4908-9e8c-8c1542086eeb,critical
EVT_000885,invoice.validated,CUST_0004,INV_19108,2024-02-06T06:02:53Z,107.88,056a2fa7-274f-49b1-bf2f-cc6b43b59b06,low
EVT_000886,invoice.rejected,CUST_0059,INV_77964,2024-01-12T03:45:04Z,99.02,40c7fb08-38e3-4ce1-ba77-d456227dc1d1,normal
EVT_000887,compliance.submitted,CUST_0015,INV_64842,2024-01-26T01:49:30Z,24.43,4d0bcc44-6085-425b-aa64-6f0b6fee706b,normal
EVT_000888,invoice.paid,CUST_0027,INV_97135,2024-03-01T03:34:23Z,493.02,395166f2-2395-4d44-beb8-910c8742273a,normal
EVT_000889,compliance.failed,CUST_0065,INV_70156,2024-05-19T04:23:59Z,14.5,5c086361-a0be-4ff9-b6df-66c3076506f0,critical
EVT_000890,invoice.validated,CUST_0078,INV_78925,2024-06-05T19:31:46Z,135.38,aa36d53c-2739-49d7-9279-bcfef7a5ad12,low
EVT_000891,compliance.failed,CUST_0012,INV_69809,2024-02-25T21:45:58Z,176.4,733b3adc-0d13-4926-a3b9-105606482e49,normal
EVT_000892,invoice.validated,CUST_0054,INV_90967,2024-02-18T09:03:08Z,36.93,a9d474b2-3ad7-424d-9e2f-af6184dc4e45,low
EVT_000893,invoice.created,CUST_0051,INV_41417,2024-05-15T15:55:13Z,475.36,2049516f-5264-45f3-8d5c-aad8dab1db47,high
EVT_000894,compliance.failed,CUST_0009,INV_38476,2024-05-15T13:07:14Z,45.53,270d74d2-30b3-4862-b42f-283e7573c593,high
EVT_000895,invoice.created,CUST_0010,INV_76112,2024-05-26T16:24:16Z,98.9,7cbdf8ac-6cad-419e-b956-11c3eafd965b,normal
EVT_000896,invoice.paid,CUST_0065,INV_13501,2024-01-09T16:00:53Z,154.17,6de2682e-7779-436e-a426-02ae53947375,high
EVT_000897,invoice.validated,CUST_0052,INV_61992,2024-06-15T04:11:30Z,2.85,6fb8afee-4302-48fb-97df-54c2287a0596,high
EVT_000898,invoice.paid,CUST_0060,INV_18943,2024-04-04T03:08:30Z,148.55,84301942-0b5b-4c54-8e2d-41bf09043a91,normal
EVT_000899,invoice.rejected,CUST_0061,INV_31150,2024-06-08T07:27:55Z,52.71,b1ffdb76-8d74-40ae-968c-dd74b20f072b,low
EVT_000900,invoice.paid,CUST_0069,INV_32079,2024-05-23T23:23:27Z,4.8,308eb146-100d-4f26-b65d-b5a3f058282f,critical
EVT_000901,invoice.validated,CUST_0046,INV_14514,2024-02-04T13:15:41Z,44.74,141c61cc-c829-46fa-915d-b29e47b11014,low
EVT_000902,invoice.rejected,CUST_0050,INV_68194,2024-05-14T01:14:55Z,3.57,f1c3d404-4eac-439a-8047-a76ac446eb27,normal
EVT_000903,invoice.validated,CUST_0048,INV_36212,2024-06-25T11:06:42Z,113.25,c3ff7fce-6e30-40c5-b263-5718342ba3b0,normal
EVT_000904,invoice.created,CUST_0009,INV_97046,2024-02-12T19:55:14Z,9.23,ff9fc0f7-f83d-4911-9ec6-20d8c471c711,high
EVT_000905,compliance.failed,CUST_0042,INV_34844,2024-04-19T03:21:43Z,190.15,5dadccc0-8430-4f1c-a597-e07a82bdd031,low
EVT_000906,invoice.created,CUST_0030,INV_56737,2024-02-11T12:17:13Z,16.85,f8686608-47ca-4a43-a413-f29c9fae4e1c,critical
EVT_000907,invoice.validated,CUST_0028,INV_18652,2024-03-30T02:03:02Z,33.24,e0e8b0f1-9e96-40c2-bf9b-5d51d41b43fc,low
EVT_000908,invoice.rejected,CUST_0028,INV_88494,2024-03-20T19:51:00Z,422.31,9434bd96-3c30-43db-b80a-c6da1967b459,normal
EVT_000909,compliance.submitted,CUST_0033,INV_52513,2024-01-19T09:32:30Z,411.5,b6dcbf3a-86e8-4f69-8804-e27da66f174a,normal
EVT_000910,compliance.failed,CUST_0043,INV_51676,2024-02-04T01:06:06Z,48.92,34f3be1c-9f26-4105-aa2c-d5bc9de92a2b,critical
EVT_000911,compliance.failed,CUST_0049,INV_40464,2024-04-09T05:33:15Z,25.67,ce0a536f-e377-4fd6-8f53-5165408cecb5,low
EVT_000912,compliance.failed,CUST_0040,INV_66164,2024-02-15T21:41:12Z,142.96,fb5f259b-d5dc-4368-994f-8b65eda93770,critical
EVT_000913,invoice.validated,CUST_0038,INV_59250,2024-02-09T05:26:35Z,488.1,8573ae08-cd30-4d78-8431-b1d1ab092473,critical
EVT_000914,invoice.rejected,CUST_0043,INV_51620,2024-01-27T01:43:46Z,164.07,3f48c1c4-b8b5-4e57-84a7-3f6789df80ac,high
EVT_000915,compliance.failed,CUST_0004,INV_53420,2024-02-14T11:15:50Z,216.87,224c903e-e240-4112-98f4-273e94ae8f4f,normal
EVT_000916,invoice.paid,CUST_0029,INV_78350,2024-04-28T01:46:47Z,116.35,3c37827a-6c4e-46c3-b43d-d459bd2cbf7b,low
EVT_000917,compliance.failed,CUST_0025,INV_28550,2024-01-11T02:50:08Z,254.19,45c404aa-c928-4eb0-b81f-21a933a40987,normal
EVT_000918,invoice.created,CUST_0031,INV_65868,2024-04-08T12:46:11Z,36.52,e75c6745-aba5-4954-bedf-ef99863bac05,critical
EVT_000919,invoice.validated,CUST_0023,INV_49728,2024-04-27T15:28:17Z,117.24,bf3be8c0-6153-4e0b-8893-e2d4d295c294,critical
EVT_000920,invoice.paid,CUST_0011,INV_59508,2024-03-10T19:46:23Z,357.65,7d627211-257f-48f9-bdec-b96751308634,critical
EVT_000921,invoice.paid,CUST_0020,INV_12596,2024-06-08T03:37:50Z,114.11,0f485ae3-b24a-407d-9d03-930c313e7ea5,normal
EVT_000922,invoice.validated,CUST_0071,INV_43723,2024-05-21T02:25:34Z,288.37,406f6d9a-12e5-4073-b8d4-f9ee049567fb,critical
EVT_000923,invoice.validated,CUST_0010,INV_71506,2024-03-05T16:59:01Z,201.3,26c71fcb-d57a-41e2-8f1e-39ea6e94e91d,high
EVT_000924,invoice.paid,CUST_0063,INV_61727,2024-03-19T13:21:50Z,352.74,a1dcb179-54d8-4a16-8d02-a43275df8ff6,low
EVT_000925,invoice.created,CUST_0053,INV_26315,2024-06-20T20:23:49Z,134.84,783c6588-b5e8-4175-94e0-c8a1f1665696,high
EVT_000926,compliance.failed,CUST_0045,INV_74044,2024-04-08T22:56:49Z,105.23,f56ada83-94ba-401d-b3e9-0af8af9871df,critical
EVT_000927,invoice.paid,CUST_0032,INV_14522,2024-02-17T01:26:46Z,46.15,816c8851-747d-4d3f-afe6-c76750c39cba,normal
EVT_000928,invoice.paid,CUST_0034,INV_99268,2024-04-27T13:32:04Z,380.44,170055f5-f130-414e-b4b8-aca6384055b0,normal
EVT_000929,invoice.created,CUST_0002,INV_94462,2024-01-23T16:00:15Z,35.87,fdc6e367-f47c-4622-b89c-2df5844a08e0,normal
EVT_000930,invoice.paid,CUST_0055,INV_43144,2024-02-02T04:47:38Z,125.1,a5e3ba4a-f0e8-47ba-b452-659f994045d3,high
EVT_000931,compliance.failed,CUST_0053,INV_21648,2024-05-26T02:43:41Z,6.35,86f21b64-b507-4796-8546-1c551cc302e6,high
EVT_000932,compliance.failed,CUST_0027,INV_62162,2024-06-29T14:11:33Z,50.96,0784f2c9-9f29-488a-9d51-c13589df7432,low
EVT_000933,compliance.failed,CUST_0013,INV_64767,2024-01-14T13:29:05Z,26.72,75eb3922-9b4f-4f44-afe1-8d04767290c2,normal
EVT_000934,compliance.failed,CUST_0048,INV_27607,2024-02-06T04:41:13Z,77.3,15a0e0be-a127-4c24-98b9-93ee7fc2a483,normal
EVT_000935,invoice.created,CUST_0024,INV_33950,2024-02-09T00:27:08Z,78.78,60dc01fd-ed5f-400c-b5a9-d9c9fe313594,critical
EVT_000936,compliance.failed,CUST_0080,INV_31774,2024-01-22T04:53:15Z,4.91,c185f905-1a90-45df-889c-08969c8e3b0f,high
EVT_000937,invoice.validated,CUST_0004,INV_72638,2024-04-23T17:18:36Z,164.08,2137d61f-f9de-4893-a61d-bfa2163f3f89,low
EVT_000938,invoice.created,CUST_0075,INV_22693,2024-06-02T05:58:19Z,317.21,2b13b5ce-30bf-4820-8f7d-029c154430ec,high
EVT_000939,invoice.rejected,CUST_0063,INV_89216,2024-04-01T21:25:11Z,105.62,35e1c31a-52cf-4c0b-a146-36ab75b6ff89,normal
EVT_000940,invoice.paid,CUST_0047,INV_59602,2024-05-09T03:29:22Z,30.93,af03034c-eb0b-4679-b7e2-cf912ab8fa94,low
EVT_000941,compliance.failed,CUST_0059,INV_62665,2024-06-18T01:01:02Z,243.33,f5c3b6fa-d4c6-447f-8e4b-5cf77d6b48df,low
EVT_000942,compliance.failed,CUST_0068,INV_42576,2024-02-24T06:24:47Z,142.75,b4e9ab9c-bbf9-4c4f-bff9-f40144ab4036,critical
EVT_000943,compliance.failed,CUST_0025,INV_52229,2024-01-01T14:34:57Z,214.28,695ee290-a68a-4f59-8668-ff21fe6a696f,high
EVT_000944,compliance.submitted,CUST_0057,INV_73509,2024-02-15T08:27:43Z,141.89,8103fbc7-e1e9-4104-9343-af70b0d907e5,critical
EVT_000945,invoice.paid,CUST_0013,INV_48517,2024-05-22T13:58:56Z,471.4,356c5afa-2b7f-42a3-8ef5-b3b686bfa598,low
EVT_000946,invoice.created,CUST_0017,INV_49498,2024-04-06T16:29:56Z,199.45,3a31544c-7cef-47f9-90ed-64b0e2272d76,normal
EVT_000947,invoice.paid,CUST_0058,INV_96853,2024-01-23T11:06:05Z,253.18,a6b6de98-9238-45a4-862f-71f6a4918aeb,low
EVT_000948,compliance.failed,CUST_0014,INV_13830,2024-03-25T10:45:00Z,189.35,4f3e6015-cb8a-42c1-b4cc-f1b68d40f947,normal
EVT_000949,invoice.paid,CUST_0033,INV_97897,2024-05-09T07:28:16Z,366.78,ababca2a-9828-4e28-a4d9-eff45829b70f,critical
EVT_000950,compliance.failed,CUST_0012,INV_53620,2024-06-03T11:29:14Z,439.1,75d18030-edc6-4c30-a5a7-3bcbd58df313,low
EVT_000951,compliance.failed,CUST_0044,INV_60023,2024-03-14T04:59:43Z,167.76,a8e265de-a997-4f01-90b4-e90873c564f0,normal
EVT_000952,invoice.created,CUST_0029,INV_48138,2024-02-20T07:27:55Z,5.3,f977ef72-8db1-4496-8c87-8c46dff0538b,low
EVT_000953,invoice.validated,CUST_0074,INV_51074,2024-03-12T09:46:43Z,47.75,90514602-a32e-4978-988d-d17853e24542,normal
EVT_000954,invoice.rejected,CUST_0050,INV_57844,2024-03-23T06:34:41Z,239.41,f74e9796-9b19-4072-8385-20760af817fb,normal
EVT_000955,invoice.created,CUST_0014,INV_80555,2024-03-17T18:17:21Z,97.39,1f36dfc4-64f7-4b31-b657-ea8c43d3f154,normal
EVT_000956,invoice.paid,CUST_0064,INV_29323,2024-05-12T00:56:26Z,407.59,878a33d2-e549-46be-9a84-b629863ebfe8,low
EVT_000957,invoice.rejected,CUST_0077,INV_75847,2024-03-03T03:57:27Z,511.02,4c74e316-6a0a-49d8-a82b-4e7879152940,critical
EVT_000958,invoice.rejected,CUST_0028,INV_59375,2024-04-06T02:59:10Z,247.64,2578104e-5e68-4be0-b2c5-052b829f2011,normal
EVT_000959,compliance.failed,CUST_0029,INV_16889,2024-05-16T00:08:06Z,467.31,6d4cf2f0-8442-4122-9b6c-6cb1d1aa105e,critical
EVT_000960,compliance.failed,CUST_0039,INV_30865,2024-06-07T06:13:55Z,305.27,4c51c859-13c6-4c81-82ef-a6a86184f5f8,critical
EVT_000961,invoice.paid,CUST_0045,INV_61257,2024-05-27T03:12:14Z,4.52,012d206b-bd83-46d8-9f3c-83c95a3f08ec,critical
EVT_000962,invoice.rejected,CUST_0013,INV_86072,2024-01-26T10:02:29Z,58.12,00341980-ab72-47dc-8fc1-c3a3f07e3f26,critical
EVT_000963,invoice.validated,CUST_0021,INV_67918,2024-04-22T01:44:54Z,35.1,6ae0214f-000f-4ba5-bb45-644e28dd18a3,normal
EVT_000964,compliance.failed,CUST_0002,INV_85455,2024-03-11T08:05:40Z,167.82,d8851bd6-7662-490b-8d33-2b2ef1b4f3b2,critical
EVT_000965,invoice.created,CUST_0022,INV_22589,2024-06-28T19:24:16Z,18.42,6d595a17-504f-41d6-8f6b-33c9dc64c7dd,high
EVT_000966,invoice.validated,CUST_0076,INV_92178,2024-03-25T05:45:15Z,86.75,a3df8310-4618-4a31-8341-23f8615d0f74,critical
EVT_000967,compliance.submitted,CUST_0039,INV_32608,2024-05-13T14:14:17Z,415.84,995151a6-c65c-40a9-8ac7-db21efaa6c9a,low
EVT_000968,compliance.failed,CUST_0060,INV_60082,2024-06-16T22:42:23Z,14.49,31131ea3-cd85-48fd-a3fd-1b6ed66a0a2f,low
EVT_000969,invoice.paid,CUST_0011,INV_94070,2024-01-24T16:48:05Z,207.18,51335e8d-5bb5-44ca-a96f-4a52befee7ff,critical
EVT_000970,compliance.failed,CUST_0036,INV_22393,2024-05-14T16:59:48Z,351.07,c52e9762-e48a-4960-a4f0-8077cfb38155,critical
EVT_000971,invoice.validated,CUST_0039,INV_23033,2024-04-20T23:01:28Z,469.01,c92214fe-f857-4583-9913-0b7e6eec0341,normal
EVT_000972,compliance.failed,CUST_0052,INV_12588,2024-06-06T20:14:20Z,444.44,126b032b-a1c6-44ca-a8fd-ffd5314cb860,critical
EVT_000973,compliance.submitted,CUST_0009,INV_80645,2024-04-10T18:15:16Z,35.97,8f6480d9-0fb9-4b82-ac12-0bb37df61fba,low
EVT_000974,compliance.submitted,CUST_0024,INV_33584,2024-06-16T09:13:37Z,1.26,192906ec-2e78-4d6c-9769-01d81a0941b1,normal
EVT_000975,compliance.failed,CUST_0074,INV_31130,2024-02-10T01:06:03Z,5.3,8db9c293-69c8-4525-a8d1-76c281d8b3d9,low
EVT_000976,invoice.rejected,CUST_0065,INV_81359,2024-02-27T23:28:26Z,9.41,e5187252-98a8-4176-875a-c19cbf4f9497,high
EVT_000977,invoice.rejected,CUST_0006,INV_96397,2024-04-10T20:46:48Z,70.98,cd7cdee4-b7ba-48f6-8b8a-6a7ca9456788,high
EVT_000978,compliance.submitted,CUST_0078,INV_37504,2024-04-14T12:14:16Z,34.71,a290d503-bd96-4014-8374-0d905e336ba0,normal
EVT_000979,invoice.validated,CUST_0019,INV_27590,2024-02-28T04:44:46Z,30.51,1d2a8c11-08ae-4927-b1c3-09630d2406dc,critical
EVT_000980,invoice.rejected,CUST_0010,INV_44167,2024-04-16T18:28:48Z,19.71,3a8f48dc-adfd-4d80-899b-2bc8c76fe03c,high
EVT_000981,invoice.validated,CUST_0055,INV_80242,2024-05-14T20:40:34Z,284.05,2a82f18c-4082-426a-a427-c74f1197b47e,normal
EVT_000982,compliance.failed,CUST_0048,INV_94904,2024-04-19T10:45:46Z,41.2,bf54f413-ceda-4bf4-9602-9f877043c2c9,high
EVT_000983,invoice.created,CUST_0056,INV_89116,2024-03-14T13:59:50Z,365.82,f9c84b68-989b-4e16-90c6-bdb4d0b147e7,critical
EVT_000984,compliance.failed,CUST_0009,INV_21662,2024-03-04T22:55:02Z,18.78,ffed2d15-1c9d-4cb9-836c-b0f57812a1df,high
EVT_000985,invoice.paid,CUST_0002,INV_39127,2024-01-20T00:27:55Z,19.55,6e5c031f-e8f3-428f-ba21-b6cb58e55189,high
EVT_000986,invoice.paid,CUST_0076,INV_22522,2024-06-08T11:44:13Z,470.0,68e2e8d9-b992-4d92-9dac-7bad2e35cac5,high
EVT_000987,invoice.created,CUST_0078,INV_32380,2024-01-20T05:40:54Z,256.37,2b639a9f-7e28-42a8-98eb-af2d218855bd,critical
EVT_000988,invoice.validated,CUST_0062,INV_43955,2024-04-25T00:21:54Z,1.47,33eef6b8-ec68-4e93-b686-ff3b582411d2,normal
EVT_000989,compliance.failed,CUST_0049,INV_45044,2024-04-20T05:01:29Z,504.04,38c78f5a-c5d3-4694-abe5-3676b9d888c7,normal
EVT_000990,compliance.failed,CUST_0078,INV_70003,2024-03-22T05:09:25Z,449.12,df281557-7bb8-445e-a4c9-68cba14b4403,high
EVT_000991,compliance.submitted,CUST_0036,INV_39984,2024-03-24T01:31:47Z,178.69,aec6674a-0028-4e05-9f13-185ff600629f,high
EVT_000992,invoice.created,CUST_0012,INV_20052,2024-05-03T05:48:27Z,36.77,714a457d-b58e-4e6d-8eef-1a30bef6bb40,low
EVT_000993,invoice.paid,CUST_0037,INV_11401,2024-04-17T14:34:18Z,358.71,df89bcca-46e2-4416-8b48-3d897f40acb9,normal
EVT_000994,compliance.submitted,CUST_0062,INV_99800,2024-04-06T15:56:25Z,183.21,a242bce9-784d-46cc-9347-7e67b33dd307,low
EVT_000995,compliance.failed,CUST_0079,INV_10955,2024-02-06T22:19:18Z,35.99,823a32b7-40f9-4e4a-b5f2-fa6ede8af197,low
EVT_000996,invoice.validated,CUST_0078,INV_98410,2024-03-28T02:52:12Z,46.58,2b1c4ea2-b7ae-433a-a52b-acac15b108bd,low
EVT_000997,invoice.validated,CUST_0047,INV_77329,2024-06-11T23:55:45Z,18.31,0590ba0a-2ea7-4084-8bed-ff26d50c6538,high
EVT_000998,compliance.failed,CUST_0015,INV_42737,2024-03-06T15:00:04Z,177.62,b8a129c5-18d6-46f2-a193-81c1d6e68d32,high
EVT_000999,invoice.rejected,CUST_0062,INV_37926,2024-02-27T00:01:08Z,144.68,a2afeba6-a039-4c01-b625-65b7846e60ef,low
EVT_001000,compliance.submitted,CUST_0060,INV_73998,2024-06-22T07:19:23Z,50.88,df1b20ee-f3f5-4790-9917-b5a469f5fb52,high
EVT_001001,invoice.rejected,CUST_0014,INV_34400,2024-01-02T00:01:16Z,20.7,dfeede56-6d1a-487d-85c1-ebb8d4eea925,low
EVT_001002,invoice.validated,CUST_0068,INV_63833,2024-04-09T20:53:54Z,248.56,a07b68e6-9f8e-4ee7-b04d-5d344e9410f9,high
EVT_001003,invoice.paid,CUST_0029,INV_59061,2024-04-01T09:36:53Z,114.25,a1907e47-f6cf-482a-89b9-3935cf56e48b,low
EVT_001004,invoice.paid,CUST_0057,INV_31211,2024-05-07T10:29:05Z,201.81,a7e04e58-87d6-433e-9b6a-ac440652dd74,normal
EVT_001005,invoice.rejected,CUST_0015,INV_15276,2024-02-06T19:26:47Z,7.55,ddc28025-64ab-4c84-a5ca-a6d32a8d5839,normal
EVT_001006,compliance.failed,CUST_0026,INV_44838,2024-04-03T01:40:35Z,354.62,c59be648-513b-4e3c-8d4a-cb92456d8882,normal
EVT_001007,invoice.paid,CUST_0042,INV_75779,2024-05-25T20:19:57Z,36.57,c1c57acd-3eff-4a75-8043-311dca916df4,low
EVT_001008,invoice.created,CUST_0014,INV_26531,2024-06-02T22:18:36Z,8.62,3c172f80-e8f3-4fa2-8f41-8e7f3a2f5c95,low
EVT_001009,compliance.submitted,CUST_0044,INV_11052,2024-03-24T10:23:03Z,93.42,10058c36-8f09-413e-9d1f-7e16aa3a3d9e,normal
EVT_001010,compliance.failed,CUST_0080,INV_77009,2024-01-30T14:40:53Z,92.17,4c7eb786-8dc7-47d6-8e24-9a0b20efe1e4,normal
EVT_001011,invoice.paid,CUST_0055,INV_23508,2024-02-08T12:40:08Z,256.53,81280a98-9198-4603-becd-38a8c8280831,normal
EVT_001012,invoice.validated,CUST_0030,INV_62596,2024-01-24T09:23:23Z,198.56,e3622e4b-7477-4e8a-aed2-797dc389d5f6,low
EVT_001013,invoice.created,CUST_0079,INV_16678,2024-02-08T18:24:22Z,19.64,c3041c4e-ba01-424b-9ed8-f28e595e2207,normal
EVT_001014,invoice.paid,CUST_0044,INV_18041,2024-03-23T17:39:26Z,146.58,e218542f-bc73-4c4a-8d2d-dcb2a59bef64,high
EVT_001015,compliance.failed,CUST_0036,INV_64797,2024-03-09T03:53:34Z,13.1,f592dba3-8aaa-40a6-ad68-fef8e29daf10,low
EVT_001016,invoice.rejected,CUST_0042,INV_71873,2024-02-11T03:53:13Z,140.98,6973227a-6320-4702-8b81-96788cf3569c,critical
EVT_001017,invoice.rejected,CUST_0047,INV_24618,2024-03-05T21:52:03Z,5.75,1c950b10-b8c0-4394-a8c0-54cb41556593,high
EVT_001018,invoice.rejected,CUST_0047,INV_87189,2024-05-23T22:40:17Z,26.91,14781fa0-8c7a-4a90-b61c-64b0168582a2,critical
EVT_001019,invoice.created,CUST_0012,INV_27102,2024-06-21T06:37:22Z,212.8,7aed7845-f591-4bdc-8e0f-03506ddda26f,normal
EVT_001020,invoice.paid,CUST_0025,INV_22928,2024-05-16T19:57:13Z,306.98,7d19aad1-2307-4b83-92c0-88eaae953105,critical
EVT_001021,compliance.failed,CUST_0026,INV_30142,2024-04-13T14:33:30Z,78.76,ca7fa686-3710-4cfd-86bb-c183fd43cfce,high
EVT_001022,compliance.failed,CUST_0047,INV_25391,2024-03-28T02:04:43Z,330.73,8ababf71-b393-481a-81e7-e670cbe0769a,low
EVT_001023,invoice.rejected,CUST_0022,INV_26899,2024-04-26T08:15:30Z,218.97,72be8116-b153-41f6-b578-30005f2ce18b,normal
EVT_001024,compliance.failed,CUST_0051,INV_79791,2024-04-06T02:59:16Z,251.64,7daae787-49fe-4225-9280-435d3c4db45c,critical
EVT_001025,invoice.paid,CUST_0072,INV_62540,2024-05-31T08:08:15Z,201.12,f2848283-f0ea-411a-bd91-89e07d444fcd,normal
EVT_001026,invoice.created,CUST_0076,INV_77213,2024-05-15T06:57:31Z,156.16,fbb4c8c0-779e-40f1-b0ca-df17652bde87,normal
EVT_001027,invoice.rejected,CUST_0038,INV_82371,2024-05-17T12:42:22Z,83.59,741b687c-baf8-4a35-b432-7886db572349,low
EVT_001028,invoice.rejected,CUST_0019,INV_27428,2024-06-20T13:53:09Z,14.25,aea3e986-84b0-4991-bbc6-af4da1e8b7d1,normal
EVT_001029,invoice.created,CUST_0069,INV_95019,2024-01-23T13:27:38Z,18.03,30cc268e-9497-4ad8-b147-fef66342d6e8,high
EVT_001030,compliance.submitted,CUST_0018,INV_48652,2024-03-20T07:00:56Z,58.59,c0082c00-af60-4db0-ba70-2902d91ffe71,normal
EVT_001031,invoice.rejected,CUST_0036,INV_12049,2024-02-04T07:38:45Z,442.79,0ea1fb4c-21b2-44a7-83b0-8c1d28ad77d8,low
EVT_001032,invoice.rejected,CUST_0049,INV_92081,2024-05-06T23:02:38Z,32.08,ef188593-0f96-4df9-b9fa-36975c802d94,high
EVT_001033,compliance.submitted,CUST_0035,INV_92549,2024-02-09T14:19:46Z,40.58,d13f1993-0cbe-4e0b-93df-e208886c971d,critical
EVT_001034,invoice.paid,CUST_0048,INV_22280,2024-01-29T19:17:14Z,25.3,e8fd140d-a976-4d0f-b89e-2444dc595daa,normal
EVT_001035,compliance.failed,CUST_0073,INV_33646,2024-04-05T05:58:52Z,32.73,532fb2ef-ab9d-4fda-b57c-1342f9ed95ac,critical
EVT_001036,invoice.created,CUST_0078,INV_28811,2024-02-06T11:26:06Z,86.79,91f8e251-d0cb-4136-b383-6ae82f8ce7d6,low
EVT_001037,compliance.failed,CUST_0068,INV_11545,2024-01-27T15:49:25Z,30.56,5f1d3a72-682c-437c-9471-d52f07a87945,low
EVT_001038,invoice.created,CUST_0017,INV_45082,2024-02-18T05:21:43Z,7.99,d9e22c0b-5d97-49f3-ae4e-07ec2ddfe44e,low
EVT_001039,invoice.rejected,CUST_0070,INV_21136,2024-05-22T22:37:17Z,122.06,96ae8f4c-f453-4aaa-91a2-065cecf4fdda,normal
EVT_001040,invoice.paid,CUST_0040,INV_30252,2024-03-05T10:05:47Z,283.45,a6d38a8d-439b-437a-90ec-3ab26024a1f2,low
EVT_001041,invoice.created,CUST_0003,INV_23476,2024-06-09T04:25:43Z,65.38,74795afd-f88f-479b-bd0a-83a209d4b727,normal
EVT_001042,invoice.validated,CUST_0001,INV_13145,2024-06-26T03:00:22Z,107.81,279a3d22-c68d-410d-9fa0-5185455eee7a,normal
EVT_001043,compliance.failed,CUST_0050,INV_24733,2024-05-13T08:33:46Z,198.62,ff91fe2b-d061-4a5e-87e3-1c416391344f,high
EVT_001044,invoice.rejected,CUST_0010,INV_25512,2024-04-29T13:21:17Z,18.66,e622fb43-bac9-4273-976a-d7c2c812f24a,normal
EVT_001045,compliance.submitted,CUST_0023,INV_53888,2024-03-24T05:33:11Z,246.87,60d0f9ef-d8e4-41c8-b655-2d23c7031fde,high
EVT_001046,invoice.rejected,CUST_0080,INV_55663,2024-06-07T18:07:03Z,90.66,fc3365ed-8289-428c-8b93-e8e42d322703,high
EVT_001047,invoice.created,CUST_0010,INV_29482,2024-06-02T04:20:09Z,71.99,f0a6b4bb-dcf4-4f53-9348-878d4c4d1f60,critical
EVT_001048,compliance.submitted,CUST_0009,INV_66027,2024-01-22T23:22:57Z,48.02,ca309026-4f0e-4407-aa97-a9ce6d0b7703,normal
EVT_001049,invoice.rejected,CUST_0050,INV_74776,2024-03-09T11:16:33Z,329.15,02e31b0e-d66e-4e03-befe-28175dba4bd0,high
EVT_001050,compliance.failed,CUST_0018,INV_42231,2024-06-04T18:14:51Z,132.4,641b3377-2029-4ff2-b6a1-020d2462abd1,normal
EVT_001051,compliance.submitted,CUST_0050,INV_65291,2024-01-17T05:41:12Z,26.82,80addaa2-61a7-4804-9819-8c690deda571,low
EVT_001052,invoice.created,CUST_0031,INV_36644,2024-03-11T05:41:17Z,49.7,02bfc6fb-51fe-4523-97b2-9bfd29338110,low
EVT_001053,invoice.rejected,CUST_0008,INV_57298,2024-06-25T23:15:15Z,180.02,1eb33070-8b70-475d-8f6c-8eb6db675263,critical
EVT_001054,compliance.submitted,CUST_0019,INV_65191,2024-06-11T04:33:28Z,12.88,34d87f75-c1a1-444e-89c9-dbc8faf1b863,low
EVT_001055,compliance.failed,CUST_0019,INV_13453,2024-03-14T07:05:41Z,35.11,3e8b7a23-73d8-471b-80e9-8501f0eb2493,low
EVT_001056,compliance.submitted,CUST_0062,INV_30732,2024-06-11T14:44:24Z,2.48,a8455c2d-8a19-48cc-b703-0088d549cd64,low
EVT_001057,invoice.paid,CUST_0073,INV_29623,2024-06-10T09:03:27Z,243.72,6f3d9129-a554-4127-93cb-e8d8dc09f880,high
EVT_001058,compliance.failed,CUST_0061,INV_54215,2024-03-20T21:50:01Z,22.75,a821e60c-2c5b-4812-98c2-5cdfae4a3d06,normal
EVT_001059,compliance.failed,CUST_0008,INV_14209,2024-06-20T02:29:23Z,76.04,ba8dad41-8d19-4260-af41-613beb9dbde8,critical
EVT_001060,compliance.failed,CUST_0059,INV_43823,2024-04-17T14:33:13Z,125.28,f6ec07c7-de27-47e0-a162-47861bc41882,normal
EVT_001061,compliance.submitted,CUST_0035,INV_59487,2024-01-18T20:27:18Z,266.1,5f4ccdf5-46da-43d3-93eb-2dddd1ecb48e,low
EVT_001062,invoice.validated,CUST_0029,INV_83307,2024-03-17T04:12:30Z,61.58,4b67424d-4b30-48ab-9a7a-84809196e305,high
EVT_001063,invoice.paid,CUST_0052,INV_31603,2024-06-09T15:16:53Z,105.72,750af2b7-cd3f-4480-8b72-f11ca1664a83,low
EVT_001064,invoice.rejected,CUST_0014,INV_89061,2024-01-16T02:36:51Z,39.16,41f1f1a8-7646-44ad-86d0-278243d279aa,low
EVT_001065,compliance.submitted,CUST_0009,INV_11438,2024-02-11T03:34:18Z,372.13,358ab8d9-c85a-4304-a448-4f607a18ad68,low
EVT_001066,invoice.created,CUST_0031,INV_84727,2024-02-22T06:24:49Z,28.68,f6f619a2-3baf-4b24-8eb0-f18e2e688fb0,low
EVT_001067,invoice.rejected,CUST_0041,INV_11111,2024-01-19T02:23:39Z,499.13,875323e7-7ee9-4741-8b14-184319445805,normal
EVT_001068,invoice.paid,CUST_0041,INV_56640,2024-05-25T23:50:20Z,155.4,d297d7e7-31dd-4c2f-ab5e-366ad0d8214d,low
EVT_001069,invoice.validated,CUST_0065,INV_13104,2024-06-05T19:11:46Z,29.77,82fa4b38-aabe-420b-94fe-99bd17ee471d,high
EVT_001070,compliance.failed,CUST_0021,INV_70700,2024-01-30T10:13:02Z,4.86,7effbd82-af5c-4f6b-8b2e-0456579855ce,normal
EVT_001071,compliance.failed,CUST_0019,INV_31108,2024-05-29T06:59:15Z,509.59,ac7752a9-5fec-4445-b5c3-3b6d9bb859ed,high
EVT_001072,invoice.validated,CUST_0058,INV_54436,2024-06-01T12:00:17Z,15.25,b513af61-0824-4a30-9b64-fce185246819,critical
EVT_001073,compliance.submitted,CUST_0031,INV_89544,2024-02-10T13:10:28Z,72.86,32bac9cc-bcd6-4cc7-b919-40c9fc5707b8,low
EVT_001074,invoice.rejected,CUST_0002,INV_81714,2024-01-28T16:40:08Z,169.61,8eeea425-076f-4873-8ca7-1ec18babeeb9,low
EVT_001075,invoice.validated,CUST_0059,INV_48745,2024-03-01T22:02:06Z,8.91,064fa3b4-033f-41ce-b1db-a7f8038d821a,low
EVT_001076,invoice.paid,CUST_0023,INV_43809,2024-05-17T23:53:32Z,196.77,baa5d6b8-1404-474c-ba32-c9ca48e68ef0,normal
EVT_001077,invoice.paid,CUST_0016,INV_15189,2024-04-20T10:29:23Z,327.62,9805bfb8-875d-40a8-81d4-b0ec6dea599d,normal
EVT_001078,compliance.submitted,CUST_0057,INV_91871,2024-03-12T05:05:46Z,412.85,44045866-dafb-49fe-a1c5-0cacc1bf4445,critical
EVT_001079,compliance.failed,CUST_0034,INV_15593,2024-06-19T09:01:13Z,31.41,52273a22-b181-43f5-802a-9c8bb665b22a,low
EVT_001080,invoice.created,CUST_0020,INV_48097,2024-06-14T15:32:48Z,19.42,e88b1fd5-2a29-4330-bec0-d2ff209c8fdd,critical
EVT_001081,invoice.created,CUST_0060,INV_55735,2024-05-09T22:28:03Z,146.37,33c7c8d6-e76f-4a8a-9873-ca0177833a76,low
EVT_001082,compliance.failed,CUST_0011,INV_24201,2024-02-05T00:08:05Z,45.96,543334b3-5988-4b85-abc1-5e0d56882b77,critical
EVT_001083,invoice.rejected,CUST_0043,INV_54882,2024-01-13T12:27:32Z,122.94,580ba123-4ecd-402a-82bd-491bba6b35cf,low
EVT_001084,invoice.created,CUST_0036,INV_81444,2024-03-29T06:29:24Z,120.5,bc6cadc2-0fa8-48eb-8401-7a291c6658f2,low
EVT_001085,invoice.paid,CUST_0077,INV_18178,2024-05-30T08:03:33Z,104.22,1d63d9f9-b5b6-4d79-b095-bdf89f49f062,normal
EVT_001086,invoice.created,CUST_0007,INV_99610,2024-02-11T01:37:41Z,21.72,543a42c0-69b0-4d80-8791-5679f49a7e31,low
EVT_001087,invoice.created,CUST_0036,INV_49103,2024-03-19T15:45:21Z,43.82,4d16fde8-fd18-4825-a30b-2607b22479db,high
EVT_001088,invoice.created,CUST_0024,INV_22116,2024-06-10T06:38:21Z,114.28,4281d485-fa25-4ea0-9302-6c3cf26b0d71,normal
EVT_001089,invoice.paid,CUST_0026,INV_73127,2024-03-08T19:44:43Z,250.14,3cd21da0-8308-4a0d-8447-7d7ebe94a23d,critical
EVT_001090,compliance.failed,CUST_0046,INV_84752,2024-06-26T05:00:50Z,444.32,7102cd62-6038-43a2-8705-72cc72487574,normal
EVT_001091,compliance.failed,CUST_0010,INV_85823,2024-05-20T08:08:11Z,507.75,3dfcec8c-fe09-40e6-8ab3-0c0122df2739,high
EVT_001092,invoice.paid,CUST_0002,INV_29331,2024-01-30T05:24:36Z,447.11,8c78ebe6-c90c-4a9c-a030-b8e034580d5f,critical
EVT_001093,compliance.failed,CUST_0034,INV_10481,2024-04-11T02:35:57Z,467.47,1f4fea1b-9cc6-4899-9a2f-b3e684ddb1fd,critical
EVT_001094,invoice.created,CUST_0075,INV_38655,2024-01-19T22:07:53Z,37.54,09869de0-3bd4-4225-96e2-c197fd483dab,critical
EVT_001095,invoice.validated,CUST_0028,INV_35055,2024-03-08T14:11:46Z,136.53,1582bd46-dbbe-4d0e-bd1d-db1c478c17fe,low
EVT_001096,invoice.rejected,CUST_0039,INV_75809,2024-06-23T02:42:53Z,68.71,d9646de0-6430-43cb-81e4-4c1c6910d04c,critical
EVT_001097,invoice.rejected,CUST_0053,INV_81102,2024-03-09T07:10:33Z,21.87,912721d1-2bbf-4943-80c9-c77c0d0bee4f,critical
EVT_001098,invoice.validated,CUST_0055,INV_82450,2024-03-13T10:52:19Z,319.05,4e592d5f-2031-41eb-99cb-731cab702b05,critical
EVT_001099,compliance.submitted,CUST_0037,INV_23005,2024-05-16T07:59:19Z,232.39,4e9d32c0-3a01-4932-b886-18d635ba52b1,low
EVT_001100,invoice.created,CUST_0079,INV_75064,2024-03-20T20:42:07Z,369.96,af51cb2b-dd04-4d74-a3ce-47a1c84de422,critical
EVT_001101,invoice.created,CUST_0065,INV_97518,2024-04-22T20:44:41Z,113.1,02351724-cc22-4a26-997f-503a5ea6af87,critical
EVT_001102,invoice.paid,CUST_0015,INV_26310,2024-02-07T23:22:36Z,344.75,99ff89d5-394d-4067-8fd6-b84147bd85b3,critical
EVT_001103,invoice.validated,CUST_0001,INV_76527,2024-03-13T17:57:59Z,181.94,54e03f4d-c7a3-4330-8395-47ce42ba797d,normal
EVT_001104,invoice.paid,CUST_0001,INV_14282,2024-06-23T19:10:35Z,316.81,5dcd977a-18c4-459d-8e02-34007fe0964e,high
EVT_001105,compliance.submitted,CUST_0043,INV_66363,2024-02-03T02:10:17Z,260.11,3be08b08-667a-4b62-9352-930488c67937,critical
EVT_001106,compliance.submitted,CUST_0007,INV_66243,2024-06-04T14:28:34Z,7.31,33d9b97c-b28c-43e0-a11a-c68e4fa00d4d,critical
EVT_001107,invoice.validated,CUST_0041,INV_67331,2024-04-10T10:41:09Z,12.32,c03d60c0-4915-479c-abcd-1ed9207e5ed8,critical
EVT_001108,compliance.submitted,CUST_0034,INV_30847,2024-06-11T14:16:38Z,80.56,0c6a82cb-ce73-412c-b737-29008e2735d1,low
EVT_001109,invoice.created,CUST_0076,INV_91015,2024-01-30T17:15:29Z,188.09,cd1f6149-49e9-4a5c-b55a-f16a1d86177c,low
EVT_001110,compliance.failed,CUST_0017,INV_92772,2024-03-29T02:25:27Z,39.1,9cff2472-00b4-4680-8141-3bfe82efb697,high
EVT_001111,invoice.validated,CUST_0025,INV_59559,2024-04-13T23:13:30Z,38.75,779b3ab1-b250-45b6-9803-aaeb9c6a1f01,low
EVT_001112,invoice.created,CUST_0075,INV_24540,2024-06-17T08:13:43Z,139.38,70718401-9d28-4085-8c55-f161b79e58c9,high
EVT_001113,invoice.created,CUST_0024,INV_74781,2024-01-19T00:22:22Z,42.39,ed512425-252f-4dd1-82db-594e4d5abf98,critical
EVT_001114,invoice.created,CUST_0003,INV_73768,2024-03-21T08:11:31Z,61.45,1910e9e2-c758-45d7-a8f1-373bc402408f,high
EVT_001115,invoice.validated,CUST_0058,INV_33567,2024-06-06T00:06:42Z,405.82,5ab92641-1788-4b20-acab-d0b6b63933df,low
EVT_001116,invoice.rejected,CUST_0016,INV_73427,2024-03-07T13:36:44Z,201.56,7d89b81a-1ed3-442f-8fc7-fb55dfea66a2,high
EVT_001117,compliance.submitted,CUST_0016,INV_13873,2024-02-07T10:43:26Z,27.26,83ef2350-3362-46d6-9c50-5cae1c76bbcc,high
EVT_001118,invoice.validated,CUST_0015,INV_13866,2024-06-23T11:39:02Z,17.05,ec406cad-9fe5-4543-83dc-48cb1e857ea8,high
EVT_001119,invoice.validated,CUST_0036,INV_22054,2024-04-03T12:18:05Z,291.83,5e9e3bcf-2927-42f4-803b-43a36d48fc8a,critical
EVT_001120,invoice.paid,CUST_0056,INV_35304,2024-04-09T13:09:09Z,463.96,3a640554-cb6a-41e7-bc87-366a181f668e,high
EVT_001121,compliance.submitted,CUST_0051,INV_87015,2024-01-20T23:31:24Z,169.11,2ca8606c-f716-4d3b-b460-d837eefea516,critical
EVT_001122,compliance.submitted,CUST_0058,INV_45608,2024-03-23T06:45:32Z,143.44,70084eec-bf3a-45f8-9696-c915c072369a,normal
EVT_001123,invoice.rejected,CUST_0073,INV_92929,2024-03-09T12:42:19Z,477.51,e40b86a3-2711-420e-90ab-cc74eb9588a8,high
EVT_001124,invoice.rejected,CUST_0076,INV_89152,2024-03-20T13:50:41Z,146.76,e5e1bf88-e7aa-4c4a-91c4-615dd7796c77,critical
EVT_001125,invoice.validated,CUST_0004,INV_52294,2024-01-23T06:18:27Z,22.04,9ba9ef56-4c4b-4fac-8be7-fef5f00e4f85,high
EVT_001126,invoice.rejected,CUST_0048,INV_26030,2024-01-29T03:56:01Z,1.47,cd7d1bf2-ac62-437a-bd71-4918c565f1e4,critical
EVT_001127,invoice.rejected,CUST_0073,INV_40493,2024-06-03T10:05:03Z,387.76,63bc221d-4077-447a-bcb5-018a427bb897,normal
EVT_001128,invoice.rejected,CUST_0014,INV_89679,2024-04-18T22:15:25Z,409.46,4375ca92-5b3c-44ef-a60b-67973fdaba8b,critical
EVT_001129,invoice.rejected,CUST_0056,INV_35971,2024-03-02T16:58:38Z,170.41,011e2675-2fb2-4b55-b1c9-b29d9d27024a,critical
EVT_001130,invoice.paid,CUST_0016,INV_32431,2024-01-25T02:18:49Z,30.47,9ae19bc8-1ff1-431c-b425-776c6dc12f26,high
EVT_001131,compliance.submitted,CUST_0003,INV_10609,2024-05-04T23:42:13Z,92.65,aa1d3d97-4b97-463a-b87e-27f5aa9528d3,low
EVT_001132,compliance.submitted,CUST_0069,INV_15127,2024-06-27T06:21:02Z,52.44,8437a8a7-54ac-4c03-8b8b-9d89eeec6c56,high
EVT_001133,invoice.rejected,CUST_0036,INV_62473,2024-03-02T14:12:39Z,4.91,e4464bb0-3c49-4ca6-97a3-fb4bfa57ac74,critical
EVT_001134,invoice.paid,CUST_0039,INV_74662,2024-05-15T05:43:28Z,195.07,598e3065-117b-4ee5-b938-38fecef68d84,low
EVT_001135,invoice.created,CUST_0004,INV_11362,2024-02-13T11:58:57Z,468.75,1d455cde-0589-4449-87c1-4ed81b2a01c9,critical
EVT_001136,invoice.created,CUST_0029,INV_35055,2024-02-03T01:08:58Z,454.64,ed092a3b-817d-48b2-b785-3bca361d7e0c,low
EVT_001137,invoice.created,CUST_0007,INV_24523,2024-02-20T10:13:56Z,282.28,b74f7943-1b61-4f36-948e-5a84543a3a7d,critical
EVT_001138,invoice.validated,CUST_0035,INV_28056,2024-05-15T16:00:50Z,29.59,5ffaa9e7-bc47-4e35-92a7-7951764d72f5,critical
EVT_001139,invoice.created,CUST_0058,INV_78388,2024-05-09T18:12:07Z,136.68,353cf740-17ea-49a2-b5dc-c6fb8567de2b,high
EVT_001140,invoice.created,CUST_0062,INV_44578,2024-02-13T20:26:47Z,38.54,487ba558-0cbf-4274-a572-0917c21959ad,normal
EVT_001141,invoice.paid,CUST_0010,INV_17899,2024-01-15T14:11:53Z,150.57,52bdd13b-b5dc-44fc-8090-d21add0378e7,normal
EVT_001142,invoice.rejected,CUST_0063,INV_37349,2024-01-21T07:10:01Z,164.24,14647942-592e-4453-8e35-936372c5dfb3,high
EVT_001143,invoice.validated,CUST_0059,INV_76127,2024-05-07T05:52:10Z,69.51,cc75889c-7370-495f-8358-7f9e92b53ede,critical
EVT_001144,invoice.validated,CUST_0080,INV_62455,2024-04-09T16:54:57Z,91.68,dc45307a-92b6-45b7-a1b7-0bbe1af97386,low
EVT_001145,invoice.created,CUST_0019,INV_24444,2024-03-30T12:12:06Z,12.79,1fe77e81-aee4-4063-9e16-cee7803cf184,critical
EVT_001146,invoice.rejected,CUST_0068,INV_44809,2024-03-28T21:27:34Z,6.8,feabefc0-fa92-44cc-b9d7-dbe2f60f38b6,normal
EVT_001147,invoice.paid,CUST_0051,INV_76574,2024-04-07T12:22:36Z,17.35,94d58989-d5a0-4a6a-a17b-20dd4b3497b0,critical
EVT_001148,invoice.rejected,CUST_0055,INV_34831,2024-02-07T15:47:12Z,139.11,d820e30d-798f-425e-bbb8-167601c7a905,critical
EVT_001149,invoice.created,CUST_0014,INV_94717,2024-05-12T06:26:17Z,13.2,251e502f-8a02-475e-af46-17f57f48515f,high
EVT_001150,compliance.submitted,CUST_0031,INV_23242,2024-01-13T18:52:15Z,182.39,86ba4e36-34df-4dcf-a279-19e43b9f4c1b,critical
EVT_001151,invoice.validated,CUST_0051,INV_45162,2024-01-20T16:06:43Z,263.52,20919fe0-c919-4ac9-813a-60dc0422d845,high
EVT_001152,compliance.failed,CUST_0077,INV_10407,2024-02-25T22:04:39Z,125.49,430ab692-f869-4296-be3b-d858fa138e0a,high
EVT_001153,invoice.rejected,CUST_0031,INV_99318,2024-02-03T01:20:28Z,4.4,a8a3187b-2704-4a52-bb76-58b273c4546e,low
EVT_001154,invoice.rejected,CUST_0061,INV_12729,2024-03-24T02:15:49Z,224.02,9ca32ab0-7cd0-4741-b912-f6ab7e4d62bd,low
EVT_001155,invoice.paid,CUST_0077,INV_86435,2024-03-09T09:06:29Z,1.05,3d658ef0-b28b-4ed9-a900-da5bf6c52963,low
EVT_001156,invoice.rejected,CUST_0073,INV_39922,2024-05-12T01:14:42Z,26.74,f1b62ab4-0d85-4075-8aad-8d5836fc3774,low
EVT_001157,compliance.failed,CUST_0039,INV_53997,2024-06-05T02:24:40Z,160.22,91f87795-3b12-415e-ac1c-e71372f64947,critical
EVT_001158,invoice.paid,CUST_0033,INV_11777,2024-03-11T17:42:40Z,304.13,904f1396-5d8e-486c-9da6-835387803480,critical
EVT_001159,compliance.failed,CUST_0015,INV_78066,2024-02-22T09:59:58Z,36.68,5a1ce0fd-df1c-408b-966c-c4924fcd102e,normal
EVT_001160,invoice.created,CUST_0046,INV_42029,2024-04-06T16:03:58Z,29.3,cc5df8c5-22e5-4563-a828-e073de7bfd58,low
EVT_001161,invoice.paid,CUST_0025,INV_93720,2024-06-27T18:31:37Z,395.59,b1e77489-3081-4a22-a288-c2e862ab9bdc,critical
EVT_001162,invoice.rejected,CUST_0068,INV_99006,2024-02-03T23:20:11Z,99.68,02d38b09-a48d-43ad-93b6-f485da0a5c03,high
EVT_001163,compliance.submitted,CUST_0025,INV_78167,2024-01-08T23:32:23Z,175.13,a7d8d789-cef9-4619-ba7b-db0b1f228927,high
EVT_001164,invoice.created,CUST_0037,INV_75395,2024-01-22T09:31:31Z,412.45,71db0004-21d6-4769-a1e8-bfdebef443a9,high
EVT_001165,compliance.failed,CUST_0080,INV_31313,2024-04-18T09:07:29Z,15.88,4d6483c1-3f74-4c1e-b8cd-589b86c81bb4,critical
EVT_001166,invoice.rejected,CUST_0006,INV_87735,2024-02-12T04:48:33Z,123.25,138ce153-43a2-497f-b1e2-1f4a3ebc62b4,low
EVT_001167,invoice.validated,CUST_0007,INV_55903,2024-02-18T19:45:53Z,356.62,2eba81aa-b371-4d15-a87f-eab8d68c7a1e,normal
EVT_001168,invoice.rejected,CUST_0012,INV_28696,2024-05-18T11:44:21Z,49.8,9f16ed35-5925-469a-b62a-9137f0b45719,high
EVT_001169,invoice.paid,CUST_0029,INV_56482,2024-01-07T05:46:04Z,151.78,a5c73b38-f380-40e3-b1db-3324f07cd87f,low
EVT_001170,invoice.rejected,CUST_0034,INV_88255,2024-06-27T16:24:55Z,134.59,fa325747-d2aa-4847-a597-f0465833e000,normal
EVT_001171,invoice.validated,CUST_0026,INV_64566,2024-02-18T13:10:47Z,226.71,1d3964ba-42ba-4c90-9439-66cb1cda3402,critical
EVT_001172,invoice.paid,CUST_0070,INV_67264,2024-02-05T14:34:34Z,416.57,f193607c-b4eb-4d09-9852-831f52eebd23,high
EVT_001173,invoice.paid,CUST_0060,INV_71151,2024-03-09T18:39:46Z,208.63,5dbf1fc8-b85f-4851-a2cc-9ccade5e2992,low
EVT_001174,invoice.validated,CUST_0054,INV_90636,2024-01-18T04:06:32Z,167.99,0124c298-05a1-441a-a090-5e34ef8e7eb6,normal
EVT_001175,compliance.submitted,CUST_0080,INV_48449,2024-04-15T11:49:10Z,239.29,ace8884d-e954-4794-ad07-e30b210ef20a,low
EVT_001176,compliance.submitted,CUST_0060,INV_70322,2024-06-05T19:08:03Z,284.29,9aee6caa-3fcc-46d0-9190-434d540450cd,low
EVT_001177,invoice.created,CUST_0043,INV_48086,2024-04-25T09:49:25Z,28.71,73046063-2a7b-436e-a037-7ea61bfb4101,low
EVT_001178,invoice.validated,CUST_0027,INV_83668,2024-04-10T05:57:53Z,269.75,5526faa5-bda3-4f2d-be5c-f3e1bf1f3678,normal
EVT_001179,invoice.rejected,CUST_0039,INV_10845,2024-05-01T23:48:29Z,40.48,3dfae100-2323-4d24-84b8-be8ab6d51bfb,low
EVT_001180,invoice.created,CUST_0020,INV_78134,2024-04-27T05:52:06Z,347.81,659f9b8f-aad4-4721-a1bb-5f965ef82bc6,critical
EVT_001181,invoice.created,CUST_0051,INV_49311,2024-01-11T19:21:45Z,455.92,a769b9c4-a879-45ea-8628-fe8b7c324653,high
EVT_001182,invoice.paid,CUST_0079,INV_96266,2024-05-12T07:11:00Z,31.24,cb0a966e-c4d9-4428-800f-d9a633c9b79d,normal
EVT_001183,compliance.submitted,CUST_0031,INV_81654,2024-02-03T03:52:17Z,10.82,0616c0f9-bc8f-4936-a1bd-f00a070e7d44,critical
EVT_001184,invoice.rejected,CUST_0048,INV_61273,2024-05-09T15:42:21Z,169.98,eb4b709a-cf60-421c-bc0b-0b54c97f579f,normal
EVT_001185,invoice.paid,CUST_0004,INV_25745,2024-02-25T00:50:35Z,294.46,5d75f419-201b-4bff-8ac4-e08fcd81bf6e,critical
EVT_001186,invoice.rejected,CUST_0006,INV_28258,2024-06-25T08:05:29Z,23.93,e5453523-3d1f-4e53-9020-07619f82d15f,high
EVT_001187,compliance.submitted,CUST_0065,INV_37627,2024-06-15T04:30:05Z,18.09,2d65c319-c2b9-4bc8-b0c5-18bb255813ec,normal
EVT_001188,compliance.failed,CUST_0020,INV_83812,2024-03-09T07:49:08Z,157.28,d2a5c632-25fa-4e1a-b1a8-5b40aff2990c,high
EVT_001189,compliance.failed,CUST_0051,INV_73405,2024-01-14T05:52:55Z,405.6,b96d8884-b983-4a68-937f-8f7c146bebbf,high
EVT_001190,invoice.rejected,CUST_0017,INV_87182,2024-05-15T11:50:16Z,102.21,70f888bc-c113-45e2-9938-a3029e4d25da,low
EVT_001191,compliance.failed,CUST_0006,INV_30863,2024-01-06T17:34:54Z,355.82,637bbe9d-5aae-4cb0-bc93-8bddbdac7b7f,critical
EVT_001192,invoice.validated,CUST_0042,INV_41013,2024-05-27T13:26:02Z,182.11,e3684b2c-ed45-4751-aa22-7d42856f9035,critical
EVT_001193,compliance.submitted,CUST_0009,INV_42831,2024-01-13T00:35:56Z,177.02,ea696785-5775-4e1b-95bb-39a060c7d553,low
EVT_001194,invoice.created,CUST_0023,INV_68918,2024-03-03T08:42:37Z,19.5,a1dc4f88-f221-46c8-9d7c-cf97e548412f,normal
EVT_001195,invoice.paid,CUST_0033,INV_98978,2024-04-05T08:42:21Z,250.57,711f3f9a-7430-4126-82cc-2537b2fca6b4,normal
EVT_001196,invoice.created,CUST_0012,INV_92459,2024-04-23T00:49:10Z,48.03,43d6cc94-19a4-4498-a2c2-8d1c00517602,low
EVT_001197,invoice.paid,CUST_0047,INV_84487,2024-05-30T08:53:55Z,257.81,8652fa00-caf9-4663-a995-945c0d563630,critical
EVT_001198,invoice.validated,CUST_0025,INV_84759,2024-06-10T15:16:43Z,311.22,86d48003-d86e-4cee-a17e-dace11ecd638,normal
EVT_001199,invoice.paid,CUST_0009,INV_91981,2024-03-26T05:19:12Z,224.38,252356e1-672a-430e-9b29-617ab2621989,high
EVT_001200,invoice.paid,CUST_0013,INV_40221,2024-01-23T21:34:55Z,131.08,ebccd06c-52dc-47b0-9185-43af8a3aa02f,high
EVT_001201,invoice.rejected,CUST_0050,INV_18906,2024-05-16T13:29:28Z,289.88,9f9811fd-adb7-4786-9be2-1ffb2eac3491,normal
EVT_001202,compliance.submitted,CUST_0067,INV_75542,2024-06-29T22:32:41Z,16.3,4eb57315-feda-430a-b093-d73f1d644d11,critical
EVT_001203,invoice.created,CUST_0034,INV_14230,2024-05-06T20:16:54Z,17.56,b30d6a66-d0a2-4052-9be3-967241b5c5d9,normal
EVT_001204,compliance.failed,CUST_0027,INV_53202,2024-04-16T05:36:42Z,46.28,a763ecbb-cba6-4d30-ac98-4940dbcd5fbb,critical
EVT_001205,compliance.submitted,CUST_0010,INV_89954,2024-06-05T10:39:26Z,35.45,d9369dd3-a595-4fdf-aa9d-5f91f79b0185,critical
EVT_001206,compliance.submitted,CUST_0077,INV_20563,2024-05-23T13:20:17Z,240.39,fed81bb6-a2e4-4664-832d-67294ead1372,low
EVT_001207,invoice.paid,CUST_0014,INV_76532,2024-01-07T21:54:30Z,12.04,124ff815-d873-45bf-afa5-f2049c88c92e,low
EVT_001208,invoice.validated,CUST_0008,INV_80016,2024-01-06T02:49:03Z,30.8,e5a9d4a4-7633-4971-90f2-a9300c7bf19e,critical
EVT_001209,invoice.paid,CUST_0007,INV_26415,2024-03-16T04:07:56Z,114.03,aea3899d-d8c7-434e-b722-4be2fa3dc48d,low
EVT_001210,invoice.rejected,CUST_0079,INV_56109,2024-06-24T10:51:15Z,10.49,f2589619-0429-4d6f-a548-19937fc8305e,low
EVT_001211,invoice.validated,CUST_0076,INV_64141,2024-01-02T22:50:05Z,447.47,3d567f1f-23d5-4221-8fe9-cc70f8cf111f,low
EVT_001212,compliance.failed,CUST_0002,INV_42757,2024-06-18T13:40:01Z,40.82,b862fd7f-8836-47ee-876b-f45aef83f25b,high
EVT_001213,invoice.rejected,CUST_0006,INV_88959,2024-03-01T23:55:57Z,291.23,f107b579-4838-4c42-a25d-87a35caa1d7c,critical
EVT_001214,invoice.created,CUST_0062,INV_96060,2024-05-07T16:33:29Z,87.53,9bf1eb3d-62c5-4191-9583-fc35ba627a5c,high
EVT_001215,compliance.failed,CUST_0029,INV_49677,2024-03-27T03:03:17Z,291.32,01ccac52-5a09-446a-90ab-6238d33ba902,normal
EVT_001216,invoice.rejected,CUST_0068,INV_51793,2024-06-22T09:34:52Z,125.52,c94f6def-e04e-4dd2-b17b-c83c5c31c95e,critical
EVT_001217,invoice.validated,CUST_0036,INV_27974,2024-01-16T05:35:06Z,295.14,2517c83a-28b5-4d10-bc2b-67716801599f,normal
EVT_001218,compliance.failed,CUST_0016,INV_28607,2024-03-13T07:27:47Z,85.27,8ed10087-a8b4-4f7a-a278-7e5a141ecc46,low
EVT_001219,invoice.created,CUST_0003,INV_45428,2024-04-06T21:04:38Z,14.62,050bdb11-2e32-454d-9a4f-ede3a60c56d4,low
EVT_001220,compliance.submitted,CUST_0036,INV_60323,2024-06-14T22:36:16Z,25.27,70fef8bf-7b53-4daf-9078-83ac642bb40b,normal
EVT_001221,invoice.validated,CUST_0027,INV_96497,2024-03-14T15:47:30Z,295.21,c065772a-5a16-4495-a723-9ca7d505f414,high
EVT_001222,compliance.submitted,CUST_0004,INV_54068,2024-06-25T17:09:32Z,452.8,f3fcfdc4-c37a-4376-9f2f-439285fd8c65,normal
EVT_001223,compliance.failed,CUST_0004,INV_91465,2024-03-07T04:54:57Z,427.52,44d4b79a-4248-492f-bcc9-0710e379bbf6,low
EVT_001224,invoice.paid,CUST_0014,INV_98862,2024-04-17T10:32:15Z,198.63,11fde23b-bb8d-4f9c-9981-c32288d08555,high
EVT_001225,invoice.paid,CUST_0021,INV_41224,2024-03-15T00:56:42Z,52.28,fbce9771-bb8e-4f34-9e46-9c89934cb1e1,low
EVT_001226,compliance.submitted,CUST_0032,INV_48774,2024-05-29T18:42:04Z,109.19,e70a11ed-3286-449b-80b7-9b43cf7d84ea,high
EVT_001227,compliance.failed,CUST_0033,INV_89691,2024-05-31T22:22:14Z,96.03,fb0a01b7-6075-4308-b38d-3af93abd359d,normal
EVT_001228,invoice.created,CUST_0057,INV_67659,2024-03-30T20:27:05Z,311.92,f2f172ee-4e69-40ec-8e93-6e0afdf4d12b,normal
EVT_001229,compliance.submitted,CUST_0053,INV_20426,2024-01-12T09:01:30Z,14.55,bc127b19-f933-40b0-92cc-432e68bec3f5,critical
EVT_001230,invoice.rejected,CUST_0024,INV_44018,2024-02-20T02:23:58Z,43.58,34134227-b6a7-4044-b04b-a9c699315c7f,low
EVT_001231,compliance.failed,CUST_0030,INV_15046,2024-01-23T05:21:34Z,126.01,aa6bc8f5-f871-40b8-a12a-395b133e1ca6,low
EVT_001232,invoice.validated,CUST_0071,INV_17970,2024-05-19T07:07:45Z,47.63,522ee711-c7e8-4db7-8efe-3dde927ca38d,high
EVT_001233,invoice.created,CUST_0070,INV_88719,2024-05-19T11:36:38Z,12.5,ba949ff5-64fe-4400-8836-cfcb64bd19ad,low
EVT_001234,invoice.rejected,CUST_0031,INV_84758,2024-02-09T14:54:15Z,329.78,53e60d86-8baa-4529-b406-c95b25b74404,critical
EVT_001235,invoice.created,CUST_0037,INV_52800,2024-01-28T18:47:55Z,504.23,8784fdd2-7897-497b-8361-0b7a39d47b9f,high
EVT_001236,compliance.submitted,CUST_0061,INV_14083,2024-02-27T02:25:59Z,490.26,1bffde85-134a-4111-9990-46d2fe205bb4,low
EVT_001237,invoice.validated,CUST_0014,INV_51039,2024-04-28T06:19:24Z,358.55,f585aee1-7b44-46c9-9086-d93e4b3b4337,high
EVT_001238,compliance.submitted,CUST_0028,INV_14272,2024-03-14T13:31:15Z,437.93,7481398d-be92-457b-ab83-28ad333e0690,low
EVT_001239,compliance.submitted,CUST_0010,INV_75994,2024-02-13T14:37:24Z,428.99,09a1f595-227e-439f-8eec-bd1820aa5f56,low
EVT_001240,invoice.created,CUST_0068,INV_89574,2024-06-03T23:54:26Z,128.67,2c876192-b2cd-407e-853a-b839c0ba57a8,normal
EVT_001241,invoice.validated,CUST_0074,INV_53081,2024-02-26T21:46:59Z,165.15,41b6c942-4fe5-4b8a-a047-c723e7ee05b9,high
EVT_001242,invoice.validated,CUST_0015,INV_68328,2024-05-14T13:57:17Z,182.03,5aed4c3e-f5ff-459d-8c7c-ff4755fa93f9,low
EVT_001243,invoice.paid,CUST_0047,INV_89327,2024-05-06T20:44:17Z,12.29,47a38eac-fdb8-436a-ade1-064b4109d9ed,normal
EVT_001244,compliance.submitted,CUST_0053,INV_97281,2024-05-10T21:33:27Z,89.04,bbbec504-4a1b-479c-a02c-ec24c4639552,low
EVT_001245,invoice.paid,CUST_0011,INV_76194,2024-03-20T07:45:39Z,49.18,d7b61882-07ef-474c-987a-03d2cce53869,normal
EVT_001246,invoice.validated,CUST_0059,INV_25832,2024-01-04T00:17:32Z,164.83,8c9f85fe-59dd-40f3-a581-9e5f0b1e9218,low
EVT_001247,invoice.created,CUST_0017,INV_66547,2024-06-17T19:58:18Z,222.78,cc71dfc4-36bc-4a6f-9469-abdfc9982db7,critical
EVT_001248,invoice.validated,CUST_0055,INV_62732,2024-03-09T19:28:24Z,86.22,5c1af81a-9f34-4917-9df6-abb764c36f03,high
EVT_001249,compliance.submitted,CUST_0076,INV_24125,2024-04-28T05:00:55Z,56.79,a82840c1-f266-416f-a0d3-ec529e40bae3,critical
EVT_001250,invoice.paid,CUST_0053,INV_67106,2024-05-02T11:53:24Z,15.18,9a7bccb1-6c25-4c22-abf4-66007c18749a,low
EVT_001251,invoice.created,CUST_0020,INV_87798,2024-06-22T21:47:40Z,151.09,6d7af148-b559-4aed-b166-46aafdd8f118,critical
EVT_001252,compliance.failed,CUST_0023,INV_87080,2024-04-08T18:33:39Z,165.95,66ea0468-7699-43e0-9c70-7e84faffcf81,high
EVT_001253,compliance.submitted,CUST_0007,INV_78838,2024-04-19T13:02:33Z,176.61,f44d964b-a519-4dfa-8b00-e44913e6595e,critical
EVT_001254,invoice.validated,CUST_0041,INV_28769,2024-05-27T01:16:29Z,475.3,1a4b0475-f89d-4e59-8792-79243ff89615,normal
EVT_001255,invoice.rejected,CUST_0056,INV_85384,2024-04-10T19:20:39Z,44.1,b087fd00-1b92-445f-bce1-9b3325d8533c,low
EVT_001256,invoice.paid,CUST_0037,INV_67529,2024-02-23T04:13:35Z,75.4,7ff3b79d-1cfc-46f8-b286-bfda8ab3f7c4,low
EVT_001257,invoice.rejected,CUST_0030,INV_28481,2024-05-09T09:48:20Z,5.7,d68ad325-f25e-44d4-be20-4e738a7296da,low
EVT_001258,invoice.created,CUST_0077,INV_80756,2024-06-24T06:08:50Z,27.36,e819d667-e09f-4080-a793-5bfd29f2c70a,high
EVT_001259,compliance.submitted,CUST_0027,INV_65902,2024-02-24T17:27:28Z,128.13,b867664b-a0b4-4479-842c-588d63c2aa69,low
EVT_001260,invoice.paid,CUST_0016,INV_74651,2024-03-27T07:04:39Z,509.84,c21b8160-6560-49ee-adaa-3f22190a939d,low
EVT_001261,invoice.created,CUST_0046,INV_39155,2024-06-05T01:14:20Z,99.07,6c1c46de-6191-4434-af70-d412daf92162,critical
EVT_001262,invoice.created,CUST_0066,INV_51262,2024-05-10T12:07:36Z,231.34,b6db6787-2794-4b40-bd43-f9579890ab5f,high
EVT_001263,compliance.submitted,CUST_0025,INV_96655,2024-06-12T09:21:10Z,496.14,949c1828-e33e-4085-b94e-dceba9ba959a,low
EVT_001264,compliance.submitted,CUST_0032,INV_59310,2024-01-27T13:52:55Z,83.03,0a9b7a4e-378f-48d3-9715-6b7c64e3ca3e,normal
EVT_001265,invoice.validated,CUST_0063,INV_75106,2024-06-07T00:54:13Z,473.27,aa80c59f-6319-4022-ba66-687404853e9b,normal
EVT_001266,invoice.created,CUST_0001,INV_74315,2024-03-25T08:04:20Z,81.28,760619d0-3043-476d-b506-bdd98dcf5deb,high
EVT_001267,compliance.failed,CUST_0079,INV_86532,2024-03-14T20:16:51Z,12.5,a6f00824-3cc2-4275-8a36-6482bf1903e7,high
EVT_001268,invoice.rejected,CUST_0030,INV_97552,2024-06-18T21:58:39Z,169.51,cac437c0-76b2-458b-9d1d-910511856016,critical
EVT_001269,invoice.validated,CUST_0038,INV_24728,2024-01-19T17:52:38Z,184.52,9045aa38-58e6-4771-a8bb-c10d5f0e32f1,critical
EVT_001270,compliance.failed,CUST_0042,INV_65687,2024-02-18T00:57:00Z,6.68,e54524b2-b55a-463f-86b6-0cf017671598,high
EVT_001271,invoice.validated,CUST_0051,INV_73404,2024-05-16T20:41:37Z,387.53,0945b6ce-26cf-485f-a01a-9bd089153b38,normal
EVT_001272,invoice.rejected,CUST_0004,INV_76517,2024-02-26T11:49:59Z,327.61,a385c1b2-7e88-4739-8886-9b4c85f2d536,high
EVT_001273,invoice.rejected,CUST_0034,INV_63900,2024-05-11T01:40:37Z,20.18,f6bb03cb-8543-4ebb-b707-6996624db26f,high
EVT_001274,invoice.validated,CUST_0063,INV_54543,2024-05-21T09:35:48Z,32.18,3b7bceb7-f38f-476d-b141-3472bcdeec81,normal
EVT_001275,compliance.failed,CUST_0069,INV_24459,2024-02-10T00:57:55Z,302.86,c475e95e-2b51-420d-9f6f-222d60c458e8,low
EVT_001276,invoice.paid,CUST_0003,INV_21829,2024-06-04T19:30:54Z,310.04,07fb85c2-b6aa-449d-ba86-0dc037695402,low
EVT_001277,invoice.validated,CUST_0007,INV_57460,2024-04-10T17:04:46Z,197.78,cebbc2ef-8392-45d6-abb1-1a00c494999b,normal
EVT_001278,invoice.validated,CUST_0038,INV_59005,2024-06-04T14:15:38Z,17.24,30627fce-c3d5-4753-b7f8-e4b4cb6845b4,low
EVT_001279,compliance.submitted,CUST_0003,INV_23437,2024-05-26T15:07:21Z,168.7,33773695-fd5d-4b51-9306-b998f141b9b1,high
EVT_001280,compliance.failed,CUST_0004,INV_42415,2024-02-14T15:54:07Z,162.49,99d40446-ebd4-4ccc-acab-41658e731e22,critical
EVT_001281,compliance.failed,CUST_0017,INV_45389,2024-06-07T21:32:06Z,357.41,0f8636ef-501e-4ec6-b776-fc8f441df349,critical
EVT_001282,compliance.failed,CUST_0003,INV_81001,2024-01-03T20:42:06Z,72.78,394555c9-4123-44b9-93de-9e4582c03ed2,normal
EVT_001283,invoice.rejected,CUST_0078,INV_52431,2024-06-15T20:38:33Z,161.52,f226ace0-c237-460e-9e0d-6e5d753faa9b,normal
EVT_001284,compliance.failed,CUST_0013,INV_85523,2024-02-21T07:35:14Z,93.69,7b39b459-097d-4abf-a27d-38575cf7d834,high
EVT_001285,compliance.failed,CUST_0062,INV_79888,2024-02-25T05:30:25Z,509.86,1b7e616b-0562-4363-87f5-9dc25389aac7,critical
EVT_001286,compliance.submitted,CUST_0048,INV_24195,2024-05-28T02:26:29Z,23.16,dbcc98ab-e982-4161-bcf1-6e3fe9cbe8c1,critical
EVT_001287,compliance.submitted,CUST_0048,INV_24280,2024-04-02T14:04:42Z,32.5,1a85fea5-d827-46a8-8344-f26da08a683a,low
EVT_001288,invoice.validated,CUST_0072,INV_74200,2024-02-02T20:47:19Z,62.58,5c168b85-8c2a-4f7f-a5e7-a7ce01deb4da,normal
EVT_001289,invoice.paid,CUST_0008,INV_43033,2024-05-29T00:22:57Z,21.18,b99b332d-365a-470b-b2c5-8df56915670a,high
EVT_001290,invoice.paid,CUST_0073,INV_10730,2024-04-26T06:17:04Z,81.38,de3d83f3-3d5d-4349-a8c9-e916c81a7c1c,critical
EVT_001291,invoice.validated,CUST_0041,INV_52183,2024-05-06T14:34:49Z,373.1,29fe2e03-5f33-4255-801d-3af80e1f4a5c,low
EVT_001292,compliance.failed,CUST_0014,INV_20158,2024-03-23T15:54:54Z,250.57,ce77af0b-3952-41e8-afae-9870305edfd5,low
EVT_001293,invoice.paid,CUST_0022,INV_24898,2024-02-08T07:47:59Z,253.27,ca0946d8-bbfd-4535-bdc9-ebe084303091,critical
EVT_001294,compliance.submitted,CUST_0018,INV_64807,2024-05-25T10:33:44Z,94.51,07aca403-8a3c-479b-855b-e5a78675b581,high
EVT_001295,compliance.submitted,CUST_0067,INV_58710,2024-03-03T14:25:41Z,290.54,529f3eff-e806-4c5b-b4cb-970198aeaae9,normal
EVT_001296,invoice.rejected,CUST_0079,INV_78076,2024-05-18T17:41:38Z,120.82,7b064e6a-3478-499b-88a5-0c984c803e96,normal
EVT_001297,compliance.failed,CUST_0022,INV_72111,2024-04-11T19:46:50Z,1.48,eda4a241-0816-4f53-975b-ca0afcdba6a6,low
EVT_001298,invoice.validated,CUST_0040,INV_36118,2024-05-16T05:03:43Z,35.01,35f14d1e-dcdb-4630-aca6-492ac8f9b711,critical
EVT_001299,invoice.created,CUST_0077,INV_55934,2024-01-31T09:07:26Z,32.18,30bbbfa3-87d4-4e35-8514-7702c6acbefc,normal
EVT_001300,invoice.paid,CUST_0036,INV_86607,2024-02-25T04:24:36Z,105.09,3ddc036f-eab7-47d8-947f-9272e910cbfa,normal
EVT_001301,invoice.validated,CUST_0010,INV_23497,2024-04-25T01:53:54Z,36.8,259c5dad-a795-43a7-a92e-078c16bb1214,normal
EVT_001302,compliance.failed,CUST_0067,INV_60193,2024-04-24T01:05:45Z,165.8,9d672d22-ca32-43a2-b1f7-043908185967,critical
EVT_001303,invoice.created,CUST_0027,INV_40386,2024-02-02T15:23:59Z,49.47,0186c181-3242-4181-b160-29ed852bd43b,normal
EVT_001304,invoice.created,CUST_0022,INV_52380,2024-04-02T07:49:22Z,195.48,2874608f-69ad-4dd1-88a4-388227a5c1e2,critical
EVT_001305,invoice.rejected,CUST_0061,INV_75585,2024-03-04T12:20:48Z,86.12,4746700e-7d28-4f3a-9fca-7ad88e82bcf5,critical
EVT_001306,compliance.submitted,CUST_0046,INV_51546,2024-03-01T12:54:55Z,27.0,3fd38ab2-78af-40db-ba01-cfd63d412c39,high
EVT_001307,invoice.paid,CUST_0019,INV_83464,2024-06-12T02:06:22Z,22.64,a9755501-ca9c-4759-9d3c-54cec1d030f0,critical
EVT_001308,invoice.created,CUST_0045,INV_57931,2024-02-04T13:35:52Z,165.61,8df082ff-d691-4682-a3d7-725a87d6b893,normal
EVT_001309,invoice.validated,CUST_0079,INV_60129,2024-04-18T16:49:45Z,19.34,2c6b4066-756b-467e-adcc-370cc6a24462,critical
EVT_001310,invoice.validated,CUST_0047,INV_10735,2024-04-12T03:20:59Z,99.27,c2230bd1-04ed-43d6-92b0-8fb0d8526a53,low
EVT_001311,invoice.created,CUST_0078,INV_94832,2024-02-23T00:24:06Z,213.7,c46f4d61-9c96-49aa-ad60-911daf889fbb,high
EVT_001312,invoice.created,CUST_0036,INV_84996,2024-05-01T09:58:16Z,489.4,e696d00f-7c90-445d-975c-c74491d29d95,critical
EVT_001313,invoice.paid,CUST_0063,INV_94875,2024-02-03T17:49:53Z,37.78,6f980d07-22b1-45fa-8f99-29c7b9f63546,normal
EVT_001314,invoice.validated,CUST_0023,INV_20855,2024-06-18T02:44:59Z,217.49,f9ecf875-b0c7-4269-951a-bcbbbfe96948,low
EVT_001315,compliance.submitted,CUST_0041,INV_46369,2024-01-19T22:16:06Z,49.19,f218a8c0-7ac3-4303-a780-85828108df59,high
EVT_001316,compliance.failed,CUST_0041,INV_32179,2024-06-23T07:45:18Z,494.62,df7a0bee-3da1-4a5a-bb06-3823d53fb9dc,low
EVT_001317,compliance.failed,CUST_0052,INV_97771,2024-03-21T20:27:55Z,4.01,a11c5725-7848-497a-9ff1-059010240bc9,high
EVT_001318,invoice.paid,CUST_0011,INV_15833,2024-02-03T12:18:19Z,14.5,58b1a2a1-ceca-4644-873c-8911ca69b8d0,low
EVT_001319,compliance.submitted,CUST_0040,INV_55964,2024-02-23T03:49:43Z,6.77,7a292a63-2a0c-4aa7-8d29-47b82a7343c5,critical
EVT_001320,invoice.created,CUST_0012,INV_33920,2024-01-23T13:49:07Z,36.75,d2bc60ba-677d-42df-9254-675237c6d114,normal
EVT_001321,compliance.failed,CUST_0002,INV_59090,2024-02-12T05:44:38Z,181.58,327272f9-8558-4919-9484-c03d6be501a8,normal
EVT_001322,invoice.created,CUST_0017,INV_59716,2024-03-01T06:58:28Z,76.7,ac355f28-4602-432f-8f91-742a22acf28a,critical
EVT_001323,invoice.validated,CUST_0029,INV_45756,2024-06-11T04:39:53Z,292.02,4adac9e3-76fc-451a-ad26-4235f62879a7,critical
EVT_001324,invoice.paid,CUST_0034,INV_56550,2024-01-18T22:40:17Z,102.33,94ddca82-fb95-47e3-a623-667a10ce6f6b,normal
EVT_001325,compliance.submitted,CUST_0005,INV_60551,2024-06-11T02:05:48Z,135.31,cd7b7d14-1c5c-4639-b5a4-e0eec767bd6f,high
EVT_001326,invoice.rejected,CUST_0037,INV_76029,2024-02-10T06:46:22Z,283.91,5c437edb-6c66-4180-856e-3cd6963b2ad1,normal
EVT_001327,invoice.paid,CUST_0034,INV_44189,2024-02-12T09:08:29Z,2.54,5dca7afc-025a-47a9-a355-4fd7d871cf77,critical
EVT_001328,compliance.submitted,CUST_0018,INV_52335,2024-03-31T17:31:41Z,19.24,5fe04355-13a0-42a7-ab62-a7970a081f99,high
EVT_001329,invoice.rejected,CUST_0014,INV_11035,2024-05-02T05:33:09Z,8.78,a08b896b-d744-4364-a2fc-ff23a0546538,normal
EVT_001330,invoice.validated,CUST_0046,INV_71189,2024-02-29T11:20:52Z,336.97,0a9e021d-10bc-4693-aac2-18cf233ff1ba,critical
EVT_001331,compliance.failed,CUST_0076,INV_67012,2024-04-21T20:11:32Z,276.0,c054f700-d9ee-4470-93a4-c065401ad17e,high
EVT_001332,invoice.paid,CUST_0077,INV_98939,2024-03-06T14:37:36Z,20.66,e07a7d9c-3b00-42b4-872d-693ade81094e,low
EVT_001333,invoice.rejected,CUST_0054,INV_85692,2024-03-23T16:48:39Z,54.28,1f92e523-300a-4d91-8164-a82bad04d0a3,normal
EVT_001334,invoice.validated,CUST_0073,INV_27025,2024-05-25T23:52:31Z,33.51,d5098725-919b-4f5a-91e6-a78de88a44f8,high
EVT_001335,invoice.rejected,CUST_0019,INV_70124,2024-06-04T15:12:44Z,20.4,94df8263-ac0d-4c67-b358-d3df36bc9fc8,normal
EVT_001336,invoice.created,CUST_0039,INV_34195,2024-02-29T17:10:42Z,12.57,e302824b-a9f4-4765-acfb-0b05c1f56820,normal
EVT_001337,invoice.rejected,CUST_0072,INV_10648,2024-06-13T05:06:01Z,346.89,0eb8ab44-f5b6-44e1-a082-b29965801a6e,critical
EVT_001338,invoice.paid,CUST_0028,INV_97613,2024-06-26T06:06:37Z,19.44,f7cc72b4-0824-4f72-a643-787cdb63c33f,critical
EVT_001339,invoice.validated,CUST_0017,INV_62413,2024-03-02T19:38:59Z,455.77,7a6ac10c-c2a3-4e55-9fd8-7b390f09e0ed,critical
EVT_001340,compliance.submitted,CUST_0077,INV_19392,2024-03-17T11:28:32Z,18.0,7c66ce05-34bf-479b-ba97-1516a0c20c47,normal
EVT_001341,invoice.validated,CUST_0078,INV_58382,2024-02-04T14:17:09Z,200.5,b3785693-b4d8-407a-8223-9cbf709c468a,critical
EVT_001342,invoice.validated,CUST_0010,INV_28098,2024-05-05T08:36:29Z,25.5,99181362-41ef-4f9b-844c-6723ca08ac6f,high
EVT_001343,invoice.validated,CUST_0050,INV_65798,2024-05-07T00:04:13Z,96.66,3e4460f3-48bd-460f-a74c-2e42c35ba9c9,low
EVT_001344,invoice.validated,CUST_0034,INV_31435,2024-03-22T21:26:10Z,20.51,81f6606c-3dac-4c77-996b-a0afff37ca5d,high
EVT_001345,invoice.paid,CUST_0013,INV_11602,2024-05-07T08:34:09Z,358.17,4318a366-a9d9-4f90-89d8-dc67a19358c5,critical
EVT_001346,compliance.failed,CUST_0002,INV_97843,2024-04-04T09:34:25Z,165.7,775350e9-c634-4d7c-8948-818eaa57ffee,low
EVT_001347,invoice.paid,CUST_0078,INV_75806,2024-06-05T17:28:31Z,304.54,bb570056-e968-4215-a60a-3ea1473aed47,high
EVT_001348,invoice.validated,CUST_0015,INV_65583,2024-06-01T12:40:14Z,27.05,bc8f5fe9-43eb-48b9-afe3-f18b88635d81,low
EVT_001349,compliance.submitted,CUST_0044,INV_43795,2024-05-17T09:29:26Z,171.93,c8fff37f-e908-4c73-acff-dec5d1e02622,critical
EVT_001350,invoice.rejected,CUST_0007,INV_15222,2024-03-31T05:57:12Z,314.54,3e03b864-822a-4474-a93f-6f890dc6c287,high
EVT_001351,invoice.rejected,CUST_0033,INV_98473,2024-03-23T15:55:03Z,15.51,4860e1c8-ca5b-4b39-8a96-f67b8097aff3,high
EVT_001352,invoice.created,CUST_0046,INV_68559,2024-03-21T23:38:29Z,145.4,bac93f85-7e0f-4d57-a405-b1f9995268fe,low
EVT_001353,invoice.paid,CUST_0069,INV_42588,2024-05-23T10:29:59Z,9.59,1a1aeb2a-c3d5-4cdb-8591-7e5fcfe2c3bc,critical
EVT_001354,invoice.rejected,CUST_0056,INV_55270,2024-06-22T08:21:40Z,276.16,418d5842-db17-48ca-9cfa-04fbe2da7c30,critical
EVT_001355,invoice.rejected,CUST_0006,INV_58863,2024-01-15T20:41:03Z,2.88,62163bf2-c953-49d5-a4cf-5f3fb9034aa3,critical
EVT_001356,invoice.created,CUST_0066,INV_54272,2024-05-20T20:36:16Z,46.44,8aa8076b-0497-45bf-920d-f9ae499dd392,normal
EVT_001357,compliance.failed,CUST_0033,INV_20391,2024-05-20T02:52:17Z,42.01,7d65fd4e-fcd1-44db-85a3-c23a1f6ffdb3,high
EVT_001358,compliance.submitted,CUST_0039,INV_80668,2024-04-29T12:49:03Z,86.56,ceb8507c-d8c1-4a08-8c55-0d6503648426,critical
EVT_001359,invoice.paid,CUST_0028,INV_46016,2024-05-27T17:12:27Z,286.38,937d0590-99e0-4c54-8fbb-10816bad09a7,low
EVT_001360,invoice.validated,CUST_0078,INV_98894,2024-03-18T09:56:23Z,50.76,d154728b-4efc-4ff5-9402-952adff43cdc,normal
EVT_001361,invoice.paid,CUST_0036,INV_88522,2024-02-21T20:33:30Z,39.72,bf2b35ed-e11e-414b-a55b-64696c07dadf,low
EVT_001362,invoice.created,CUST_0042,INV_90135,2024-02-12T22:12:13Z,458.02,dfc40bdd-835f-472d-b5b8-3906c18d6422,critical
EVT_001363,compliance.submitted,CUST_0077,INV_60992,2024-03-04T20:05:43Z,133.65,b641cadc-927e-49d6-958c-024a2587e750,high
EVT_001364,invoice.paid,CUST_0057,INV_75401,2024-01-30T11:20:22Z,154.66,5118a3a2-63f4-43b8-ab08-f9d42970e53b,critical
EVT_001365,compliance.submitted,CUST_0005,INV_20303,2024-05-08T07:04:41Z,31.94,c3760672-1ce2-40f0-9953-21786d472367,high
EVT_001366,invoice.rejected,CUST_0039,INV_69178,2024-02-26T15:59:38Z,34.05,d9f00be4-a06c-423f-9917-3915aa074c23,high
EVT_001367,invoice.paid,CUST_0073,INV_13068,2024-03-24T19:04:45Z,37.82,72351c03-0043-4ba0-8ae7-6b032037e8ee,critical
EVT_001368,invoice.paid,CUST_0069,INV_89576,2024-01-26T13:45:15Z,47.49,e0c7be26-4a8d-491c-8a2e-b06b17b67e21,low
EVT_001369,invoice.validated,CUST_0074,INV_30855,2024-02-26T04:27:50Z,505.42,023c96e2-7d85-40f3-b768-f6ee22e13f11,critical
EVT_001370,invoice.validated,CUST_0046,INV_64811,2024-05-25T21:13:22Z,440.4,b7c575b0-29c3-4000-9aa8-7d800e864aae,low
EVT_001371,compliance.submitted,CUST_0041,INV_79796,2024-04-07T12:54:33Z,178.86,f47494ba-f818-4b97-bb95-5880bb2ac40b,high
EVT_001372,invoice.validated,CUST_0058,INV_62435,2024-01-31T11:31:22Z,129.9,f2ded94f-2bf6-4659-b831-e4f2a1bbcdda,normal
EVT_001373,compliance.submitted,CUST_0013,INV_95603,2024-03-15T10:33:23Z,21.49,575b9ebb-2db3-4d36-aa9e-76bd914d136b,normal
EVT_001374,compliance.submitted,CUST_0018,INV_75976,2024-04-28T09:26:10Z,49.95,cc3655db-e919-439b-89ae-8e36d482ca6e,high
EVT_001375,invoice.validated,CUST_0079,INV_84620,2024-02-18T12:48:30Z,31.65,276d910e-2d54-4ba0-ad4e-6db2ae344219,critical
EVT_001376,invoice.validated,CUST_0071,INV_31152,2024-04-09T06:59:45Z,158.46,41b23810-a2ea-403d-8fbf-2371c57b0f97,normal
EVT_001377,invoice.rejected,CUST_0042,INV_18495,2024-01-26T18:11:38Z,44.83,34c34b04-0449-4460-b3b4-7cca3077c56c,critical
EVT_001378,invoice.validated,CUST_0031,INV_70477,2024-06-03T17:08:26Z,66.67,f333b6f4-ab7e-4bb0-9345-3374d2a5955f,normal
EVT_001379,compliance.failed,CUST_0032,INV_19154,2024-03-30T18:03:54Z,411.18,83a194f2-0a7b-4ee8-86a1-29704b21d291,critical
EVT_001380,invoice.paid,CUST_0050,INV_44082,2024-01-14T15:55:39Z,423.33,27b49020-f97d-4929-bf0a-50e526672443,low
EVT_001381,compliance.failed,CUST_0057,INV_17836,2024-04-03T08:43:32Z,15.36,7c9b28d3-7204-47f4-995a-b5dd049f3f2a,high
EVT_001382,compliance.submitted,CUST_0052,INV_92479,2024-05-19T03:42:46Z,32.83,6081fffe-c0f7-47b3-9174-7cba1a20420b,high
EVT_001383,invoice.created,CUST_0075,INV_32145,2024-05-26T07:55:38Z,18.96,ebb236b3-ba43-4b1d-8ca4-ae478fa40ee2,critical
EVT_001384,invoice.created,CUST_0027,INV_53257,2024-02-21T08:41:42Z,61.11,a592f8bb-3c9b-478d-a178-bb62479ed7ee,normal
EVT_001385,invoice.rejected,CUST_0034,INV_68284,2024-03-07T11:53:58Z,117.56,e12d5c65-e3fc-41bc-8b04-4ab192634ffa,low
EVT_001386,compliance.submitted,CUST_0018,INV_47805,2024-01-29T17:50:30Z,375.82,753eb167-dd9c-4157-8216-80309899f414,high
EVT_001387,invoice.validated,CUST_0040,INV_84401,2024-05-19T00:02:26Z,121.29,3a2a7037-8492-49f2-89d1-48662ba6c82b,normal
EVT_001388,compliance.submitted,CUST_0017,INV_48316,2024-01-29T10:51:40Z,43.1,fdb3c636-2b0c-4e17-8ecf-8443f61b40bd,high
EVT_001389,invoice.created,CUST_0019,INV_44002,2024-04-23T10:43:53Z,471.51,f1ee2155-0be7-472b-8b80-da854f61c65e,critical
EVT_001390,invoice.validated,CUST_0062,INV_55116,2024-04-30T02:13:56Z,356.34,238221dc-690e-49f2-9e0b-b83c836c4707,high
EVT_001391,invoice.paid,CUST_0049,INV_94984,2024-06-17T01:05:48Z,128.79,f69cca74-a53d-43cf-b28a-ed26c16cf3cc,low
EVT_001392,invoice.validated,CUST_0009,INV_50541,2024-03-07T11:32:45Z,389.9,6c893d98-12e8-4c49-86f9-a14fa4e57dd4,low
EVT_001393,invoice.paid,CUST_0026,INV_70204,2024-03-10T05:25:02Z,203.81,3c93068a-a95c-4fa3-adc2-1c6cf501ca34,normal
EVT_001394,compliance.failed,CUST_0026,INV_14304,2024-03-11T14:18:50Z,20.53,fe3813c2-5e3d-4d68-9f3b-c5a46afb154d,high
EVT_001395,compliance.failed,CUST_0071,INV_80481,2024-04-13T20:08:01Z,217.46,d1cb9ab5-36e2-46da-af91-c3166967cf53,normal
EVT_001396,compliance.failed,CUST_0032,INV_33944,2024-02-19T17:22:56Z,276.47,95441c6e-089e-453f-ae3c-c6650032c317,critical
EVT_001397,compliance.submitted,CUST_0023,INV_44834,2024-01-08T19:29:54Z,28.05,e98dafd5-2f18-45ad-80c4-0e1fe3e47652,normal
EVT_001398,invoice.created,CUST_0067,INV_37227,2024-02-28T18:58:04Z,137.85,f49536ba-8437-41a1-98be-7c9512c8de0e,low
EVT_001399,invoice.created,CUST_0069,INV_51793,2024-06-20T04:44:36Z,60.96,36f2994d-125e-4b53-aae0-4d2a9ec9b9e1,low
EVT_001400,invoice.created,CUST_0061,INV_81089,2024-02-08T07:55:59Z,29.88,4c0c13b5-e25b-4840-b39a-ef651b71b123,critical
EVT_001401,invoice.paid,CUST_0015,INV_94230,2024-05-19T19:21:24Z,170.86,29cdf99c-11fc-46a9-a7b4-164989b1325b,low
EVT_001402,invoice.paid,CUST_0033,INV_88820,2024-05-26T12:30:20Z,144.67,c218a64f-e0ba-4d40-a34c-1cd323eb460c,high
EVT_001403,compliance.submitted,CUST_0039,INV_42639,2024-02-21T07:15:38Z,356.96,9946fbc2-98b9-4037-a4c9-bb9850a8c69d,critical
EVT_001404,invoice.validated,CUST_0015,INV_73908,2024-05-26T22:04:06Z,184.01,ded08fb4-c891-449b-8a4c-736211c9e2ee,normal
EVT_001405,invoice.paid,CUST_0023,INV_98208,2024-01-13T17:31:45Z,338.28,03c06f5d-be95-41b3-9a00-780e65ccc68f,normal
EVT_001406,invoice.created,CUST_0025,INV_40382,2024-05-31T05:25:58Z,299.84,dca6a54c-72e8-4612-a50e-b6adac9b6e02,critical
EVT_001407,invoice.rejected,CUST_0014,INV_89891,2024-05-12T23:08:56Z,11.3,57f67b41-833d-402e-a302-2c6cad5556da,critical
EVT_001408,invoice.validated,CUST_0022,INV_89970,2024-06-14T12:16:22Z,98.85,513fda6c-490c-4509-b70b-ebda1620948e,critical
EVT_001409,invoice.rejected,CUST_0035,INV_71863,2024-02-14T09:55:45Z,175.17,c12b262a-a63e-4500-94d2-b430d7a33bf0,high
EVT_001410,compliance.failed,CUST_0046,INV_51333,2024-06-10T00:29:52Z,113.79,d410ded0-5049-4801-98d5-a331c19a6050,low
EVT_001411,invoice.paid,CUST_0052,INV_56348,2024-01-11T17:45:04Z,70.99,1e84e4ce-362f-4df7-85ef-7d078b528ec7,low
EVT_001412,compliance.failed,CUST_0026,INV_43545,2024-02-10T12:11:18Z,106.02,d6beeefb-e974-4fb9-a9cf-6443f02dec78,high
EVT_001413,compliance.failed,CUST_0072,INV_36142,2024-04-18T17:39:35Z,142.63,275738a6-6c06-4da2-993c-4374a8b9a3f2,low
EVT_001414,invoice.validated,CUST_0010,INV_52661,2024-02-17T05:06:15Z,36.42,516a3b39-b757-455b-990b-d11118979724,critical
EVT_001415,invoice.rejected,CUST_0063,INV_89522,2024-02-18T12:22:02Z,58.9,3b9e01e3-49e9-4839-82b8-bb552c2abdd7,high
EVT_001416,invoice.paid,CUST_0069,INV_47255,2024-03-12T17:45:22Z,70.14,e3a4d54a-3d3c-4669-90c4-a7ac6e9e8b24,critical
EVT_001417,invoice.validated,CUST_0020,INV_87307,2024-06-18T16:54:18Z,15.64,53bbf652-c07d-4c21-b61a-2accb7af899c,high
EVT_001418,compliance.failed,CUST_0074,INV_44172,2024-04-16T03:16:17Z,28.28,7ef29141-0f5d-4a2c-a062-fdb7886b84c0,low
EVT_001419,invoice.rejected,CUST_0041,INV_68437,2024-06-14T17:17:15Z,37.62,114f5179-0959-4cdc-936a-2dbdc63ddd7b,critical
EVT_001420,invoice.validated,CUST_0047,INV_98823,2024-03-05T15:56:55Z,48.6,2ea10b03-fadc-4f01-a31b-be1f7b01b9aa,normal
EVT_001421,invoice.paid,CUST_0016,INV_66011,2024-05-04T17:03:23Z,214.99,c3b84b9a-3ce9-404d-8d10-a7d518861485,low
EVT_001422,invoice.created,CUST_0066,INV_84149,2024-03-13T12:31:00Z,54.81,ca061dcf-3dab-4468-877e-0c5c3d68a1d6,critical
EVT_001423,invoice.rejected,CUST_0037,INV_93148,2024-04-21T14:50:03Z,228.75,d939b616-4a31-48b7-880d-a75247d77b6f,low
EVT_001424,compliance.submitted,CUST_0069,INV_21498,2024-01-31T17:22:36Z,29.12,f001d3a3-1a29-4346-8608-ce4e9fa575df,low
EVT_001425,invoice.rejected,CUST_0056,INV_71042,2024-06-07T19:01:05Z,430.55,c1e90bae-0c3a-49ab-8fa4-7b1b51037c9c,high
EVT_001426,compliance.failed,CUST_0010,INV_85395,2024-02-05T06:39:40Z,129.16,9ba166b9-f1a3-4128-8872-7e0b2deaac5e,low
EVT_001427,invoice.rejected,CUST_0052,INV_10832,2024-04-21T14:28:20Z,108.49,416e19cc-79a4-49ea-8eff-e0a94c389ddb,critical
EVT_001428,invoice.validated,CUST_0020,INV_86595,2024-02-20T06:20:31Z,342.82,aaa0b2c6-0c0b-40ff-8ac9-123091a9357f,normal
EVT_001429,invoice.rejected,CUST_0074,INV_85609,2024-06-28T16:28:26Z,8.48,52474cd8-d904-4c40-97ba-e62a15c4488f,low
EVT_001430,compliance.submitted,CUST_0004,INV_15171,2024-04-13T13:55:36Z,131.01,af9d3374-a067-46f0-a7fb-7d075d78ffc2,high
EVT_001431,invoice.validated,CUST_0030,INV_36437,2024-05-07T19:16:50Z,15.84,40ec8934-48d9-403c-9a53-702810bda859,high
EVT_001432,invoice.paid,CUST_0004,INV_26136,2024-01-27T15:55:15Z,338.51,5e265925-1e11-4ce3-8d58-b3375ea0b2eb,normal
EVT_001433,invoice.paid,CUST_0049,INV_67481,2024-01-10T13:21:18Z,20.56,7905d875-ceef-4f90-8e86-d8a3f565888a,low
EVT_001434,compliance.submitted,CUST_0023,INV_77698,2024-04-08T09:24:31Z,163.49,96c671b7-c61c-4c51-96ff-ee49fcdafccb,high
EVT_001435,invoice.validated,CUST_0041,INV_37568,2024-03-21T14:38:09Z,169.97,feb16242-edd9-4aa4-ae23-fcd1d62ad3b7,low
EVT_001436,invoice.created,CUST_0059,INV_59811,2024-01-04T03:14:35Z,110.05,633a4a58-8e11-479e-8f04-ebc8f9dbe0e3,high
EVT_001437,invoice.created,CUST_0040,INV_66904,2024-06-11T10:32:02Z,271.56,ebff96e2-e44b-4281-84c1-6dffd05df2a0,low
EVT_001438,invoice.paid,CUST_0050,INV_12077,2024-06-19T02:11:05Z,91.21,199ddbe1-8539-4514-9a6a-d55930876187,low
EVT_001439,invoice.validated,CUST_0019,INV_33246,2024-06-13T13:14:21Z,248.6,9d671158-c4cb-4c41-aeaa-a58d7188a048,critical
EVT_001440,compliance.submitted,CUST_0005,INV_37502,2024-01-12T21:07:34Z,149.14,f797ef10-1f10-45f8-832f-c4e1564bb7b7,normal
EVT_001441,invoice.validated,CUST_0054,INV_77973,2024-02-03T11:32:07Z,48.3,017430db-b520-4001-99b6-a30f625ace84,high
EVT_001442,invoice.validated,CUST_0015,INV_13929,2024-06-01T17:37:13Z,95.91,e5531132-ac17-41b2-9395-6a691e36c662,high
EVT_001443,invoice.created,CUST_0004,INV_53461,2024-06-01T02:17:51Z,2.4,3eebfa2f-2b3b-4a51-8eb3-9fda98c88eea,critical
EVT_001444,invoice.paid,CUST_0006,INV_88447,2024-04-14T18:08:07Z,75.46,e308530f-8bae-4bed-9884-5901cf2936b2,normal
EVT_001445,invoice.created,CUST_0012,INV_24733,2024-03-22T12:47:45Z,329.5,1f3a9328-ac40-4f8f-a7be-aab0f270f462,critical
EVT_001446,compliance.submitted,CUST_0018,INV_93473,2024-06-15T09:30:59Z,121.44,9a4d304d-65ed-40ed-9195-b19171b9fe16,normal
EVT_001447,compliance.submitted,CUST_0042,INV_57917,2024-05-07T10:55:32Z,150.26,e46c174f-bffb-4eaf-9413-e4f6b4e8912a,normal
EVT_001448,compliance.submitted,CUST_0017,INV_27014,2024-02-12T14:03:50Z,405.67,0b0edf48-4ac8-46d5-9b3e-f411579ad6d1,low
EVT_001449,compliance.submitted,CUST_0052,INV_23792,2024-02-24T19:36:44Z,87.6,5bdd7837-c75e-4112-b900-139f39ef7059,high
EVT_001450,compliance.submitted,CUST_0060,INV_78146,2024-05-09T18:45:59Z,26.33,29225e4b-0274-47e2-891f-2891a93f9fc1,high
EVT_001451,compliance.failed,CUST_0055,INV_29034,2024-03-13T18:33:28Z,190.19,f3d02e59-6d0e-48a0-92e1-d1951bb43f92,low
EVT_001452,invoice.created,CUST_0026,INV_28737,2024-02-05T08:59:06Z,175.31,95f9e4ce-43cc-45e0-8d97-b3076124bc15,high
EVT_001453,invoice.paid,CUST_0002,INV_73418,2024-04-21T02:07:02Z,471.29,e7537953-e097-4063-9db1-cecab5b96e95,critical
EVT_001454,invoice.paid,CUST_0058,INV_91436,2024-02-11T17:12:33Z,432.43,593be11b-4eb7-4ce2-b8b6-0d7fae3d4d32,high
EVT_001455,invoice.validated,CUST_0044,INV_43460,2024-06-22T07:28:35Z,180.8,b7b4b84b-2c3e-48f5-a05f-619dfdc0dd3a,low
EVT_001456,compliance.submitted,CUST_0044,INV_44454,2024-05-28T05:05:34Z,400.4,111cdc8e-9c9f-4919-a822-08f0b9608ae7,normal
EVT_001457,invoice.paid,CUST_0013,INV_24566,2024-02-14T02:28:46Z,156.9,5ec995c8-46e0-4ddc-8171-ca83ebf8a9ce,high
EVT_001458,compliance.submitted,CUST_0058,INV_20874,2024-03-25T16:40:19Z,256.98,560988f0-ec59-4850-b713-819b435d3ae6,normal
EVT_001459,compliance.failed,CUST_0019,INV_39079,2024-06-12T02:44:36Z,432.31,7d0aad52-a917-48da-8d9b-304c62377ed8,normal
EVT_001460,compliance.submitted,CUST_0073,INV_78818,2024-06-15T23:32:47Z,368.31,280088cb-2724-4932-ba2e-6e1abc17490a,normal
EVT_001461,invoice.created,CUST_0048,INV_99180,2024-01-31T19:49:39Z,392.87,7eec5ace-0a93-4bbd-a8bf-0dfdcf79b580,normal
EVT_001462,invoice.paid,CUST_0070,INV_36502,2024-04-28T09:14:50Z,193.86,7e4b23d5-1609-4975-b5de-98caa60ac4e9,critical
EVT_001463,invoice.paid,CUST_0067,INV_71342,2024-03-22T19:13:59Z,16.77,bf6867bf-7fff-4edb-a821-2f2d11a0f0a3,high
EVT_001464,invoice.rejected,CUST_0072,INV_37361,2024-05-09T17:39:56Z,46.23,e2a25ba6-3d0b-4236-9d13-da00ee690932,critical
EVT_001465,invoice.paid,CUST_0018,INV_31004,2024-01-28T22:07:02Z,38.47,337ea6ba-cd23-47fd-8a00-263062decaaf,critical
EVT_001466,invoice.paid,CUST_0021,INV_61249,2024-05-05T10:58:21Z,29.98,dde5ca99-f701-429d-bb3d-3faa80be7b22,high
EVT_001467,invoice.paid,CUST_0018,INV_26183,2024-06-22T07:59:48Z,36.57,f457af6e-4c77-480a-8dac-627faf403c28,critical
EVT_001468,invoice.rejected,CUST_0019,INV_52922,2024-05-10T12:51:23Z,1.53,7c7ec393-fe37-4243-8c86-4c72e2e35bba,critical
EVT_001469,invoice.paid,CUST_0030,INV_49167,2024-05-08T05:47:13Z,41.29,c9127673-095d-473f-a5ff-696a9589d256,low
EVT_001470,invoice.rejected,CUST_0044,INV_15370,2024-06-18T22:53:34Z,183.67,3c40df3f-fd4a-4361-8410-a70669ea857d,critical
EVT_001471,compliance.failed,CUST_0075,INV_73871,2024-02-02T17:03:42Z,232.15,59c962e3-7379-486d-b181-b061a40986a8,high
EVT_001472,compliance.failed,CUST_0031,INV_74819,2024-06-17T19:31:02Z,331.56,11d6c1c4-b031-4068-a78e-6d323d9c06f5,low
EVT_001473,compliance.failed,CUST_0036,INV_46158,2024-06-12T13:31:08Z,302.59,fba357be-9113-4105-b4ec-87bd25d786c4,high
EVT_001474,invoice.created,CUST_0046,INV_23255,2024-01-17T03:14:35Z,35.94,580a4267-36a1-4344-802c-b0212389630a,critical
EVT_001475,compliance.failed,CUST_0035,INV_73945,2024-01-21T04:30:50Z,317.26,a462dfb2-55af-4443-906e-9ac97fa02ee2,critical
EVT_001476,invoice.created,CUST_0006,INV_87377,2024-04-26T19:56:58Z,42.07,df3fa73d-8f8b-4d10-838b-9bcf071e6c33,low
EVT_001477,compliance.submitted,CUST_0031,INV_98160,2024-03-11T00:59:15Z,454.37,5994e762-1590-41cc-846a-256f82f9f238,low
EVT_001478,invoice.paid,CUST_0045,INV_70390,2024-05-05T15:39:03Z,493.34,0c49a080-6e54-4b4f-b82b-dfac7268d33b,critical
EVT_001479,compliance.submitted,CUST_0004,INV_33689,2024-02-11T22:49:01Z,191.89,5c46dfdf-dce7-4353-bea8-d34a9894ec9f,low
EVT_001480,invoice.rejected,CUST_0059,INV_57000,2024-06-13T22:37:51Z,41.1,522ac57e-a633-40a7-8474-ddca164664b0,high
EVT_001481,invoice.created,CUST_0058,INV_52534,2024-06-01T04:21:08Z,23.45,ce0ea2fb-deb6-45aa-9d37-6f0a8af778aa,normal
EVT_001482,compliance.submitted,CUST_0072,INV_94972,2024-05-29T16:13:47Z,16.77,41462ffa-6e3e-4538-9926-bf1b28156b88,critical
EVT_001483,invoice.rejected,CUST_0012,INV_90793,2024-03-05T19:26:58Z,170.77,47901cd8-2767-43b5-af3b-fb8fd44fc0ef,high
EVT_001484,compliance.failed,CUST_0013,INV_21853,2024-06-26T12:20:49Z,32.33,9b53d50f-15fc-4f3f-ba3d-ec139b287e3e,critical
EVT_001485,compliance.failed,CUST_0026,INV_73627,2024-02-21T09:30:00Z,18.18,bae763cf-8b07-4a54-bc8f-fb48a9b9780b,normal
EVT_001486,invoice.created,CUST_0042,INV_34876,2024-01-04T02:13:36Z,418.47,4e4e5b66-a1cb-43e5-91f2-3c0832409a36,high
EVT_001487,invoice.validated,CUST_0072,INV_62162,2024-04-14T12:26:49Z,229.13,e5e6d44b-cec5-4e02-81f1-59632d7f2f1b,critical
EVT_001488,compliance.failed,CUST_0034,INV_54585,2024-01-29T07:18:58Z,27.11,8a6bf2cb-5249-4e31-8505-0a03b1a86658,high
EVT_001489,invoice.created,CUST_0079,INV_52445,2024-04-20T16:53:24Z,212.72,90121679-57eb-4042-a57d-3dad0f65fe59,normal
EVT_001490,invoice.paid,CUST_0036,INV_39421,2024-01-06T02:50:33Z,41.83,a21457ab-24e3-4401-8d78-c89fd9e70b6c,critical
EVT_001491,invoice.created,CUST_0028,INV_48901,2024-01-29T05:30:16Z,53.12,b4848c6c-94e8-43b0-b955-9c26dbf44fb5,critical
EVT_001492,compliance.submitted,CUST_0072,INV_35197,2024-04-17T00:54:00Z,381.24,a521ae1b-fbd9-49f1-a0b2-b092512e59a4,critical
EVT_001493,invoice.rejected,CUST_0034,INV_44544,2024-05-17T05:40:29Z,22.13,71a0ad91-da5a-41d3-aaa4-05b6be72fab5,high
EVT_001494,invoice.created,CUST_0070,INV_27628,2024-03-10T08:05:10Z,419.16,09e475d5-527d-4786-b9d1-8ae0b07a1cab,normal
EVT_001495,compliance.submitted,CUST_0013,INV_72355,2024-06-27T03:45:50Z,27.23,010d496d-cd30-40a4-8b1a-7886e9f33f01,high
EVT_001496,invoice.validated,CUST_0071,INV_70986,2024-06-08T10:29:55Z,175.49,cc9ead9e-5cbb-4021-bd23-437912ad75e3,critical
EVT_001497,invoice.created,CUST_0076,INV_32458,2024-03-25T16:45:57Z,117.27,c3ab8b79-f1fe-4c63-ae18-5f62bddf5a17,critical
EVT_001498,compliance.failed,CUST_0019,INV_56453,2024-01-13T09:13:17Z,377.76,c9a761a4-41ef-443d-8a03-fc1d13fedb70,low
EVT_001499,invoice.paid,CUST_0077,INV_27479,2024-04-05T07:20:22Z,341.06,f8dec143-d30f-42bf-94e2-e56ea9cf97f6,high
EVT_001500,compliance.submitted,CUST_0043,INV_76578,2024-02-15T03:49:42Z,368.36,ff363f45-bb20-4e0c-9ada-175e643066c5,high
EVT_001501,invoice.created,CUST_0001,INV_56969,2024-04-28T08:54:57Z,29.78,777de219-2c3d-4a51-9a52-dcb2bd80bde4,critical
EVT_001502,invoice.validated,CUST_0021,INV_42610,2024-05-22T05:57:35Z,49.01,8aeebac4-2047-4eda-8055-0cea2bdd8d1d,low
EVT_001503,invoice.created,CUST_0064,INV_53488,2024-05-21T11:50:05Z,379.09,51c43817-dbc1-49ee-b87f-5b96bd630666,critical
EVT_001504,compliance.failed,CUST_0053,INV_72181,2024-03-15T00:56:36Z,101.49,dd927738-3ba1-4498-b55a-375cfeeef95e,normal
EVT_001505,invoice.rejected,CUST_0056,INV_75494,2024-06-19T16:44:15Z,89.08,e5b9ee1b-ab08-4fff-8786-1e0175b0c5e9,low
EVT_001506,invoice.created,CUST_0044,INV_78664,2024-03-28T17:12:09Z,219.0,53ff5465-2787-4086-a266-97783190f5c8,low
EVT_001507,invoice.validated,CUST_0048,INV_10226,2024-01-19T13:01:01Z,129.37,f87548c3-6e9a-4633-8981-d73df0ff7784,high
EVT_001508,compliance.submitted,CUST_0004,INV_83841,2024-06-04T08:26:53Z,253.79,c4c46d91-58cd-4fec-bef4-b648b453a842,critical
EVT_001509,invoice.validated,CUST_0024,INV_55252,2024-04-13T22:16:40Z,152.48,4edc830d-6e0d-4eb7-9dee-a71f0e4617e9,normal
EVT_001510,invoice.validated,CUST_0057,INV_76496,2024-05-17T03:54:41Z,8.29,3ed5b482-b0ec-4220-961f-320c39e4c672,low
EVT_001511,invoice.created,CUST_0040,INV_55751,2024-02-26T14:09:59Z,34.47,2d29cae9-fc87-476e-a5db-ec3fc4eb04dc,critical
EVT_001512,invoice.validated,CUST_0025,INV_90372,2024-04-27T04:31:46Z,489.73,4c778535-548a-4d13-809f-05f760ffe0b9,critical
EVT_001513,compliance.failed,CUST_0058,INV_82674,2024-01-23T14:22:39Z,86.93,73a464dd-ccd0-4e98-a5c3-52ac3c999d61,normal
EVT_001514,invoice.rejected,CUST_0052,INV_17683,2024-01-09T01:49:30Z,453.0,b4c4c8f8-2018-4542-a148-69b28f83aafc,low
EVT_001515,compliance.failed,CUST_0067,INV_95826,2024-01-18T15:52:26Z,379.43,39f32402-0189-4982-8a0f-4ccb3ee8a583,critical
EVT_001516,invoice.validated,CUST_0070,INV_47035,2024-05-04T21:31:20Z,261.79,08a54ec1-081f-481c-bc2b-b5b3e0cc0ddf,critical
EVT_001517,invoice.paid,CUST_0052,INV_20798,2024-03-25T11:53:38Z,123.69,a04bad22-8bc6-4eb2-8787-3cc1d406a48a,critical
EVT_001518,invoice.rejected,CUST_0040,INV_99660,2024-04-06T15:03:07Z,35.25,22693089-7c41-4da9-bcc2-19a7a4e37b7d,high
EVT_001519,compliance.submitted,CUST_0076,INV_81144,2024-05-25T05:14:24Z,9.49,fdb4e2e4-1ced-4711-91d6-9f7fc5951ad4,low
EVT_001520,invoice.validated,CUST_0039,INV_56106,2024-03-15T17:46:13Z,57.87,9981abb2-ee64-416b-b9ea-738fd8875a91,normal
EVT_001521,compliance.failed,CUST_0066,INV_15861,2024-03-13T00:09:53Z,45.62,4a2366d1-45c6-4af7-a1a6-c4ad780b902c,high
EVT_001522,invoice.validated,CUST_0010,INV_74916,2024-05-18T15:38:32Z,146.06,f1a270a5-a622-485f-8b3e-8e403a2e6008,normal
EVT_001523,invoice.rejected,CUST_0015,INV_10621,2024-06-28T11:36:26Z,148.94,9237ef8e-8b85-4a1f-9daa-e09b66896da1,normal
EVT_001524,invoice.validated,CUST_0050,INV_58730,2024-06-09T12:06:20Z,248.65,ce0132c0-b095-4c61-bed8-47b2fe86fe5a,normal
EVT_001525,invoice.rejected,CUST_0080,INV_65422,2024-05-09T19:35:19Z,156.53,118c4d89-5825-4cbd-986b-c473c1ea4742,normal
EVT_001526,compliance.failed,CUST_0035,INV_11340,2024-03-20T11:01:33Z,21.38,470a3243-b204-4762-8a4f-342067fde595,critical
EVT_001527,invoice.created,CUST_0033,INV_92121,2024-04-26T12:48:24Z,34.93,c33fbd80-24f1-4583-b516-e1aef4d1c903,normal
EVT_001528,invoice.created,CUST_0010,INV_25109,2024-05-03T19:25:03Z,220.75,a57524f8-43c5-4ecc-888e-7ea61b9d5c86,high
EVT_001529,invoice.rejected,CUST_0022,INV_99247,2024-05-23T17:04:59Z,154.25,110b94fe-c31e-4fda-9841-9ebfa2fd69c5,high
EVT_001530,invoice.created,CUST_0073,INV_25650,2024-02-20T18:40:28Z,20.35,86c03764-9d60-4a6f-920e-e0306f94fe03,critical
EVT_001531,compliance.submitted,CUST_0026,INV_14678,2024-01-25T16:23:56Z,66.4,2b3000da-4c82-4452-b6b8-86af6f66891e,normal
EVT_001532,compliance.failed,CUST_0011,INV_18834,2024-05-28T01:42:01Z,12.85,97d43506-15d0-4ae9-b52b-a641c358bc32,critical
EVT_001533,invoice.created,CUST_0077,INV_96884,2024-05-29T08:23:22Z,46.75,0a0dd58b-6a69-4438-8dfb-f973377e56c1,high
EVT_001534,invoice.created,CUST_0006,INV_30016,2024-04-20T10:48:23Z,192.56,81851f52-9d83-4a54-875b-8e2ab737424f,critical
EVT_001535,compliance.failed,CUST_0026,INV_17396,2024-06-24T01:35:14Z,20.17,2f6351c0-9c44-4b8a-af90-76a35abd4734,normal
EVT_001536,invoice.validated,CUST_0024,INV_54025,2024-05-01T19:01:38Z,33.24,1398ec0e-595b-4955-a959-fe773c641011,normal
EVT_001537,invoice.rejected,CUST_0078,INV_82987,2024-04-12T15:15:08Z,8.89,8ee1bfd2-4e3b-4e59-a8c6-5f4ead2c5977,low
EVT_001538,compliance.submitted,CUST_0053,INV_12288,2024-04-10T14:16:31Z,75.49,e83c0c5c-d8f6-4649-ad57-2bef4b2b076a,low
EVT_001539,invoice.created,CUST_0019,INV_99694,2024-06-24T01:23:09Z,107.18,b02e7de0-cf1a-4c30-9962-fbd799dd7ba0,low
EVT_001540,compliance.failed,CUST_0029,INV_14613,2024-05-27T23:59:55Z,61.09,487368bf-3f55-4f63-89c6-87defabf3394,critical
EVT_001541,compliance.submitted,CUST_0037,INV_60694,2024-05-13T03:10:26Z,413.06,8eb443c0-b576-4f35-abd9-c08c71d328c2,high
EVT_001542,invoice.paid,CUST_0045,INV_72800,2024-05-03T15:13:32Z,72.97,129acae3-a186-418b-b176-30c1807f9270,normal
EVT_001543,compliance.failed,CUST_0019,INV_32852,2024-02-25T16:52:51Z,48.19,9e7a10f6-8b13-48a8-8500-b68baab17a77,high
EVT_001544,invoice.rejected,CUST_0003,INV_28872,2024-03-24T20:02:17Z,3.09,c312efd8-4633-4ace-ab0f-b12f45f9a343,critical
EVT_001545,compliance.failed,CUST_0017,INV_56260,2024-06-12T03:18:52Z,110.87,1d957bbe-15e1-464a-a84d-838a7efd38a7,critical
EVT_001546,invoice.paid,CUST_0057,INV_57652,2024-03-16T10:16:29Z,241.53,11df29f0-8ae7-4107-a799-d4f6979ff8c0,normal
EVT_001547,compliance.failed,CUST_0032,INV_35030,2024-02-12T03:06:13Z,427.54,f393b277-ea09-49f4-8ab6-31b807ddf8e8,high
EVT_001548,invoice.paid,CUST_0060,INV_59127,2024-04-16T10:49:22Z,32.56,d12a472e-c359-410c-b971-6eeb48291d0f,critical
EVT_001549,compliance.submitted,CUST_0039,INV_64017,2024-06-24T16:05:45Z,3.49,f89e8837-f4cc-4bf0-8636-32f32be2e7f7,critical
EVT_001550,invoice.validated,CUST_0067,INV_68062,2024-03-24T20:15:30Z,2.17,d463c2d0-fef6-4883-b3fb-9f3a33e5e09e,high
EVT_001551,invoice.validated,CUST_0073,INV_94048,2024-05-29T08:55:06Z,167.28,d584239f-c926-4908-b4cb-1443d626d350,high
EVT_001552,compliance.failed,CUST_0060,INV_27112,2024-02-17T17:02:16Z,390.43,5593f760-1e09-428a-8c2b-8770b1b1d78c,low
EVT_001553,invoice.created,CUST_0013,INV_21239,2024-06-01T19:30:35Z,188.03,1e7049b5-f451-4c29-a6bf-ac8c0f479056,low
EVT_001554,invoice.rejected,CUST_0041,INV_36608,2024-06-29T21:23:47Z,37.44,ee728253-8b89-4f3e-9e1e-1746a12cff7b,high
EVT_001555,invoice.rejected,CUST_0080,INV_86473,2024-06-25T13:23:29Z,45.32,72f0f7a7-7693-4d68-825c-424b8a35a00a,high
EVT_001556,compliance.submitted,CUST_0039,INV_30946,2024-01-20T17:01:18Z,329.54,14e5fb2a-b940-4478-991a-8f7aa8c6b16a,critical
EVT_001557,compliance.submitted,CUST_0021,INV_92402,2024-04-19T01:32:39Z,24.01,3749a201-e730-4c8d-beae-4b8d54313c4d,low
EVT_001558,invoice.paid,CUST_0019,INV_22723,2024-06-25T13:06:30Z,70.34,10bf20aa-8c96-4beb-b9ed-015c4fe4c65b,critical
EVT_001559,invoice.created,CUST_0022,INV_86831,2024-05-28T23:07:21Z,490.45,1ce0e5c6-33d4-4995-a3e1-1a7a212f504d,normal
EVT_001560,invoice.created,CUST_0058,INV_74456,2024-06-22T14:17:10Z,47.38,30a1e49d-b2c6-4077-adbf-177cd85812dd,high
EVT_001561,invoice.validated,CUST_0009,INV_91793,2024-02-04T09:58:37Z,246.64,0ec35e36-d6f3-4722-9f5e-7db7a1cef300,normal
EVT_001562,compliance.failed,CUST_0042,INV_20888,2024-02-26T18:26:50Z,354.36,fecd8c99-deb2-46e2-b5af-4869ff967a79,critical
EVT_001563,invoice.rejected,CUST_0022,INV_35168,2024-03-11T22:01:47Z,26.16,35c32163-ab5a-4972-b94b-3dd62f512a93,critical
EVT_001564,invoice.validated,CUST_0041,INV_16817,2024-06-24T21:24:41Z,155.08,8a108d05-83ec-418e-a917-512390e439e9,high
EVT_001565,compliance.failed,CUST_0006,INV_96074,2024-02-22T23:30:37Z,23.45,82324a9c-ce0b-4053-91e1-10330e97324a,low
EVT_001566,invoice.rejected,CUST_0074,INV_59895,2024-01-04T17:32:06Z,321.18,1a54607e-873b-455c-8b08-76ec14a11d70,high
EVT_001567,invoice.rejected,CUST_0049,INV_77185,2024-03-06T04:10:19Z,167.62,ce7fd386-ba9b-4953-9f30-dbb1871e2450,normal
EVT_001568,invoice.rejected,CUST_0045,INV_82401,2024-05-19T15:19:43Z,92.25,5e944d56-9729-45a4-bfd9-a4128ad91167,low
EVT_001569,compliance.submitted,CUST_0041,INV_24879,2024-06-16T06:47:01Z,2.13,eedada3d-38c2-435b-9421-2b81ceb063e2,low
EVT_001570,invoice.created,CUST_0023,INV_30185,2024-03-13T12:06:56Z,29.02,87fe092e-0c72-4b50-85fc-d6fad1e15fa8,low
EVT_001571,invoice.rejected,CUST_0002,INV_90931,2024-05-23T00:21:18Z,137.41,ec181953-6bf6-4ba5-b840-4e8c6b905797,high
EVT_001572,invoice.created,CUST_0014,INV_17361,2024-04-28T22:45:38Z,35.5,c64e1510-b1c6-4aae-a3ae-2f3f91cc66eb,normal
EVT_001573,invoice.created,CUST_0012,INV_10503,2024-05-19T11:18:29Z,265.59,4c87e316-cd8f-4482-870b-3f11e0f85459,low
EVT_001574,compliance.failed,CUST_0050,INV_79380,2024-03-03T05:11:43Z,172.63,adc95bfa-2a11-4ad0-a4ec-db60687b5da0,normal
EVT_001575,compliance.failed,CUST_0061,INV_98625,2024-02-25T22:28:23Z,338.07,5bcdba22-aac0-480e-9f42-d0ed24b94d4e,low
EVT_001576,invoice.validated,CUST_0011,INV_44506,2024-02-04T03:31:28Z,503.49,eec646ab-8494-4860-a6a2-f46b81ed1d87,low
EVT_001577,invoice.validated,CUST_0010,INV_52127,2024-02-06T13:04:07Z,323.14,d13f3b55-e339-4e23-bc7d-82d304458e66,high
EVT_001578,compliance.submitted,CUST_0077,INV_93964,2024-03-21T01:22:23Z,457.23,4ed45278-747b-41f6-9ae7-4d5d71e57649,normal
EVT_001579,compliance.failed,CUST_0068,INV_99591,2024-01-02T08:32:36Z,13.33,ea6089d6-b7a8-4ebd-93ff-b5e66c0a9b4f,critical
EVT_001580,compliance.failed,CUST_0045,INV_17917,2024-06-24T06:51:23Z,224.94,513e0bd8-cc71-422b-b6cc-1ae8a80fdfb6,critical
EVT_001581,compliance.failed,CUST_0002,INV_21564,2024-05-24T12:32:36Z,485.32,f37c4df5-9d4a-4ffc-ab8f-fdc093e8d915,low
EVT_001582,compliance.failed,CUST_0073,INV_51820,2024-02-20T23:02:47Z,161.33,fb5bce4d-05f2-4933-a9b2-a6def9f95aa3,high
EVT_001583,compliance.submitted,CUST_0063,INV_34941,2024-03-01T20:53:52Z,75.58,285449d7-7809-422f-a605-2921c6c5d4d7,critical
EVT_001584,invoice.paid,CUST_0060,INV_70768,2024-03-03T23:39:48Z,247.64,4a7cb75c-e9ba-4535-bfa1-b202f5dcb4d5,critical
EVT_001585,invoice.validated,CUST_0054,INV_51513,2024-01-05T18:05:03Z,180.54,25d346f9-2190-48da-bfc8-f3f4eea3a309,low
EVT_001586,compliance.failed,CUST_0056,INV_32646,2024-06-02T16:04:31Z,8.4,78a7d043-d977-4b80-bbb4-b3e35a8bc56b,critical
EVT_001587,invoice.rejected,CUST_0061,INV_54212,2024-01-30T02:35:01Z,249.39,9726c80c-2c79-4a53-b841-18c7d876ad15,high
EVT_001588,invoice.paid,CUST_0030,INV_89537,2024-02-06T21:12:46Z,36.46,4ac2fed2-9a3a-4e23-8c56-7bcb39a1e371,critical
EVT_001589,invoice.created,CUST_0008,INV_18769,2024-03-09T14:49:14Z,47.69,6294a1ec-c9a6-4046-bad2-9f8574c80a18,normal
EVT_001590,invoice.validated,CUST_0067,INV_64571,2024-04-05T23:17:10Z,193.53,625bf663-5789-41e4-b57b-bbc9300d2ee8,high
EVT_001591,compliance.submitted,CUST_0080,INV_25970,2024-03-24T07:16:22Z,129.45,1a695c1e-ba9f-4f22-b380-bdae21278247,normal
EVT_001592,invoice.paid,CUST_0048,INV_18273,2024-04-19T18:37:04Z,105.5,c00a8ba7-1409-4f6b-8e81-0aad31787b28,normal
EVT_001593,invoice.paid,CUST_0041,INV_46769,2024-05-03T02:03:17Z,28.19,31658233-17dd-4ea9-968c-28c88389ccfe,normal
EVT_001594,compliance.failed,CUST_0042,INV_85009,2024-05-31T18:29:50Z,48.59,23b9e85b-5286-4af7-ae4a-eeee18602630,normal
EVT_001595,invoice.paid,CUST_0063,INV_12542,2024-04-19T09:09:32Z,16.36,53390323-50a5-46ba-80f7-6ae3b7b6c9d9,high
EVT_001596,invoice.paid,CUST_0011,INV_70645,2024-04-12T18:24:59Z,183.64,60dc660d-23de-4b9c-92ca-0e8aea58ed55,low
EVT_001597,invoice.validated,CUST_0058,INV_46203,2024-03-16T15:33:28Z,104.57,6236819b-7eff-4836-9a02-e6d2bae6b3ef,normal
EVT_001598,invoice.created,CUST_0029,INV_52888,2024-05-02T22:19:09Z,143.1,c52de482-72f5-409c-aaf8-205a1e14ef5b,high
EVT_001599,compliance.submitted,CUST_0063,INV_80295,2024-03-02T00:07:49Z,258.72,ddcbbea7-7007-4b84-afbe-b55e15696d8f,low
EVT_001600,invoice.created,CUST_0038,INV_35551,2024-05-22T09:59:04Z,125.62,e6fc3693-47af-4e43-b060-c8015ffe77d9,critical
EVT_001601,invoice.rejected,CUST_0002,INV_36770,2024-02-27T21:36:20Z,53.79,ec082b78-a705-476d-af0a-e11c69d311d2,low
EVT_001602,invoice.validated,CUST_0048,INV_68547,2024-03-31T06:46:30Z,133.29,21bbe943-87e2-4afe-9d1a-841cabcd8b86,low
EVT_001603,invoice.rejected,CUST_0036,INV_35923,2024-03-29T12:50:58Z,35.61,c5b4b344-e7d1-4054-88e6-e5a0329ae1d6,high
EVT_001604,invoice.created,CUST_0003,INV_52799,2024-01-25T01:29:07Z,298.36,fe817ada-3ede-4473-b408-b37b059af174,critical
EVT_001605,compliance.failed,CUST_0071,INV_66919,2024-01-05T22:40:36Z,32.67,52d29955-9c55-46f3-8274-f26f169e1941,high
EVT_001606,compliance.submitted,CUST_0042,INV_15161,2024-04-19T19:57:56Z,44.28,5d3e7788-a9c8-4495-9d67-5f9a07bec289,critical
EVT_001607,invoice.created,CUST_0009,INV_28338,2024-06-28T23:53:39Z,8.43,14b6d00a-3541-4416-af1a-ea602ef707f9,low
EVT_001608,invoice.rejected,CUST_0047,INV_20637,2024-03-10T08:07:05Z,353.65,1b1d8398-90ca-4a65-8896-436e7c55711f,low
EVT_001609,compliance.failed,CUST_0068,INV_61903,2024-03-21T20:20:42Z,35.03,69e278df-5e64-4686-bcf4-f52f444ba152,critical
EVT_001610,invoice.rejected,CUST_0021,INV_39805,2024-01-23T09:05:59Z,12.72,db70ad9c-c40f-465b-ae6e-67b9b34fa357,normal
EVT_001611,invoice.created,CUST_0062,INV_38704,2024-01-09T05:34:27Z,38.17,00deffbe-59da-42f8-a9f3-8e0356d095d1,high
EVT_001612,compliance.failed,CUST_0042,INV_97852,2024-03-16T05:59:55Z,20.39,717eea97-ee32-41a7-a023-6ff5e12c268b,critical
EVT_001613,invoice.created,CUST_0071,INV_36230,2024-01-14T04:43:25Z,29.89,028bfe69-d938-4426-89ea-bdcbb7776878,high
EVT_001614,invoice.rejected,CUST_0011,INV_76735,2024-04-22T22:22:27Z,266.39,820d906b-c16c-4779-9860-14f843c12f85,low
EVT_001615,invoice.rejected,CUST_0080,INV_82910,2024-02-24T15:29:56Z,460.46,ed658ba4-86ae-4e06-bb67-31b62962ac36,high
EVT_001616,invoice.rejected,CUST_0043,INV_44123,2024-02-08T00:21:56Z,147.57,1dfd50d0-79b6-4355-a07f-4da079bfb557,critical
EVT_001617,invoice.created,CUST_0027,INV_15460,2024-02-05T21:22:47Z,19.99,036a67c3-dcf4-4567-99cd-7c19fba3e86c,normal
EVT_001618,compliance.failed,CUST_0073,INV_49139,2024-05-22T20:37:20Z,151.13,71231451-96ce-483d-846b-98988d083de7,high
EVT_001619,compliance.failed,CUST_0060,INV_92066,2024-01-11T13:22:16Z,12.26,374f9973-bc79-4f9e-b991-54653325535d,low
EVT_001620,invoice.validated,CUST_0040,INV_33713,2024-01-03T09:36:12Z,80.95,333b5e1d-455f-4261-84a4-7a245f051cc1,high
EVT_001621,compliance.submitted,CUST_0059,INV_31660,2024-03-16T21:02:50Z,386.18,42e32834-1404-42d8-b40f-c45646c7db27,normal
EVT_001622,invoice.created,CUST_0010,INV_10035,2024-04-29T16:29:37Z,142.89,5f8fe4e2-f129-4e79-aa40-cf414eb00502,low
EVT_001623,invoice.paid,CUST_0039,INV_84463,2024-03-27T10:07:58Z,314.83,900bb6b8-eefd-48ce-a5d5-b161ad435928,normal
EVT_001624,invoice.rejected,CUST_0055,INV_19974,2024-05-24T01:15:18Z,14.72,4f69962c-3cd1-44a6-bf3f-21ebc0171e32,low
EVT_001625,invoice.rejected,CUST_0039,INV_69890,2024-01-28T13:00:48Z,46.58,f9c5f4fd-8236-41a7-a647-8a220df10d30,low
EVT_001626,invoice.paid,CUST_0004,INV_32882,2024-06-19T22:27:04Z,273.26,eb695c2b-09b1-4756-b283-197152f8ec5e,high
EVT_001627,compliance.failed,CUST_0035,INV_83823,2024-01-05T09:07:56Z,24.51,9da9b089-5754-4f08-95c5-41c616ec5ba0,critical
EVT_001628,invoice.created,CUST_0049,INV_75198,2024-01-06T19:20:07Z,22.19,740fc4bc-b9b0-402e-8b07-d634417b4ae3,low
EVT_001629,invoice.rejected,CUST_0009,INV_46905,2024-05-29T10:17:02Z,283.39,8fddf259-35ac-4ec4-8da9-d89ce233b73a,high
EVT_001630,compliance.failed,CUST_0025,INV_68718,2024-02-15T14:20:00Z,213.77,6184ce7c-4d9d-49c9-8903-6c1cae9a2a22,critical
EVT_001631,invoice.paid,CUST_0072,INV_40345,2024-05-16T11:58:12Z,36.06,fe13595e-2d45-4658-9581-a6573c03258e,high
EVT_001632,invoice.paid,CUST_0059,INV_81380,2024-06-08T08:48:19Z,315.84,24012486-8eba-4c86-aea9-71f6784b35b1,normal
EVT_001633,compliance.failed,CUST_0042,INV_55454,2024-05-22T18:15:24Z,137.03,c35c6172-a31b-4571-8983-e11e1d7f9116,high
EVT_001634,compliance.failed,CUST_0019,INV_74816,2024-06-07T02:34:30Z,34.11,3fa63775-9b5f-4c38-a3f8-d9a078a16997,high
EVT_001635,invoice.rejected,CUST_0018,INV_94602,2024-03-05T14:58:45Z,23.86,e08ff436-59c3-4f1b-831b-44101d2a0cf9,low
EVT_001636,compliance.failed,CUST_0044,INV_29012,2024-04-08T07:46:31Z,30.34,17425de5-d870-4856-ac65-f2e07c5a24d7,normal
EVT_001637,compliance.failed,CUST_0027,INV_61950,2024-06-09T03:18:46Z,234.91,abd09d43-b27b-4178-9f00-52bd7120c40b,low
EVT_001638,compliance.submitted,CUST_0067,INV_10529,2024-01-21T03:48:51Z,493.99,215beb6e-71fe-4707-ad8d-e2ccd781f927,normal
EVT_001639,invoice.created,CUST_0043,INV_52662,2024-04-04T23:44:38Z,169.54,ba7d5af6-c872-4f32-8892-01f9f342b025,critical
EVT_001640,invoice.rejected,CUST_0029,INV_63477,2024-04-22T01:06:19Z,270.45,a3b31804-f949-4a30-b4f3-63be39a4d1cc,critical
EVT_001641,compliance.failed,CUST_0020,INV_34684,2024-06-11T00:20:58Z,36.09,21a0d3ce-de06-456c-87c2-56ce3093d346,critical
EVT_001642,invoice.created,CUST_0019,INV_50180,2024-06-26T20:08:27Z,457.47,8eee4086-e77e-4427-b0e9-6da30726a1b2,low
EVT_001643,invoice.created,CUST_0025,INV_14076,2024-01-05T13:32:38Z,458.23,d434e2e3-5a08-4f65-b228-e18086cd92ce,low
EVT_001644,invoice.paid,CUST_0009,INV_25591,2024-02-19T05:05:15Z,325.74,7edc5fc3-b5e9-4512-a339-72ab2e4e423b,high
EVT_001645,invoice.rejected,CUST_0044,INV_37321,2024-03-16T07:02:00Z,486.9,55e328be-47da-4226-a20e-5d954c70ec8c,low
EVT_001646,invoice.paid,CUST_0063,INV_51894,2024-01-07T02:53:04Z,88.37,11a5ad67-6fb2-4a98-bb29-bd184bb3bba7,low
EVT_001647,compliance.submitted,CUST_0055,INV_91295,2024-05-13T17:04:02Z,44.15,896fb85a-3adc-4e42-999e-dd2a1cc578f1,critical
EVT_001648,invoice.created,CUST_0005,INV_72242,2024-04-04T15:40:27Z,276.56,3ccf2a5f-b84a-4bd5-8e63-2d66577e11ab,low
EVT_001649,compliance.failed,CUST_0059,INV_54221,2024-03-14T18:14:04Z,197.6,8a5374cb-128d-4e39-a755-93b5ad5c0c94,critical
EVT_001650,invoice.paid,CUST_0028,INV_22445,2024-04-29T04:07:46Z,1.5,6ae361d7-9cb2-44dd-9437-c76952e4ac78,critical
EVT_001651,invoice.validated,CUST_0009,INV_70709,2024-04-07T11:49:40Z,450.01,90f7d607-898a-4efb-a783-240ce25186b1,low
EVT_001652,invoice.created,CUST_0033,INV_77729,2024-04-23T17:22:42Z,25.06,6c7971f7-26f5-40fc-85d7-27692bb83553,low
EVT_001653,invoice.rejected,CUST_0038,INV_65932,2024-04-26T17:25:25Z,6.37,56de259a-0d07-4c93-a7ae-35e4cf3a03d5,critical
EVT_001654,invoice.created,CUST_0063,INV_60764,2024-02-18T08:37:22Z,171.02,3158a3d5-3ffd-4299-8623-c8339ca7f300,low
EVT_001655,invoice.validated,CUST_0039,INV_54573,2024-02-05T11:20:24Z,353.93,95aa17d7-941d-49e9-9f84-66b966e1f282,critical
EVT_001656,invoice.validated,CUST_0015,INV_28245,2024-01-20T17:12:00Z,7.47,6fd44997-2624-4967-80ba-972a370d81cc,critical
EVT_001657,compliance.failed,CUST_0064,INV_66357,2024-03-12T04:49:56Z,416.47,c23c8082-78e0-445f-9286-e34ce19e4bfb,low
EVT_001658,invoice.created,CUST_0054,INV_46556,2024-04-01T23:24:22Z,22.38,e3033cf4-0048-4059-b844-5d94f46d4e96,high
EVT_001659,invoice.paid,CUST_0046,INV_76468,2024-04-02T03:54:54Z,46.04,14297b92-3589-4767-985b-58381b765fa0,low
EVT_001660,compliance.submitted,CUST_0021,INV_34483,2024-01-17T18:32:54Z,116.92,3e4e58ff-e390-40c4-bcf7-4b7ad3cfb5e0,high
EVT_001661,compliance.failed,CUST_0062,INV_34315,2024-01-13T23:23:54Z,29.52,46b1f6a5-4ccb-46d2-9fca-b9238a2ca97c,normal
EVT_001662,compliance.failed,CUST_0039,INV_61211,2024-01-26T20:49:33Z,1.55,021fc5fc-a847-4bbd-88bd-4970e199624f,high
EVT_001663,invoice.created,CUST_0075,INV_49759,2024-04-13T00:23:56Z,70.56,f509b4bf-bf76-42fd-a649-24394f723e94,normal
EVT_001664,invoice.paid,CUST_0025,INV_72688,2024-05-08T22:38:01Z,321.01,c7798d76-dc93-4cd4-ad3b-3782829f4d0a,low
EVT_001665,invoice.validated,CUST_0019,INV_76829,2024-05-09T12:49:44Z,8.12,965256b3-d25a-4eae-b7ce-52773d3602b0,normal
EVT_001666,invoice.paid,CUST_0032,INV_92001,2024-05-01T17:45:23Z,18.72,b4138d0b-6298-40f8-a738-7b64ee76f09c,critical
EVT_001667,invoice.rejected,CUST_0006,INV_61724,2024-06-18T01:36:37Z,150.75,0387b5a9-2a57-4f88-835f-287701a89390,critical
EVT_001668,invoice.validated,CUST_0078,INV_26688,2024-06-11T09:46:41Z,192.41,34e511ed-f7e4-4e21-a3c1-c8d902e38001,normal
EVT_001669,compliance.submitted,CUST_0031,INV_47699,2024-04-26T07:26:37Z,61.26,bd9a5d3c-54a0-406a-ae44-190f06d6b2af,low
EVT_001670,compliance.failed,CUST_0072,INV_29079,2024-01-17T11:23:43Z,55.99,9da61f7c-e8bf-495b-a4e6-7b3dde065466,critical
EVT_001671,compliance.submitted,CUST_0044,INV_89337,2024-02-28T22:23:52Z,495.93,7f867327-02b6-47ef-84c5-ec5bb968a6f7,critical
EVT_001672,compliance.failed,CUST_0050,INV_87274,2024-05-27T01:49:20Z,388.82,34d9a7a6-7b73-4750-abe1-23d39dc132fd,normal
EVT_001673,invoice.created,CUST_0061,INV_74182,2024-03-06T10:53:04Z,48.79,63093187-9494-4d16-bc8f-ac25e6652001,high
EVT_001674,invoice.rejected,CUST_0035,INV_87913,2024-02-22T16:07:19Z,26.16,562166ce-5950-4b65-a141-25b4968eeff1,normal
EVT_001675,invoice.validated,CUST_0045,INV_53908,2024-02-29T11:41:00Z,111.73,a432b327-eb41-4717-b87e-07fcc94f1753,normal
EVT_001676,invoice.validated,CUST_0079,INV_48668,2024-06-21T22:15:56Z,422.34,11fd4d10-d769-4b6b-ab0e-90fe812b4ae8,high
EVT_001677,invoice.paid,CUST_0027,INV_86251,2024-06-03T23:05:32Z,67.58,778149b8-2191-47f1-a618-470acce61a1a,normal
EVT_001678,compliance.failed,CUST_0027,INV_54220,2024-04-26T03:29:37Z,9.97,df75be34-95d5-418a-b4d9-944c693b7b51,critical
EVT_001679,invoice.rejected,CUST_0062,INV_84473,2024-05-19T05:39:19Z,23.49,a370ce7b-d45d-47d3-9ce5-db730d4d6a83,high
EVT_001680,compliance.submitted,CUST_0016,INV_61521,2024-03-14T02:54:22Z,78.34,28782851-9398-4afd-b2d2-00503009823d,critical
EVT_001681,invoice.rejected,CUST_0071,INV_76993,2024-04-23T07:41:48Z,79.88,8d3a9183-6263-4266-a7fe-1398bec634bb,critical
EVT_001682,invoice.paid,CUST_0077,INV_67301,2024-01-21T23:41:07Z,67.92,380b7edd-0137-4c07-9121-774663829a90,low
EVT_001683,invoice.created,CUST_0006,INV_46353,2024-06-13T12:07:13Z,6.27,4e6dc3f6-c9fc-4fc7-b0f6-c7cf970b2ab3,critical
EVT_001684,compliance.failed,CUST_0027,INV_84261,2024-01-08T18:07:18Z,504.77,7f17b8bd-472a-4811-b32b-685def98f3f4,high
EVT_001685,invoice.validated,CUST_0037,INV_40210,2024-03-24T11:01:31Z,434.54,ac17b24d-ed96-451f-ac71-51cd291ce0cf,high
EVT_001686,invoice.created,CUST_0031,INV_82575,2024-01-30T10:59:12Z,164.35,f56b1907-546d-44d5-b266-38a9a83070c4,normal
EVT_001687,invoice.created,CUST_0070,INV_31023,2024-04-29T16:09:01Z,161.07,aa18ffb6-4f88-4fac-b5de-033580ce1f77,critical
EVT_001688,invoice.validated,CUST_0016,INV_63267,2024-01-19T13:55:05Z,11.83,f8a170ff-462c-4ff0-9250-91c0f91f60b6,normal
EVT_001689,invoice.created,CUST_0036,INV_41296,2024-01-21T20:27:33Z,115.28,6b0bf17f-3951-4fc3-ad4b-ade937dfe21e,critical
EVT_001690,invoice.created,CUST_0028,INV_20747,2024-02-15T02:02:26Z,116.62,9067abac-b44b-4ed0-88ca-fed393e11980,critical
EVT_001691,invoice.rejected,CUST_0003,INV_36886,2024-04-15T02:28:33Z,446.35,c0a8bd6b-d4db-4506-8d95-853c38f6883e,high
EVT_001692,invoice.paid,CUST_0042,INV_76526,2024-01-05T00:32:33Z,175.73,286b9b9f-8307-4422-b76d-6a40cdb2beb6,normal
EVT_001693,compliance.failed,CUST_0010,INV_99558,2024-04-26T16:38:47Z,168.21,4c7d7404-abc0-4ced-8ffb-38a0746bd557,high
EVT_001694,invoice.validated,CUST_0052,INV_48099,2024-02-23T05:35:35Z,45.02,f6c4c130-564e-4de9-9165-950e2618d5cb,normal
EVT_001695,compliance.failed,CUST_0009,INV_12867,2024-03-28T19:37:05Z,101.78,9901e779-fcd8-4238-aadb-e99346df951e,critical
EVT_001696,invoice.paid,CUST_0058,INV_21725,2024-06-25T13:07:24Z,102.23,8d8314ec-013b-4f95-8cc0-3d179d2e0795,critical
EVT_001697,invoice.validated,CUST_0021,INV_86741,2024-02-02T17:27:39Z,32.61,a9275fb5-82c5-4a97-b4d9-8ac615d56808,critical
EVT_001698,invoice.validated,CUST_0047,INV_21792,2024-01-10T07:35:46Z,392.02,8155f08c-ec7a-430e-985e-bcb616334a88,low
EVT_001699,compliance.submitted,CUST_0033,INV_43442,2024-01-16T09:21:24Z,93.97,408e6b93-4f0b-4980-9bfc-548e66ed791d,normal
EVT_001700,invoice.rejected,CUST_0030,INV_31840,2024-03-20T12:14:32Z,26.5,d560d5d4-465a-4f7d-8c9e-69dd90f39891,normal
EVT_001701,invoice.paid,CUST_0037,INV_65478,2024-04-16T09:34:43Z,44.85,b361b91b-50b5-4637-8af0-b528bf6d472f,low
EVT_001702,invoice.created,CUST_0009,INV_45264,2024-05-30T01:40:41Z,76.81,5301403b-725c-445e-8b6a-a3d7659ca999,high
EVT_001703,compliance.submitted,CUST_0023,INV_34485,2024-01-30T15:43:13Z,51.31,83508f11-119a-405e-8fd6-ef81dd6b112e,low
EVT_001704,invoice.created,CUST_0065,INV_61616,2024-04-07T23:11:08Z,7.61,0264fa36-cb7c-4b77-a404-c69a617c253a,normal
EVT_001705,invoice.rejected,CUST_0078,INV_85217,2024-06-11T00:01:34Z,341.94,0f67a7ac-f977-4385-a9d6-79bbc08f1ca8,low
EVT_001706,compliance.failed,CUST_0032,INV_89431,2024-02-01T11:22:46Z,37.97,1e21b6f1-498d-46ea-a121-107029651060,high
EVT_001707,invoice.paid,CUST_0059,INV_98804,2024-04-12T16:49:12Z,426.59,7b7c36f9-639d-4816-affc-aba31a4d3404,critical
EVT_001708,compliance.submitted,CUST_0067,INV_85690,2024-03-09T17:27:32Z,434.51,073a292a-ef30-43a9-801b-b6a092d45b07,critical
EVT_001709,invoice.paid,CUST_0022,INV_26546,2024-04-07T16:51:38Z,81.03,289f3c1b-6c92-4da8-a19f-781b8b264e64,high
EVT_001710,invoice.paid,CUST_0015,INV_60144,2024-04-27T08:41:18Z,19.42,356cc49b-9971-483a-8887-717d625d4030,low
EVT_001711,compliance.failed,CUST_0028,INV_29289,2024-03-25T13:45:07Z,23.05,65b7921b-56df-4db8-952a-5e8d1a4923d1,high
EVT_001712,invoice.validated,CUST_0051,INV_12146,2024-02-17T11:24:51Z,185.55,c448e920-0aab-47b7-a1a6-379fd245a4ab,critical
EVT_001713,invoice.validated,CUST_0060,INV_70725,2024-03-13T03:37:41Z,7.39,0813cdb2-7fc0-4638-b542-c11541805e88,low
EVT_001714,invoice.created,CUST_0038,INV_55947,2024-03-13T15:07:56Z,107.98,d32402b4-a7eb-47d8-b30f-638f6dd91ddd,low
EVT_001715,invoice.rejected,CUST_0077,INV_77182,2024-02-27T01:54:40Z,56.08,e1d9d350-61ed-498e-a2d2-17c575aac1ea,low
EVT_001716,invoice.validated,CUST_0046,INV_50677,2024-03-05T08:40:48Z,46.18,f80edeb9-3205-4223-832b-ce608ce30852,high
EVT_001717,compliance.submitted,CUST_0008,INV_38664,2024-01-05T19:02:00Z,105.69,93a0540b-8f0b-4709-8f17-72986e4ee8e1,critical
EVT_001718,invoice.rejected,CUST_0045,INV_47345,2024-04-30T17:40:14Z,170.18,c42cae4c-fc6c-423e-b356-2699affacfdf,critical
EVT_001719,compliance.submitted,CUST_0056,INV_14739,2024-05-28T06:49:07Z,433.67,93685a4f-2251-43e4-a116-7d47a1f172f0,low
EVT_001720,invoice.paid,CUST_0020,INV_53273,2024-06-09T03:26:27Z,115.98,709065ee-b70c-4ff6-a529-8f94e74797c8,normal
EVT_001721,invoice.validated,CUST_0019,INV_22214,2024-05-27T23:41:03Z,31.23,483b771e-1c9f-4526-bc61-b843e37ec213,high
EVT_001722,invoice.validated,CUST_0002,INV_64837,2024-01-26T19:33:17Z,28.9,75264d59-6f51-4145-8167-a3359b66f6ad,critical
EVT_001723,invoice.rejected,CUST_0071,INV_37605,2024-04-20T07:56:33Z,59.93,29f70e97-1612-45c4-8751-b0bbdf9106e0,critical
EVT_001724,invoice.paid,CUST_0009,INV_31706,2024-02-12T13:03:14Z,124.02,01e12334-752d-4451-94c9-34fa69308e1a,high
EVT_001725,invoice.rejected,CUST_0079,INV_71463,2024-05-21T08:21:42Z,374.27,4bf0ecfb-3901-427f-9f05-aee145f3840c,high
EVT_001726,invoice.validated,CUST_0042,INV_97523,2024-04-12T06:38:33Z,157.48,fb9a5315-c47c-4142-a1ca-5f03ed77b25c,normal
EVT_001727,invoice.created,CUST_0029,INV_66868,2024-06-07T05:51:27Z,99.22,d089307e-d732-40d7-9481-fb3ba3ac9543,critical
EVT_001728,invoice.rejected,CUST_0007,INV_43769,2024-04-24T21:29:18Z,6.22,559867da-f4b9-43ea-9d8e-e0e1214c6268,normal
EVT_001729,invoice.validated,CUST_0060,INV_22923,2024-06-24T18:25:10Z,125.88,22f0944f-78cc-4886-a551-2e2632f3ab64,critical
EVT_001730,invoice.rejected,CUST_0073,INV_20633,2024-03-05T07:33:54Z,495.93,ad9f6c85-5448-49c2-a726-901ad1b10450,low
EVT_001731,invoice.created,CUST_0041,INV_67098,2024-06-28T20:03:10Z,20.89,280ab1ba-1c5b-4ed5-ad2d-4b9ae4233c17,high
EVT_001732,invoice.rejected,CUST_0048,INV_40891,2024-01-23T22:58:29Z,199.67,e37f0104-275c-4732-ae94-e7eae5551e6d,normal
EVT_001733,invoice.validated,CUST_0052,INV_47547,2024-03-24T12:26:15Z,304.87,a6c07062-86eb-41e1-b7e3-ef716faeab02,high
EVT_001734,invoice.created,CUST_0076,INV_23193,2024-03-14T04:14:14Z,202.65,c0eb0638-1c46-4645-864d-6121a9400b0e,critical
EVT_001735,invoice.created,CUST_0064,INV_94930,2024-06-23T02:22:18Z,8.44,3787e9de-ae1c-4ff2-9e48-16c322cd3fbe,normal
EVT_001736,invoice.rejected,CUST_0038,INV_98963,2024-06-12T19:22:00Z,311.46,5f93e653-41bc-423f-a419-0560f8541101,low
EVT_001737,invoice.rejected,CUST_0006,INV_53272,2024-02-02T01:59:17Z,5.9,9dcb4f02-896c-40f1-a5fc-20d25b6b3a01,low
EVT_001738,invoice.validated,CUST_0025,INV_61231,2024-06-02T07:32:08Z,123.55,0d06251f-77de-43cb-b340-bbc4eb6d8c15,low
EVT_001739,invoice.validated,CUST_0079,INV_18512,2024-02-25T05:36:32Z,249.11,e6df0741-8ad3-4701-a4d3-773125db7930,low
EVT_001740,invoice.validated,CUST_0064,INV_47184,2024-04-27T18:25:06Z,407.48,bd259a25-3a38-4782-8627-c3d3b0842670,critical
EVT_001741,compliance.submitted,CUST_0058,INV_50160,2024-03-10T15:54:18Z,15.39,81fe432b-a098-4acc-89c6-1cdf8bbddfb7,high
EVT_001742,invoice.validated,CUST_0042,INV_70461,2024-02-10T21:13:17Z,224.79,eabfbe95-329b-46ad-a026-b014e529f434,low
EVT_001743,invoice.paid,CUST_0019,INV_26529,2024-01-21T21:47:58Z,440.35,22d4df50-f420-425f-9b9f-7183dd762c18,high
EVT_001744,compliance.failed,CUST_0075,INV_73123,2024-02-16T11:00:16Z,401.03,38d01e57-e13e-4095-a60d-10ca73a47e7b,high
EVT_001745,invoice.paid,CUST_0027,INV_96007,2024-06-22T21:45:00Z,2.66,4c65905f-3049-41e3-94ca-a318594e51c5,low
EVT_001746,invoice.rejected,CUST_0005,INV_61060,2024-06-12T07:54:34Z,124.64,3b6cdb98-dd8b-4187-84df-efc91ba7ab03,high
EVT_001747,invoice.rejected,CUST_0058,INV_65358,2024-01-26T19:22:26Z,434.47,531799a0-d6b3-4f9d-9355-bfe132606beb,normal
EVT_001748,invoice.validated,CUST_0001,INV_42846,2024-06-17T18:38:42Z,21.37,f3975f31-6c8d-44bd-8e05-ac8cc95504bd,low
EVT_001749,compliance.submitted,CUST_0018,INV_89157,2024-02-16T14:35:24Z,25.27,44d56ff5-fc48-4aba-92e8-2cf5eeded66a,critical
EVT_001750,invoice.created,CUST_0005,INV_92776,2024-05-29T16:28:03Z,101.44,e0aa3910-621d-43b6-be4f-e9ad5de64c45,low
EVT_001751,compliance.submitted,CUST_0014,INV_36438,2024-04-03T18:00:12Z,405.5,d0aa04cf-d67e-4e68-8928-24cd4619aef1,high
EVT_001752,compliance.submitted,CUST_0068,INV_87396,2024-03-16T20:44:53Z,335.7,a56e03db-7ed9-4f81-ad9f-2ebf15f83f2e,low
EVT_001753,compliance.submitted,CUST_0059,INV_81712,2024-05-19T15:16:56Z,199.52,d9755fb8-c681-4d56-a82e-e6203777e4c1,high
EVT_001754,compliance.submitted,CUST_0003,INV_92187,2024-03-20T02:19:29Z,59.42,aa38ca90-9be5-407e-a4cf-6cdd49d9e454,critical
EVT_001755,invoice.validated,CUST_0078,INV_51311,2024-04-21T01:14:10Z,282.59,e9ed0069-ec8a-40d3-b3e4-5f49dadf02b5,low
EVT_001756,compliance.submitted,CUST_0030,INV_43310,2024-05-09T19:07:11Z,20.35,6a515f32-0bf2-4e27-bf13-9f7a90bb99ff,critical
EVT_001757,invoice.created,CUST_0031,INV_66362,2024-03-18T02:03:42Z,450.62,36e77f29-4c61-42f5-87ad-4234839cbd82,critical
EVT_001758,compliance.failed,CUST_0003,INV_93888,2024-04-07T10:19:58Z,165.34,846504a7-fd18-4836-8968-ba13b0a68c92,normal
EVT_001759,compliance.submitted,CUST_0069,INV_47690,2024-05-08T09:49:41Z,178.29,723c04f2-fedd-489f-8b9d-d5e66fe37b97,high
EVT_001760,compliance.failed,CUST_0023,INV_36248,2024-04-15T20:10:43Z,1.7,cb1109c4-a337-40c4-8ec1-4f1958722d14,critical
EVT_001761,invoice.validated,CUST_0003,INV_43841,2024-01-20T07:31:00Z,9.28,1f9d034c-389a-48aa-a1eb-0cde90eeadfc,critical
EVT_001762,invoice.validated,CUST_0027,INV_57373,2024-05-21T14:08:24Z,296.56,0560cb9e-40e3-4e73-aa27-baaffa0d9925,low
EVT_001763,invoice.created,CUST_0010,INV_10436,2024-01-31T05:00:08Z,59.9,75fbb5fb-dc1e-4895-8fd6-f2832455b3d7,normal
EVT_001764,invoice.paid,CUST_0015,INV_54240,2024-05-28T12:41:37Z,164.9,f222af2d-319e-42ac-b6be-7e4d125b01a2,low
EVT_001765,compliance.submitted,CUST_0062,INV_46477,2024-05-09T17:05:53Z,39.49,d352e4fe-312d-46f9-bf2e-43c89d6b3bde,critical
EVT_001766,invoice.rejected,CUST_0025,INV_12389,2024-04-15T21:18:10Z,45.64,e7364b9b-366f-43bf-9f72-f72ec2241726,low
EVT_001767,invoice.rejected,CUST_0021,INV_31016,2024-01-29T07:32:15Z,260.58,1570e5f6-aa8a-4158-98f2-6749a622946e,high
EVT_001768,invoice.paid,CUST_0004,INV_66675,2024-03-07T01:21:26Z,6.07,850c2691-08f8-4e11-88ba-824ed5f7256a,normal
EVT_001769,compliance.failed,CUST_0025,INV_73363,2024-04-30T14:25:10Z,220.87,2282e0eb-efd1-4a88-9e50-c4f994d99dda,normal
EVT_001770,invoice.paid,CUST_0064,INV_60760,2024-04-18T05:56:29Z,16.79,150d1af3-bfad-4c54-bdc0-26a746c62ab4,critical
EVT_001771,compliance.submitted,CUST_0025,INV_56585,2024-01-01T17:20:40Z,149.69,1c9c9fbb-ff52-4896-818d-0f691ce46582,critical
EVT_001772,invoice.paid,CUST_0001,INV_21170,2024-03-02T04:47:58Z,7.57,2428e989-250f-4bc0-9f78-63f5e19f7a2e,normal
EVT_001773,compliance.submitted,CUST_0061,INV_82299,2024-04-05T23:48:59Z,36.57,badf952b-7c47-4d27-87fd-15c419832880,high
EVT_001774,compliance.submitted,CUST_0032,INV_65789,2024-03-01T14:17:47Z,178.8,0500112a-c674-43c5-9f54-90dd22a74fea,normal
EVT_001775,invoice.paid,CUST_0034,INV_30058,2024-06-07T09:24:23Z,506.17,3b042fc9-0fc6-41c7-9cbf-43efc6c37262,high
EVT_001776,invoice.rejected,CUST_0010,INV_49298,2024-04-06T18:11:09Z,20.94,7641c058-b613-404f-9fce-350bc4350459,low
EVT_001777,compliance.submitted,CUST_0018,INV_89024,2024-06-29T20:41:12Z,65.02,05f38185-ade6-4eb9-8d04-a73f3ff7f701,high
EVT_001778,invoice.created,CUST_0041,INV_33936,2024-06-21T12:16:59Z,29.24,a2125ea8-ba47-496c-9d02-ef27aa3e1060,high
EVT_001779,compliance.submitted,CUST_0040,INV_80950,2024-06-12T09:31:16Z,422.4,efbb7f71-b66c-415a-9acd-d4964d812877,high
EVT_001780,invoice.rejected,CUST_0071,INV_23164,2024-05-07T18:02:05Z,162.85,94ac459f-3345-4e20-9819-c7907aeedbb2,low
EVT_001781,compliance.failed,CUST_0043,INV_16822,2024-02-22T05:51:19Z,7.71,8cb26753-4886-466d-bb80-6830920fd962,low
EVT_001782,invoice.paid,CUST_0062,INV_57333,2024-01-09T06:10:48Z,249.55,7ea12db5-a42f-4f3b-a940-9b5731b9caaf,normal
EVT_001783,invoice.validated,CUST_0011,INV_34265,2024-03-05T20:50:44Z,470.41,fbbc28fe-b0d2-4ccd-8e9e-901ef28d65dd,low
EVT_001784,compliance.failed,CUST_0061,INV_26601,2024-02-12T09:54:03Z,469.51,23a9a89f-ad44-4cf4-af1c-dffe5f1c4166,normal
EVT_001785,compliance.failed,CUST_0053,INV_78547,2024-01-02T00:38:12Z,43.88,51d4e58c-3294-4862-ab87-1bce7248dd6e,critical
EVT_001786,invoice.created,CUST_0071,INV_66324,2024-02-16T04:44:56Z,260.05,f7f24daa-34e8-4718-b991-80f0bd7fbb31,high
EVT_001787,invoice.paid,CUST_0045,INV_87433,2024-01-27T10:47:13Z,284.04,63bf1959-0aee-4722-b882-be35d20d7ffd,low
EVT_001788,compliance.failed,CUST_0054,INV_89332,2024-02-19T12:22:58Z,25.39,396cc427-3bc0-418e-b0e9-2bd5b5028d3d,high
EVT_001789,invoice.validated,CUST_0017,INV_93993,2024-04-21T23:13:31Z,277.62,d802a1c8-9285-41a6-9b5d-c92c6fbda4e8,low
EVT_001790,compliance.failed,CUST_0030,INV_16103,2024-02-18T13:03:56Z,36.83,b62735f7-2056-44cc-964f-e3013248c783,high
EVT_001791,invoice.created,CUST_0015,INV_95439,2024-04-21T13:42:44Z,66.62,3a06ee4b-82b3-45c8-b10d-10b01e8ded28,low
EVT_001792,invoice.paid,CUST_0044,INV_28924,2024-02-10T01:35:00Z,147.19,dc3b8edb-d2e4-4a87-9f42-5d7a826ad7f7,high
EVT_001793,compliance.failed,CUST_0053,INV_78008,2024-03-14T12:59:05Z,262.88,f2d0d015-e5eb-4fd3-8598-ad634be88e35,normal
EVT_001794,invoice.rejected,CUST_0027,INV_34641,2024-03-16T13:51:17Z,178.72,1cfa82d1-efdf-4194-9ae4-3693061f42bd,critical
EVT_001795,invoice.created,CUST_0036,INV_43044,2024-03-25T22:40:06Z,1.15,7df3aa8d-e19d-40ae-bc2d-9432027faa3e,critical
EVT_001796,invoice.validated,CUST_0068,INV_64185,2024-02-26T03:10:38Z,6.41,039bc405-5f5b-49e2-8524-42ec6e1aad2c,critical
EVT_001797,compliance.submitted,CUST_0002,INV_18558,2024-04-01T21:25:48Z,102.18,0e1bb99c-ab96-4e51-a12b-f86d0be1fa95,normal
EVT_001798,invoice.paid,CUST_0036,INV_61196,2024-06-12T00:12:15Z,14.21,4e191e21-45f6-4a1c-9782-dca1c8bf661d,low
EVT_001799,invoice.paid,CUST_0031,INV_60407,2024-05-05T06:56:41Z,11.72,e7748543-0300-4c8b-aa88-9d299471f05a,low
EVT_001800,invoice.rejected,CUST_0035,INV_78423,2024-05-20T01:14:04Z,468.94,13efc856-dcc9-491a-ba75-8c4c6a36d34f,high
EVT_001801,invoice.created,CUST_0052,INV_84338,2024-01-04T22:36:10Z,66.07,a3af3848-f4b5-4fca-a02e-6c953434ccc6,normal
EVT_001802,compliance.submitted,CUST_0072,INV_85289,2024-06-15T04:33:02Z,129.49,d4f94d1f-33be-4319-82e7-25610e1dc86c,low
EVT_001803,invoice.rejected,CUST_0020,INV_82597,2024-01-04T19:12:10Z,21.57,68985393-b475-4315-aa6c-d618173c9665,low
EVT_001804,invoice.paid,CUST_0040,INV_42921,2024-05-19T23:32:52Z,90.79,b8162662-8772-4b68-92c9-653233773024,high
EVT_001805,invoice.paid,CUST_0013,INV_91870,2024-03-14T18:33:45Z,86.73,67e073a1-15a2-4967-b0cb-63800b1e3525,high
EVT_001806,invoice.validated,CUST_0061,INV_79794,2024-05-27T08:51:14Z,17.34,154be0ab-dfff-452b-9062-48635f45fe7a,low
EVT_001807,invoice.validated,CUST_0014,INV_40317,2024-04-19T17:49:53Z,345.73,da0ea58b-dd7b-4068-95df-dfa8d735a7ba,low
EVT_001808,compliance.submitted,CUST_0014,INV_67839,2024-05-12T05:30:25Z,83.11,18073447-ce41-4a45-88a9-bb60c2db39d0,low
EVT_001809,invoice.created,CUST_0005,INV_87004,2024-02-19T19:10:26Z,198.7,b93eb050-2840-4648-ae78-9489927bb1bd,normal
EVT_001810,invoice.validated,CUST_0012,INV_90186,2024-03-07T04:18:34Z,446.82,d2cd8645-fa14-4510-8f06-c234ae62fda7,normal
EVT_001811,compliance.failed,CUST_0006,INV_46317,2024-04-02T10:22:43Z,27.51,be132a9b-1185-4bdd-874b-5f8dd9f09173,critical
EVT_001812,invoice.paid,CUST_0028,INV_53351,2024-06-03T12:20:04Z,271.55,d58b2ff6-94ed-437e-96e5-c182dc5d5d53,high
EVT_001813,compliance.failed,CUST_0001,INV_55738,2024-03-23T22:27:24Z,46.8,9dcc3b05-16bb-4343-8f2d-a1fa746007a6,low
EVT_001814,compliance.submitted,CUST_0013,INV_12799,2024-05-01T18:59:38Z,33.7,10bd0943-b068-45cf-a8e0-2128739206c0,low
EVT_001815,invoice.validated,CUST_0023,INV_35905,2024-02-08T00:45:19Z,7.5,2b03f7c5-41a0-4c0e-92c7-42ef93a07ef9,normal
EVT_001816,compliance.failed,CUST_0005,INV_36760,2024-01-23T21:20:34Z,437.46,aeead55f-60f1-4a15-bc41-0ab4b2e608b7,critical
EVT_001817,invoice.created,CUST_0020,INV_30849,2024-05-13T13:55:34Z,316.86,03900a5c-4ce8-4445-a4b9-6c7fbbebdfe7,normal
EVT_001818,invoice.created,CUST_0054,INV_30648,2024-01-22T01:45:37Z,11.38,7629ba3a-1caa-4878-b7be-58b9bc50e2ce,normal
EVT_001819,compliance.submitted,CUST_0035,INV_82744,2024-05-18T14:04:08Z,481.09,3bea2ad4-ece7-435a-ab2c-e9b16f453aed,high
EVT_001820,compliance.submitted,CUST_0058,INV_79841,2024-01-31T13:31:26Z,33.37,0d843e7a-cb01-4a49-91ad-227df8316bf1,critical
EVT_001821,invoice.rejected,CUST_0036,INV_89466,2024-03-02T07:24:33Z,11.49,f5c3f76f-fe4f-4656-975e-855ae767c8cb,normal
EVT_001822,invoice.paid,CUST_0052,INV_80182,2024-02-27T09:17:21Z,381.4,ffa9ae7c-b5bc-4cfc-928b-6dbaebe49d9f,normal
EVT_001823,compliance.failed,CUST_0007,INV_79932,2024-02-14T14:39:21Z,349.55,75e1f191-a39e-4f07-83ee-6d0b78e71290,normal
EVT_001824,invoice.validated,CUST_0007,INV_80651,2024-04-10T13:50:33Z,43.91,b45eb9ab-0f3f-43f9-9ab9-a3388ad806e4,low
EVT_001825,compliance.submitted,CUST_0031,INV_20953,2024-04-14T15:56:07Z,130.63,452dd69d-d9dd-428c-9b8b-0217b147b96b,normal
EVT_001826,invoice.paid,CUST_0023,INV_74291,2024-01-09T13:08:28Z,42.66,9eec0269-a1af-4d35-9809-aa5b2cae6b20,low
EVT_001827,compliance.submitted,CUST_0067,INV_67979,2024-01-29T16:54:05Z,370.58,4b825d05-6b00-4030-bf58-c9cdce0520f7,high
EVT_001828,compliance.failed,CUST_0059,INV_46216,2024-02-01T23:15:10Z,49.64,1f4c679f-eb25-41af-9943-3de944d73914,low
EVT_001829,compliance.failed,CUST_0004,INV_13977,2024-06-16T13:20:21Z,431.57,e36bed5c-2b91-408e-84b5-a08814305a75,low
EVT_001830,invoice.validated,CUST_0011,INV_73016,2024-05-13T14:06:33Z,444.5,3c831965-70d2-491d-b740-ecc8e7bab1b4,high
EVT_001831,compliance.failed,CUST_0008,INV_89281,2024-06-01T21:51:23Z,72.47,9c44ff11-4402-45c6-824f-2255ee7dba06,low
EVT_001832,invoice.rejected,CUST_0065,INV_48291,2024-05-05T08:44:48Z,453.58,4e42824d-7559-455e-97d1-51548cd6a219,critical
EVT_001833,compliance.submitted,CUST_0037,INV_20040,2024-04-05T08:52:28Z,290.16,7baa706f-937e-4215-be0d-2840b24108ad,low
EVT_001834,invoice.paid,CUST_0041,INV_15293,2024-03-14T16:20:35Z,25.85,a210c8b5-cb56-4287-bdde-1de9c237fca8,low
EVT_001835,invoice.validated,CUST_0034,INV_59531,2024-06-21T00:05:36Z,312.78,0bd0c70b-1080-487a-af35-f7388b24d92b,high
EVT_001836,invoice.paid,CUST_0068,INV_59508,2024-01-30T02:51:27Z,85.37,fcdbc473-9ec8-40ca-9afb-78831f318b75,normal
EVT_001837,compliance.failed,CUST_0042,INV_16422,2024-03-12T18:18:13Z,173.24,a6683d58-4c05-40eb-91ef-b29450a285de,low
EVT_001838,invoice.created,CUST_0071,INV_91922,2024-05-18T16:49:25Z,275.0,dd521bb1-c12b-4b13-b565-26cd55b0d7cb,critical
EVT_001839,invoice.created,CUST_0080,INV_91841,2024-03-09T22:46:44Z,467.12,d0beda48-db57-4924-adc9-e9772bb5ca41,normal
EVT_001840,invoice.created,CUST_0017,INV_45102,2024-01-13T12:39:34Z,189.22,90798368-72d3-4919-979c-1ea63fe0a039,low
EVT_001841,compliance.submitted,CUST_0072,INV_10651,2024-06-26T17:18:14Z,500.19,65eaf738-1787-4842-b92d-6c2a9576c9d3,normal
EVT_001842,invoice.paid,CUST_0071,INV_42638,2024-04-01T23:19:50Z,438.32,bf2998a4-60d4-4333-b314-b39daea15536,low
EVT_001843,invoice.validated,CUST_0052,INV_30297,2024-02-22T00:02:09Z,324.83,a7dfa935-08cc-4597-bc24-53811c8b07a8,high
EVT_001844,compliance.submitted,CUST_0022,INV_94565,2024-04-11T07:24:27Z,33.81,0d0ed25e-5314-463f-971e-e728ea48e15a,low
EVT_001845,invoice.paid,CUST_0032,INV_27106,2024-06-19T18:30:57Z,19.04,08ebefed-59e7-42f4-a1e5-a0c0e97bdeed,low
EVT_001846,invoice.rejected,CUST_0040,INV_20769,2024-05-31T03:07:00Z,321.74,c5eaf93f-9817-4962-b79f-759902c1c177,critical
EVT_001847,invoice.rejected,CUST_0021,INV_48091,2024-03-09T20:54:37Z,43.45,3139aa5e-9e85-4d40-8d25-6bfba0fcf982,high
EVT_001848,compliance.failed,CUST_0044,INV_34504,2024-04-15T12:45:00Z,15.4,bd4aaf56-9dd8-4ee2-935e-91a5e9151445,low
EVT_001849,invoice.rejected,CUST_0061,INV_63895,2024-03-14T06:12:39Z,360.05,378c8727-955d-43fb-bf22-8d3097c30e17,low
EVT_001850,invoice.created,CUST_0029,INV_58283,2024-05-21T21:40:55Z,154.61,30901479-0a99-4b4c-855b-e320c7dfe740,high
EVT_001851,compliance.submitted,CUST_0018,INV_18064,2024-03-31T10:14:19Z,290.39,9d8f36ba-653d-4200-88da-3462b419acd8,low
EVT_001852,invoice.validated,CUST_0038,INV_38329,2024-02-16T08:58:06Z,310.78,d6a30f02-a435-4ff4-8616-5250a66a1f7a,high
EVT_001853,compliance.failed,CUST_0076,INV_26014,2024-03-02T04:21:01Z,20.34,c5597202-8249-4aae-9434-45d688a5bcd5,low
EVT_001854,compliance.submitted,CUST_0013,INV_69604,2024-05-18T02:55:26Z,445.66,d1703a0b-8f95-427f-b622-5d2e5d85e3db,low
EVT_001855,invoice.validated,CUST_0078,INV_87767,2024-02-08T13:37:51Z,5.48,82dfacf7-ae1e-4aae-8b3f-dca986622888,critical
EVT_001856,invoice.created,CUST_0042,INV_63300,2024-02-13T19:55:13Z,498.34,4be3fe3d-b6df-4e2c-8b63-c30d4037b56c,critical
EVT_001857,invoice.created,CUST_0042,INV_70517,2024-03-16T14:27:32Z,443.02,36d9e3bc-0463-42af-9d71-2cda4b724db0,low
EVT_001858,invoice.validated,CUST_0002,INV_37355,2024-06-25T23:56:55Z,41.2,8880446c-54e7-4d5c-859b-ab44f8f2d5f1,high
EVT_001859,compliance.submitted,CUST_0054,INV_26765,2024-01-22T18:01:33Z,204.09,56dd78c2-2d0b-41a3-aaae-f612aab271dd,critical
EVT_001860,compliance.failed,CUST_0043,INV_75188,2024-04-01T16:57:06Z,13.93,aca4fbaa-7f60-4e7a-9196-3fbb93f07304,critical
EVT_001861,compliance.submitted,CUST_0001,INV_99144,2024-06-20T07:43:43Z,11.47,62a32e9f-617f-4cc1-a2dc-6b3b2e28da24,low
EVT_001862,compliance.submitted,CUST_0010,INV_19294,2024-03-01T10:25:36Z,399.46,bff03497-df0a-4731-842a-8716701350be,high
EVT_001863,invoice.rejected,CUST_0014,INV_39601,2024-04-14T16:59:26Z,12.34,020c9db6-19f2-40cb-9fb9-6e51180cc23e,normal
EVT_001864,invoice.validated,CUST_0053,INV_30667,2024-02-07T19:23:43Z,47.14,e13dd988-40ae-46c4-936e-aa17685a3d61,normal
EVT_001865,invoice.rejected,CUST_0058,INV_54262,2024-02-23T09:41:04Z,491.34,32eb03f9-206a-4f06-adf0-fc6dd883375b,high
EVT_001866,compliance.submitted,CUST_0017,INV_63378,2024-04-10T21:53:07Z,47.09,bf7f3901-4182-43c9-ac18-75613100c2cf,high
EVT_001867,invoice.paid,CUST_0031,INV_66186,2024-04-05T14:38:10Z,214.46,8f114863-1ac6-4759-b363-f4ff48c17782,low
EVT_001868,invoice.validated,CUST_0015,INV_65904,2024-05-24T22:12:36Z,39.24,798dfef5-5e48-45a9-a57d-7c7b4ec23454,low
EVT_001869,invoice.validated,CUST_0067,INV_57359,2024-06-20T20:06:24Z,20.14,5489610e-50bd-493c-ac8b-14abef41807e,critical
EVT_001870,invoice.paid,CUST_0020,INV_19526,2024-05-12T23:54:11Z,16.7,304463d0-bd17-423b-a427-7eac5e0857e8,normal
EVT_001871,invoice.rejected,CUST_0033,INV_56634,2024-06-23T06:37:24Z,114.47,e306522f-4836-42b3-90f6-d5b28ecf4dfe,low
EVT_001872,invoice.paid,CUST_0063,INV_65636,2024-05-01T15:08:03Z,38.39,ab8f5699-3075-449b-aea6-7f6fdb224036,high
EVT_001873,invoice.created,CUST_0038,INV_25181,2024-05-25T13:41:03Z,201.55,de9b3752-147d-4362-8d58-9985941e8d61,critical
EVT_001874,invoice.rejected,CUST_0025,INV_41119,2024-03-07T12:40:29Z,371.69,5e54e791-698f-4738-8def-9f35708e195b,normal
EVT_001875,invoice.validated,CUST_0053,INV_40637,2024-01-09T22:56:14Z,32.61,3e23508e-c76c-4b50-a9b3-c94b65c35436,high
EVT_001876,compliance.failed,CUST_0058,INV_12366,2024-05-14T04:47:44Z,314.89,17aaa4da-b277-43a0-a0f8-356fa8fb466c,low
EVT_001877,compliance.submitted,CUST_0038,INV_33826,2024-02-25T11:45:31Z,157.2,c4699150-e042-4dea-9a65-c7539cb6f826,normal
EVT_001878,compliance.submitted,CUST_0052,INV_85076,2024-05-26T20:14:04Z,439.19,413364a6-3f78-4839-899c-a02aa529438a,critical
EVT_001879,compliance.submitted,CUST_0038,INV_94115,2024-06-10T05:23:43Z,427.68,ac30e012-3338-4996-93a9-7564ff0b3a8a,critical
EVT_001880,compliance.submitted,CUST_0012,INV_48738,2024-06-21T15:44:44Z,380.74,7d5bea43-adbf-4ed1-be8e-325df196b4be,normal
EVT_001881,compliance.submitted,CUST_0019,INV_23493,2024-03-05T03:33:37Z,476.85,7ca4f113-4436-478f-b104-6d94288d1c4d,normal
EVT_001882,invoice.validated,CUST_0023,INV_24202,2024-06-21T22:12:56Z,167.05,a4d8569e-8189-43a5-84ee-b3136fbb27a5,normal
EVT_001883,compliance.submitted,CUST_0056,INV_83380,2024-03-19T11:45:54Z,48.07,45f56edc-b474-4ee3-a26d-cd82dea3db3c,critical
EVT_001884,compliance.failed,CUST_0020,INV_25429,2024-03-18T06:47:07Z,478.18,fd6f8064-cf9d-46f4-bb43-25cd7bab4245,critical
EVT_001885,invoice.validated,CUST_0023,INV_50567,2024-05-25T11:52:54Z,271.17,33864d33-c89f-470d-83cd-544c405a91b6,normal
EVT_001886,compliance.failed,CUST_0042,INV_88957,2024-05-10T03:06:33Z,480.34,541505f6-2812-42ee-9dd8-11347dd5fff1,normal
EVT_001887,invoice.created,CUST_0072,INV_47316,2024-05-26T23:55:57Z,499.53,54777441-0de5-4735-9f8f-df12ff952b00,low
EVT_001888,compliance.failed,CUST_0019,INV_84221,2024-06-24T04:46:58Z,30.89,4a1eea1e-8af5-41c5-9571-270951874c92,critical
EVT_001889,invoice.rejected,CUST_0076,INV_81368,2024-05-28T04:19:41Z,283.0,c6aa00af-c892-4211-870c-f594c790ce1e,critical
EVT_001890,invoice.rejected,CUST_0074,INV_63336,2024-03-14T10:59:15Z,267.59,5086c828-c1be-4c9c-b23b-9fff3756d5cf,critical
EVT_001891,compliance.failed,CUST_0055,INV_99872,2024-01-20T01:53:28Z,164.97,e83e9fc5-bc59-48b3-a71b-5bf29cb2b349,high
EVT_001892,invoice.validated,CUST_0016,INV_45002,2024-02-18T22:04:53Z,72.34,07b202c2-dac2-40bc-b6d8-b5e78cdf4591,high
EVT_001893,invoice.created,CUST_0006,INV_31527,2024-06-14T22:53:48Z,202.03,05ad9091-9b93-48ee-8304-f7fb52b9886b,critical
EVT_001894,invoice.paid,CUST_0077,INV_18205,2024-03-16T20:40:04Z,67.52,ec04feaa-dcba-4209-9b2e-9229e58191a2,normal
EVT_001895,compliance.failed,CUST_0010,INV_35340,2024-01-16T18:29:06Z,40.9,c31a7f36-dd30-44c5-b6da-9cb3713a5ee8,low
EVT_001896,compliance.submitted,CUST_0009,INV_17338,2024-03-13T20:31:07Z,291.43,0203979b-3105-4f32-8a07-6bef4a948505,low
EVT_001897,invoice.paid,CUST_0042,INV_63449,2024-01-11T13:09:57Z,362.8,50bed717-c9c8-45a0-99de-1076f76cee16,critical
EVT_001898,invoice.validated,CUST_0053,INV_16592,2024-05-01T17:55:39Z,36.77,a8b8f20f-c0d6-462f-85cc-28930c1e316f,critical
EVT_001899,compliance.submitted,CUST_0057,INV_46896,2024-03-26T23:06:28Z,20.15,17270c62-9214-4fd2-99d7-cf80fcd922d3,critical
EVT_001900,invoice.validated,CUST_0053,INV_88159,2024-05-10T08:55:12Z,449.18,68468d87-c71d-41e1-980f-95a658ff9f64,critical
EVT_001901,invoice.paid,CUST_0061,INV_16251,2024-06-28T04:41:39Z,49.12,3dec0e70-cd34-459a-bff7-2c05ea874564,high
EVT_001902,compliance.submitted,CUST_0003,INV_98425,2024-03-18T03:27:13Z,27.14,217807b6-f44a-4414-b054-8017aee3110d,critical
EVT_001903,invoice.validated,CUST_0030,INV_51182,2024-01-18T07:38:26Z,189.59,ccf263d6-d5b6-4072-80ea-1363cbcc4828,low
EVT_001904,invoice.created,CUST_0060,INV_70850,2024-04-15T18:25:04Z,1.52,6bce5dbf-f9c5-47a6-9260-718d2d0f036a,low
EVT_001905,invoice.validated,CUST_0011,INV_10060,2024-04-27T01:50:39Z,331.63,4e53d09f-b5f8-40df-9faa-c146ac7c99eb,high
EVT_001906,invoice.paid,CUST_0017,INV_81580,2024-03-31T19:46:08Z,29.1,bd7b1e0c-2db5-446a-9c5e-888c2583c8b3,critical
EVT_001907,compliance.failed,CUST_0010,INV_81458,2024-06-22T02:13:39Z,15.54,3d48f9cd-1ba6-41b1-b476-e9ad4012e803,high
EVT_001908,invoice.paid,CUST_0007,INV_48537,2024-01-28T08:24:49Z,195.96,ee8456a5-43ef-42f5-8780-de6a6e2636c7,high
EVT_001909,invoice.paid,CUST_0007,INV_36855,2024-02-15T22:12:17Z,324.29,e028ffb8-e9c2-4275-b129-817f72a070e8,low
EVT_001910,invoice.paid,CUST_0019,INV_75491,2024-06-24T17:48:18Z,33.7,c7d6891f-92f0-4a6f-abad-1958360ddc99,normal
EVT_001911,invoice.paid,CUST_0012,INV_87200,2024-06-19T12:37:20Z,77.36,8f87cd92-f69a-40c2-b39e-9a2bb72cfb62,critical
EVT_001912,compliance.submitted,CUST_0022,INV_54582,2024-04-21T04:08:08Z,428.14,776fc069-da67-42a8-9258-09950866e6f8,critical
EVT_001913,invoice.paid,CUST_0030,INV_40360,2024-05-27T03:58:10Z,473.51,9a56c7ce-fad4-4595-917a-f21a00cf74f1,normal
EVT_001914,invoice.rejected,CUST_0070,INV_63533,2024-05-12T08:10:05Z,434.08,5d0cdc47-32fb-47a7-9b92-96d701e21c36,low
EVT_001915,compliance.failed,CUST_0064,INV_87150,2024-06-01T13:11:49Z,27.69,fa0a39c9-4243-404a-a6a4-7b3daee828ac,critical
EVT_001916,invoice.created,CUST_0062,INV_62777,2024-05-15T22:45:22Z,480.9,d8b5f885-9a3e-4ae8-8c01-b10c53fd31e9,normal
EVT_001917,invoice.created,CUST_0002,INV_59298,2024-03-11T21:25:31Z,27.49,bd40d47a-da06-4458-b9d3-fe8939fd879b,normal
EVT_001918,compliance.failed,CUST_0045,INV_30868,2024-03-04T16:04:51Z,109.0,589c55c2-df6b-49f8-aae2-8ff188ac56a9,low
EVT_001919,invoice.paid,CUST_0043,INV_23749,2024-04-14T16:16:09Z,34.65,1789a39b-f59b-4749-bee2-af5a12a223a6,normal
EVT_001920,invoice.validated,CUST_0010,INV_52911,2024-04-20T19:16:25Z,28.83,c5dd132f-66e1-4e99-ae27-983dd05a01d9,high
EVT_001921,compliance.submitted,CUST_0031,INV_89817,2024-03-24T11:45:49Z,27.55,7810ed5c-8d3b-47a2-8a87-753661f23abc,normal
EVT_001922,invoice.rejected,CUST_0005,INV_14444,2024-06-14T05:21:11Z,271.7,8c5f837f-bfc1-4fb5-8ccb-212fb75a7ba3,critical
EVT_001923,compliance.failed,CUST_0077,INV_42869,2024-05-19T04:18:07Z,240.56,2482a53d-6eaf-4331-b0a5-1653e14cb43c,high
EVT_001924,compliance.submitted,CUST_0079,INV_92511,2024-04-09T11:03:04Z,308.2,0d0a0fc5-5fc0-4633-9355-eb6ee138bfbe,critical
EVT_001925,compliance.failed,CUST_0005,INV_67855,2024-05-15T00:14:28Z,273.41,a0b3bfa4-f2dd-4a27-bee9-bf6617973327,critical
EVT_001926,invoice.paid,CUST_0058,INV_35688,2024-03-16T19:50:38Z,258.27,d299e3fe-58b6-4c82-9d23-ebbf56a6a142,critical
EVT_001927,invoice.created,CUST_0036,INV_90481,2024-03-14T21:01:03Z,144.17,424991d9-f359-4972-b14a-8d80795ecf26,critical
EVT_001928,invoice.validated,CUST_0050,INV_91741,2024-04-15T05:47:41Z,29.16,9cf723f3-f25f-44c0-805c-742acc280c76,normal
EVT_001929,compliance.submitted,CUST_0041,INV_35710,2024-04-10T05:16:44Z,446.64,58014124-0034-4203-9f5a-4713199f90e6,high
EVT_001930,invoice.paid,CUST_0068,INV_94351,2024-01-01T03:03:02Z,10.13,3a7341f3-aa92-4df0-8531-759118ff5472,high
EVT_001931,invoice.rejected,CUST_0004,INV_61138,2024-05-08T20:27:39Z,413.91,2d25f804-6ae8-4037-9abe-a135c32e3ed4,low
EVT_001932,invoice.created,CUST_0004,INV_32009,2024-05-10T16:27:35Z,131.27,d4e3728a-3e6f-4d18-9f7e-ce36d8ed6f46,high
EVT_001933,invoice.validated,CUST_0035,INV_78627,2024-02-18T18:42:12Z,139.04,8d30ac19-4226-42b9-bab7-def57b87c7e8,high
EVT_001934,invoice.validated,CUST_0024,INV_93092,2024-05-03T22:41:57Z,152.53,732dd0e3-9c50-4aab-a49c-07c720320341,critical
EVT_001935,invoice.validated,CUST_0029,INV_81589,2024-06-17T05:12:50Z,188.57,bf6740bc-94a2-4c24-b038-bfa0ce973605,critical
EVT_001936,invoice.created,CUST_0022,INV_99714,2024-02-20T15:04:56Z,99.18,b6e6597a-b756-4d81-bbfd-688019103860,critical
EVT_001937,invoice.rejected,CUST_0023,INV_60997,2024-06-26T11:20:01Z,325.94,02285a0c-172d-499f-9ffc-50af372bf5eb,normal
EVT_001938,compliance.submitted,CUST_0029,INV_89683,2024-03-07T16:00:38Z,269.75,9653897a-0a31-4c63-8d64-76f96caca30b,low
EVT_001939,invoice.paid,CUST_0072,INV_58395,2024-05-17T23:42:26Z,192.74,165785da-1641-4454-8cd6-be8276df6c37,critical
EVT_001940,invoice.created,CUST_0072,INV_89938,2024-03-03T23:42:12Z,123.17,83cca1ff-6100-4adc-a438-c1347c22ddbf,normal
EVT_001941,invoice.rejected,CUST_0001,INV_92329,2024-02-07T16:50:56Z,478.89,9e073b3b-7452-41e8-b868-3f7207958424,low
EVT_001942,invoice.paid,CUST_0015,INV_88512,2024-06-26T10:59:28Z,362.72,566b08d3-6d1e-49f1-bdde-22fe06b36e47,high
EVT_001943,invoice.rejected,CUST_0075,INV_14940,2024-02-15T19:55:25Z,5.21,e41af62a-7ba0-458c-8cea-b5a026946e83,high
EVT_001944,invoice.created,CUST_0038,INV_52830,2024-03-29T02:17:12Z,41.55,3dc05e7f-5009-42f3-b659-00d9ebade554,high
EVT_001945,invoice.validated,CUST_0080,INV_64982,2024-06-21T01:31:12Z,24.32,a9b5eaf6-dbb7-4505-88eb-1311715c20b0,critical
EVT_001946,invoice.rejected,CUST_0058,INV_16002,2024-06-14T08:33:14Z,1.79,bbb86541-67fb-4972-bb23-b250d4d17b9d,low
EVT_001947,invoice.created,CUST_0037,INV_14612,2024-05-29T11:20:19Z,319.47,6463126a-af0b-4720-8d4b-a61a3c8b2b52,low
EVT_001948,invoice.paid,CUST_0076,INV_83595,2024-04-11T16:43:00Z,159.88,5b31b95b-9aa4-473e-80f8-afd0c60061ed,low
EVT_001949,invoice.validated,CUST_0035,INV_40803,2024-03-11T02:19:10Z,129.02,f21fd2a0-b077-441d-8793-efda57784f03,critical
EVT_001950,invoice.validated,CUST_0021,INV_53370,2024-06-21T20:33:50Z,186.93,42155f76-35a3-4b17-a33f-6596bfb40044,low
EVT_001951,compliance.submitted,CUST_0042,INV_76380,2024-06-16T18:41:32Z,163.14,1bb2f9b2-a91c-43e0-8d8a-25ab430737ae,high
EVT_001952,invoice.paid,CUST_0022,INV_54287,2024-01-27T20:08:51Z,197.47,76c151dd-07bb-428c-a673-9d45539f00db,high
EVT_001953,invoice.rejected,CUST_0076,INV_51592,2024-03-22T22:29:51Z,289.87,a312c080-d01c-47e7-b5a0-ce26b7fc6574,normal
EVT_001954,invoice.created,CUST_0039,INV_20876,2024-04-29T07:13:48Z,40.81,bda095f7-65da-44bf-8ce9-8d3a12da9d76,low
EVT_001955,invoice.validated,CUST_0006,INV_50218,2024-01-09T07:48:42Z,19.25,e5ecb862-261a-4dbc-a848-7238a65f6295,low
EVT_001956,compliance.failed,CUST_0031,INV_25169,2024-01-26T11:06:01Z,40.17,0b11cd0b-cb8e-44a4-ab3a-ccaaf25c98bb,high
EVT_001957,invoice.created,CUST_0044,INV_78391,2024-04-03T07:25:42Z,11.0,3a6432eb-6241-4135-9abf-7d32b943f197,low
EVT_001958,invoice.rejected,CUST_0037,INV_78132,2024-02-28T21:18:19Z,382.97,e640ed8e-4c33-4c3c-8831-f65105bec4aa,critical
EVT_001959,compliance.failed,CUST_0019,INV_39109,2024-04-07T00:13:56Z,446.11,1a7a763d-8cc5-4aae-a630-345a791b1bab,high
EVT_001960,compliance.failed,CUST_0053,INV_10834,2024-01-30T01:40:27Z,507.25,5e54ebcb-5343-4a6c-8e93-800e5d087f50,normal
EVT_001961,invoice.validated,CUST_0048,INV_19121,2024-02-25T21:46:23Z,253.94,c9d1c3f2-22f7-4938-9e35-7275adbbe631,low
EVT_001962,invoice.created,CUST_0018,INV_26553,2024-02-06T23:26:19Z,10.81,7abeb66e-e436-4208-9ec9-05d2b298e17a,high
EVT_001963,invoice.created,CUST_0080,INV_59434,2024-01-18T23:33:58Z,182.82,d27a35de-bb30-490c-b56c-9afeeefc69f8,high
EVT_001964,invoice.validated,CUST_0063,INV_82449,2024-02-01T02:21:24Z,53.63,6aa155e5-70a6-4a66-b7d0-b23786f1de7b,critical
EVT_001965,invoice.created,CUST_0067,INV_97183,2024-05-17T02:58:31Z,168.04,2adb61fa-487e-4109-b184-29b1febc8fdb,critical
EVT_001966,compliance.failed,CUST_0042,INV_57603,2024-02-20T13:16:31Z,28.54,862fd788-aa95-4515-bea1-aedbff3389a8,low
EVT_001967,compliance.submitted,CUST_0042,INV_21827,2024-01-28T15:50:43Z,166.33,fc23b587-3afe-4ad8-a2f0-da8a09040175,critical
EVT_001968,compliance.failed,CUST_0071,INV_23402,2024-02-16T19:33:21Z,132.41,3e12aeda-e1df-4fcf-8065-d79f18b2106e,low
EVT_001969,invoice.created,CUST_0061,INV_69921,2024-02-04T02:07:03Z,445.61,6712e451-af09-49ea-bd33-76b36e333e97,normal
EVT_001970,compliance.submitted,CUST_0073,INV_34398,2024-05-07T06:22:01Z,47.88,6aa53316-985f-4871-a37c-234ae8202802,normal
EVT_001971,compliance.submitted,CUST_0074,INV_38062,2024-04-20T01:49:37Z,498.07,e440ff4d-b8ec-48ec-8bcf-d8628987ed76,critical
EVT_001972,compliance.submitted,CUST_0042,INV_19877,2024-05-07T14:59:36Z,32.38,98841808-644b-4b6a-95af-0a9d6c7575fd,normal
EVT_001973,invoice.rejected,CUST_0042,INV_42049,2024-05-06T20:41:25Z,178.35,94b171bf-fe74-42b3-85e0-fe655b389b68,high
EVT_001974,invoice.created,CUST_0035,INV_74107,2024-03-22T03:26:25Z,119.45,bcf83d7a-ac87-4b72-b0eb-f67f0898d3d6,normal
EVT_001975,invoice.paid,CUST_0021,INV_47990,2024-06-05T22:40:47Z,52.93,8ea803f8-0595-41d6-afea-929881a918e5,critical
EVT_001976,compliance.failed,CUST_0079,INV_25267,2024-05-18T22:25:45Z,457.36,9a37b6d6-32ee-4f1e-8436-314e5ab84af8,critical
EVT_001977,compliance.submitted,CUST_0001,INV_32849,2024-02-06T06:31:35Z,303.31,ebd4e2bd-af17-4c2d-8f5d-0a0f3b48b523,critical
EVT_001978,invoice.paid,CUST_0068,INV_24747,2024-06-25T19:59:57Z,11.5,9de40bed-2ffd-483d-aea9-0dcc27607cdf,normal
EVT_001979,invoice.created,CUST_0017,INV_98502,2024-01-29T23:30:24Z,64.78,286e3938-474e-4d6f-9687-548d647267a7,low
EVT_001980,invoice.validated,CUST_0071,INV_14935,2024-02-06T14:11:46Z,372.91,a2349267-856c-4c9c-b8b7-13ac8bfaa759,critical
EVT_001981,compliance.submitted,CUST_0067,INV_84569,2024-04-07T18:17:49Z,416.32,a5715689-eaf9-42c4-83c6-10f78a4b25dd,high
EVT_001982,invoice.validated,CUST_0066,INV_41037,2024-03-10T09:26:17Z,32.23,9ac701b4-e7e2-4313-a812-768c9b03e19d,normal
EVT_001983,invoice.rejected,CUST_0003,INV_40970,2024-02-24T00:10:50Z,454.18,16c9fc30-17c6-4e35-b032-ffadf0aaacf4,high
EVT_001984,invoice.created,CUST_0015,INV_55467,2024-03-30T08:45:22Z,265.54,ceb89d83-362d-4fe4-924f-7c7be1634d42,low
EVT_001985,invoice.validated,CUST_0003,INV_94267,2024-05-31T06:08:45Z,427.69,0a9dd2e6-8bf8-4173-94f6-11fe675f61df,high
EVT_001986,invoice.rejected,CUST_0004,INV_36062,2024-01-18T22:57:54Z,24.42,f319cbf6-5c8d-4449-a3a6-a4fa7548cf01,low
EVT_001987,invoice.validated,CUST_0079,INV_10643,2024-06-08T20:37:09Z,225.79,602b4035-d388-41f3-a4cb-7742570f4733,critical
EVT_001988,invoice.created,CUST_0012,INV_29029,2024-04-28T04:44:04Z,20.49,2a0f6204-3c46-48cd-b3aa-24a554a56b4d,normal
EVT_001989,compliance.failed,CUST_0021,INV_70338,2024-01-23T22:17:20Z,21.1,ba1b9305-180c-45c4-bdf7-e65007fe4e9f,low
EVT_001990,invoice.paid,CUST_0015,INV_62782,2024-01-22T21:15:53Z,213.06,57653dfe-2d34-4467-88a0-9585a8c1fe78,low
EVT_001991,compliance.failed,CUST_0058,INV_54949,2024-01-27T09:44:39Z,33.42,9b211def-772a-4fa7-bbd3-e7e88f42d93d,normal
EVT_001992,compliance.failed,CUST_0080,INV_38061,2024-05-25T00:12:53Z,135.78,d1ae7a4a-fdb9-403f-8800-ebca1333bf1e,normal
EVT_001993,compliance.failed,CUST_0069,INV_33440,2024-01-03T14:29:26Z,453.11,ab5d5086-aaed-4dfb-8d11-b143f7c226fa,low
EVT_001994,invoice.rejected,CUST_0020,INV_33086,2024-05-28T10:10:34Z,446.43,36b188aa-ae3d-4d6f-bd00-5aef375251f1,critical
EVT_001995,invoice.rejected,CUST_0068,INV_11145,2024-01-28T07:17:44Z,242.01,9f1dd81d-c798-4ea3-bc4b-ade899acde33,high
EVT_001996,invoice.created,CUST_0049,INV_87516,2024-01-26T00:17:09Z,177.03,3e4c3151-3cf0-4d9c-b4f4-84af87b0d506,critical
EVT_001997,compliance.failed,CUST_0009,INV_95872,2024-06-06T09:02:19Z,423.29,8d82f2db-db5a-4c46-bef3-83b43a250f6c,high
EVT_001998,compliance.failed,CUST_0017,INV_86475,2024-05-31T07:25:23Z,52.56,9f6c340b-dafa-4b4b-96f7-c6c6b28827b8,low
EVT_001999,invoice.validated,CUST_0019,INV_65556,2024-02-23T11:44:44Z,132.45,16667c50-9aab-4e7d-a302-6ad91b8dc519,high
EVT_002000,invoice.created,CUST_0017,INV_43994,2024-02-11T04:03:01Z,47.13,9f828d60-7dd3-41b0-92b4-148411969973,normal
EVT_002001,invoice.created,CUST_0062,INV_65372,2024-06-29T14:58:38Z,349.54,df557133-e6b6-4fe1-af2d-a819396cf034,critical
EVT_002002,invoice.validated,CUST_0036,INV_88520,2024-01-12T17:03:36Z,31.35,8d738fbf-aa85-4cfb-b953-844f860c1e47,critical
EVT_002003,compliance.submitted,CUST_0055,INV_12933,2024-06-16T09:02:41Z,468.32,86b679a8-7b93-4c33-b2fe-dff0efe2e214,low
EVT_002004,invoice.rejected,CUST_0044,INV_30787,2024-03-03T00:40:32Z,41.56,7825070f-17d6-46ce-846b-5ed8ef39ef4b,high
EVT_002005,invoice.created,CUST_0005,INV_26343,2024-02-18T11:40:27Z,104.48,9c8f7e54-24f0-4da0-8d79-d6b9609e7c50,critical
EVT_002006,invoice.rejected,CUST_0048,INV_91645,2024-03-23T04:12:15Z,116.42,ab90e302-ac79-40d4-b8da-5da31e440a20,high
EVT_002007,invoice.validated,CUST_0037,INV_42256,2024-03-23T13:26:10Z,176.24,6ef37792-b91e-4af7-a040-73e671128dc9,critical
EVT_002008,invoice.created,CUST_0056,INV_15783,2024-01-01T12:43:55Z,448.74,a5aa4cd1-3495-4329-b755-598d7f9b353f,low
EVT_002009,invoice.created,CUST_0005,INV_64076,2024-02-10T05:42:45Z,28.14,703aa414-9e5a-4683-a0c8-830eb454e186,critical
EVT_002010,compliance.submitted,CUST_0021,INV_15586,2024-03-23T07:04:32Z,453.45,fd97e156-a6ce-4fe4-ac18-8b3e8f3ff4ba,high
EVT_002011,invoice.validated,CUST_0058,INV_87692,2024-01-21T20:31:49Z,503.95,a5cf739e-f056-417b-9e7e-3f99a5d12b25,low
EVT_002012,invoice.validated,CUST_0060,INV_76632,2024-01-17T09:29:44Z,117.94,8360ebf8-30bc-435c-ad76-1a2cc0200a32,normal
EVT_002013,invoice.created,CUST_0043,INV_47712,2024-01-16T11:27:51Z,129.6,52bd8b7b-c59f-479a-bd02-4c818178076c,normal
EVT_002014,invoice.created,CUST_0052,INV_35762,2024-02-03T23:28:07Z,256.7,350d847c-5ad9-41cb-8035-fa4c8c8a8630,high
EVT_002015,compliance.failed,CUST_0058,INV_66293,2024-03-23T16:52:37Z,263.82,b7034edb-f9ed-42f2-8e98-ecf564eeaedd,low
EVT_002016,compliance.failed,CUST_0043,INV_36262,2024-02-08T15:14:35Z,73.49,cad43956-74b7-4e0e-9a93-a0d13a22f802,high
EVT_002017,invoice.paid,CUST_0056,INV_67253,2024-06-21T18:00:23Z,382.57,f008e073-bd62-4bfb-aa3c-00d55c4b9c40,normal
EVT_002018,invoice.paid,CUST_0018,INV_12487,2024-05-15T19:48:00Z,196.97,9774451d-59ae-4fde-b5f6-19cc7736a625,low
EVT_002019,compliance.failed,CUST_0040,INV_87242,2024-03-05T03:27:27Z,60.17,71e87200-765c-4075-a2a5-c5013a26dadb,critical
EVT_002020,invoice.rejected,CUST_0060,INV_14895,2024-01-25T03:23:20Z,382.7,f8cdff50-3a47-419a-9c0c-2ec2bc79c397,low
EVT_002021,compliance.failed,CUST_0073,INV_92716,2024-05-27T01:12:51Z,298.29,56830df8-888b-4175-8495-81c19a42beec,low
EVT_002022,invoice.validated,CUST_0041,INV_15543,2024-06-01T07:50:16Z,211.82,03790bae-abd1-47db-a4b2-aaf8cb893ab1,high
EVT_002023,invoice.paid,CUST_0077,INV_61773,2024-06-08T13:27:14Z,39.38,1b551a1e-a43b-4361-aae6-b92c85130d00,low
EVT_002024,compliance.submitted,CUST_0026,INV_67542,2024-03-30T22:53:27Z,319.25,866f928a-e0b9-493d-91eb-9019db8406c1,high
EVT_002025,invoice.paid,CUST_0014,INV_23051,2024-03-20T18:52:23Z,122.74,8943030f-947d-4530-a857-27c7796b69fd,critical
EVT_002026,invoice.validated,CUST_0074,INV_40578,2024-02-21T16:27:40Z,41.71,02a71bc7-866e-4e9c-857d-3d02b019ad7d,high
EVT_002027,invoice.created,CUST_0075,INV_90025,2024-04-20T09:13:38Z,52.2,ca012303-d414-4be7-8557-d21323419bd4,normal
EVT_002028,compliance.failed,CUST_0056,INV_28293,2024-06-13T16:31:58Z,360.86,f5777c33-71de-4aa7-ad76-eefc7e604d2c,normal
EVT_002029,invoice.paid,CUST_0014,INV_17198,2024-01-18T06:52:35Z,405.69,1a76fbb8-d0fc-4c1b-b325-b4c9428d1a91,high
EVT_002030,compliance.submitted,CUST_0013,INV_20969,2024-06-13T23:30:47Z,434.29,d981ebf0-8797-4222-8c44-246ca2e9f8b7,critical
EVT_002031,invoice.created,CUST_0019,INV_20944,2024-06-23T06:24:19Z,428.06,5c1ab978-2fcf-46f4-b744-50818bc9aa2f,high
EVT_002032,invoice.created,CUST_0066,INV_81646,2024-01-06T22:18:25Z,46.48,8df4fc53-6f3a-4c23-9a03-085eb166411f,normal
EVT_002033,invoice.rejected,CUST_0016,INV_78412,2024-03-28T15:10:12Z,189.07,ab3b0390-0039-40d4-adb8-3ddbd9bf728d,high
EVT_002034,compliance.submitted,CUST_0057,INV_32619,2024-01-03T05:45:08Z,53.85,5ba83cdb-f803-4627-8927-bccf17a512e7,critical
EVT_002035,compliance.failed,CUST_0041,INV_22281,2024-04-01T21:37:21Z,258.94,f0a07ccd-5054-40ad-b282-df3192fe4916,low
EVT_002036,invoice.paid,CUST_0039,INV_21993,2024-04-25T16:04:18Z,491.45,6d8749da-01c1-4dd0-8d82-416f9c7b5a30,critical
EVT_002037,invoice.validated,CUST_0076,INV_88630,2024-02-22T12:13:49Z,133.95,f8f6de7d-d3b5-4306-b921-59ace3d7be47,critical
EVT_002038,invoice.paid,CUST_0075,INV_97108,2024-05-10T03:42:47Z,32.13,d82bfa68-6dff-4b39-a4e0-6a5262f75282,low
EVT_002039,invoice.created,CUST_0034,INV_86149,2024-06-24T16:18:28Z,213.73,70eec247-0c0c-4cb3-9567-d500cfabe6a8,normal
EVT_002040,invoice.rejected,CUST_0023,INV_98367,2024-04-04T15:56:46Z,153.64,fe6d8a66-ca6c-40d1-94d1-68592d51c896,critical
EVT_002041,invoice.paid,CUST_0046,INV_86157,2024-01-21T18:41:51Z,170.72,fa557f4b-4228-428c-91be-761515dfb642,normal
EVT_002042,invoice.created,CUST_0038,INV_89265,2024-05-04T06:36:35Z,288.31,9c002627-fd44-4615-875e-24cfad6d8df8,critical
EVT_002043,invoice.validated,CUST_0050,INV_44711,2024-04-16T04:15:55Z,282.88,9e270e50-ac28-40a3-8722-fd1f38fc08c8,high
EVT_002044,invoice.paid,CUST_0020,INV_11522,2024-01-13T13:48:11Z,8.49,9043c5fb-abca-4b92-87f8-f0faf5398b2a,high
EVT_002045,invoice.validated,CUST_0075,INV_92616,2024-05-27T14:05:09Z,239.02,63dc8032-b2af-475a-9111-4098adca2f44,normal
EVT_002046,invoice.paid,CUST_0035,INV_79822,2024-04-13T19:31:10Z,84.19,2cee41d4-fa28-4201-b439-5ed8f7facf93,normal
EVT_002047,invoice.paid,CUST_0034,INV_29836,2024-03-17T17:42:43Z,338.89,9f8060b4-2dfc-4097-9bce-cca6e074eb8c,low
EVT_002048,compliance.submitted,CUST_0055,INV_18311,2024-01-05T06:46:58Z,5.37,a75e678f-5e79-4029-97e5-9f1429adaaa3,normal
EVT_002049,compliance.submitted,CUST_0046,INV_93898,2024-05-08T09:19:38Z,472.42,116d4a2a-64d3-41e2-be37-efe2875c9f09,critical
EVT_002050,invoice.validated,CUST_0014,INV_72273,2024-02-15T04:13:20Z,36.27,ea75a2e5-33ea-4869-a6c9-06f9affde886,low
EVT_002051,compliance.submitted,CUST_0033,INV_76983,2024-03-03T08:58:56Z,5.63,d34a816e-b75d-4c3e-88dd-2ad1fd3a3f28,normal
EVT_002052,invoice.rejected,CUST_0047,INV_49595,2024-06-25T00:15:56Z,89.33,3bdddc0e-3766-4e25-9344-cde64867dac1,high
EVT_002053,invoice.validated,CUST_0005,INV_47899,2024-06-18T12:40:12Z,14.41,6d0282df-aaef-4125-95bc-7acbe5aae274,critical
EVT_002054,compliance.failed,CUST_0062,INV_18563,2024-06-23T02:20:44Z,280.71,98d4223f-e17f-4749-9ee7-7436f8fc61f5,low
EVT_002055,compliance.failed,CUST_0070,INV_10373,2024-04-15T01:26:15Z,43.45,80cb4750-02a7-48ef-87bb-c08b7a900c83,high
EVT_002056,invoice.rejected,CUST_0011,INV_64224,2024-03-26T23:50:06Z,199.29,6fd6ba66-f8f4-4115-9eca-b97b2fd980a8,normal
EVT_002057,invoice.paid,CUST_0051,INV_44737,2024-05-01T16:07:17Z,27.75,b78fefd9-73d1-4eca-8faa-1c37ed52f41b,critical
EVT_002058,invoice.paid,CUST_0080,INV_50844,2024-04-16T17:05:54Z,46.59,e1a5287e-8c4a-4b0e-abef-fed88115e0b0,high
EVT_002059,invoice.rejected,CUST_0044,INV_51098,2024-04-24T05:55:11Z,40.38,fe45ef71-fd20-4867-9869-8f00adbaea55,normal
EVT_002060,compliance.failed,CUST_0008,INV_72620,2024-06-13T01:08:22Z,489.77,9ea8c1da-922c-47e6-beb0-95b840dac965,low
EVT_002061,invoice.created,CUST_0045,INV_72191,2024-01-23T00:25:43Z,219.3,4fb131e8-ae60-44e2-9dbb-b57297f148ef,critical
EVT_002062,invoice.rejected,CUST_0027,INV_42578,2024-03-22T19:09:42Z,239.24,b55866c2-0674-46c7-b273-dec19beae029,high
EVT_002063,compliance.submitted,CUST_0042,INV_17315,2024-03-13T07:27:20Z,207.73,af7aecab-a300-4b9c-9b82-e4eaa7774d96,high
EVT_002064,compliance.submitted,CUST_0018,INV_86069,2024-02-28T00:06:18Z,57.04,313de394-516b-4357-83b7-92af3034d13a,high
EVT_002065,invoice.paid,CUST_0072,INV_66536,2024-04-29T02:36:24Z,57.5,6f3f7621-1b74-4c0e-9b19-ae7e7ad1ab9b,normal
EVT_002066,invoice.rejected,CUST_0002,INV_51254,2024-06-08T06:22:07Z,104.63,91b33eb5-3135-4935-bc12-9054ad562020,low
EVT_002067,invoice.rejected,CUST_0074,INV_51803,2024-03-28T12:02:50Z,358.0,34da55f3-451a-47e7-87a0-832240468f34,low
EVT_002068,invoice.validated,CUST_0055,INV_58434,2024-01-26T09:49:56Z,13.65,50f3d82f-2026-402e-b630-ec5797cc12ed,normal
EVT_002069,compliance.failed,CUST_0054,INV_47904,2024-03-06T08:14:16Z,304.21,ae935931-986d-4861-80d4-d1e15bf247f9,high
EVT_002070,invoice.created,CUST_0030,INV_11200,2024-06-28T16:27:15Z,35.04,7d2a2e91-a145-4911-b49a-c038397c9b47,low
EVT_002071,invoice.rejected,CUST_0023,INV_33729,2024-01-30T13:05:51Z,169.73,d9034581-e320-487b-beb9-902148b2305d,critical
EVT_002072,invoice.validated,CUST_0040,INV_51419,2024-03-18T21:53:44Z,31.05,a405ef3b-593c-408d-8999-df938e0881c7,high
EVT_002073,invoice.rejected,CUST_0013,INV_75976,2024-01-18T22:08:59Z,448.63,df64b5e0-acfa-43e4-bf09-e84571327237,critical
EVT_002074,compliance.submitted,CUST_0008,INV_11967,2024-01-02T04:31:04Z,138.32,05055886-6968-4738-bf8b-3b46a63613ee,critical
EVT_002075,invoice.validated,CUST_0072,INV_20372,2024-01-25T19:50:03Z,139.33,a64e6eca-3a78-4095-a99e-0d4ea99e79e7,low
EVT_002076,invoice.validated,CUST_0035,INV_63549,2024-03-27T15:02:53Z,177.91,ec9a2cd2-0a87-4434-8406-5c266f394b82,low
EVT_002077,invoice.created,CUST_0019,INV_31577,2024-05-21T20:07:44Z,129.31,9cc36608-7848-4f1b-affd-e71e383a54c4,high
EVT_002078,invoice.rejected,CUST_0030,INV_87167,2024-03-24T12:20:07Z,179.96,e3f0551c-0d5c-4c34-a065-40fbb4016f3c,high
EVT_002079,invoice.rejected,CUST_0022,INV_77378,2024-03-12T13:18:53Z,409.59,7a1357ac-cc04-4a6c-9892-abcaf09ae070,normal
EVT_002080,invoice.rejected,CUST_0065,INV_57451,2024-03-03T23:20:32Z,40.05,15a86a55-ee37-41d5-b4fd-c155b899c449,critical
EVT_002081,compliance.failed,CUST_0033,INV_58159,2024-02-29T07:44:51Z,14.98,6b91e61b-d92c-46a7-9dbd-539ba36058e9,low
EVT_002082,invoice.validated,CUST_0015,INV_30206,2024-01-28T04:11:05Z,289.07,6d536ee9-94f3-4cf4-b802-7f94b23a5c65,critical
EVT_002083,invoice.created,CUST_0080,INV_69080,2024-05-22T10:04:38Z,22.48,5f838677-2622-4a42-9b67-472e6902f427,high
EVT_002084,invoice.validated,CUST_0022,INV_14024,2024-04-05T00:14:03Z,368.14,8a440e1b-a097-4676-b585-c0ec1483fb31,normal
EVT_002085,invoice.paid,CUST_0010,INV_56351,2024-06-23T07:46:05Z,36.0,ad0546b0-333e-41d9-8f80-215d424ed0b6,critical
EVT_002086,invoice.created,CUST_0032,INV_43414,2024-06-09T12:42:30Z,210.36,8acb5d3e-3824-429f-81f5-b8292b5bdde3,normal
EVT_002087,compliance.submitted,CUST_0042,INV_75934,2024-05-19T15:39:09Z,90.01,ba9db889-89d6-4715-8010-f11b3b419c0b,normal
EVT_002088,invoice.created,CUST_0040,INV_93148,2024-01-03T07:03:47Z,127.21,7a853f62-d187-4c03-997a-61d4610c86df,critical
EVT_002089,invoice.rejected,CUST_0061,INV_77395,2024-04-08T02:11:59Z,45.35,46186aea-2297-419a-9e25-f959b653aac1,high
EVT_002090,compliance.failed,CUST_0033,INV_57115,2024-02-19T09:33:31Z,13.82,f7f464fe-ca41-4d5d-861e-1401ee238f6b,high
EVT_002091,compliance.submitted,CUST_0009,INV_91204,2024-04-02T06:10:47Z,11.65,e4c3f51a-c9d7-4c86-8d31-8141dd6e1c7b,high
EVT_002092,compliance.submitted,CUST_0031,INV_26165,2024-05-04T23:37:24Z,356.73,907fbce4-285e-4ffd-8583-ceab784307d0,high
EVT_002093,invoice.paid,CUST_0069,INV_91539,2024-05-22T18:56:17Z,382.93,7f41ee99-e12a-47f1-b6fc-9ad0df72c560,normal
EVT_002094,invoice.rejected,CUST_0077,INV_51222,2024-01-12T19:54:42Z,24.58,a27eb713-f057-457d-b593-5986aa536dc6,high
EVT_002095,invoice.validated,CUST_0058,INV_43265,2024-05-12T05:48:02Z,227.94,b8f55485-0141-4823-bb9d-435c495776e1,critical
EVT_002096,invoice.rejected,CUST_0033,INV_27327,2024-02-03T23:41:48Z,402.39,b627f416-244a-4805-895e-3c9dfc48ca1d,critical
EVT_002097,invoice.validated,CUST_0021,INV_41230,2024-04-11T06:11:45Z,504.45,8fbe6ff2-cc53-4039-a6e9-7647d439fbc7,critical
EVT_002098,invoice.validated,CUST_0004,INV_84262,2024-03-17T02:22:23Z,11.29,1cf84631-bba4-4e49-828f-275221baf2bd,normal
EVT_002099,invoice.created,CUST_0022,INV_15869,2024-01-29T07:02:15Z,40.99,6f343311-879a-49da-b6de-667f8cd8f193,low
EVT_002100,compliance.submitted,CUST_0009,INV_60585,2024-05-14T07:23:32Z,23.6,4ebf1ed6-3372-415e-b963-adb5b79edebb,critical
EVT_002101,invoice.created,CUST_0050,INV_81793,2024-01-24T15:10:32Z,5.1,823fc3d7-6ad9-450c-a6d6-fdbe03a45566,high
EVT_002102,compliance.failed,CUST_0008,INV_40832,2024-06-27T02:47:03Z,44.99,3e158b71-b14c-49c9-9e85-7fc44cafa9f7,low
EVT_002103,invoice.created,CUST_0076,INV_73253,2024-04-09T02:19:56Z,439.13,a66a51b5-6c49-427b-90a8-d2427759f4fe,normal
EVT_002104,invoice.rejected,CUST_0025,INV_63564,2024-03-02T03:21:45Z,43.45,5fabd8b5-af37-4aeb-91a4-1cebcdd2712f,low
EVT_002105,compliance.failed,CUST_0001,INV_12215,2024-02-08T13:20:12Z,23.4,c7fad41d-9421-45d4-a955-9b758d20d3df,high
EVT_002106,compliance.failed,CUST_0036,INV_87113,2024-03-04T23:13:37Z,303.4,35195746-fa85-479c-832d-1a60fdff2b76,low
EVT_002107,compliance.failed,CUST_0056,INV_61109,2024-03-25T01:13:51Z,204.07,312e7a33-f861-4870-a923-7a7b001eab8d,critical
EVT_002108,invoice.created,CUST_0048,INV_21835,2024-02-28T01:51:51Z,183.77,3b787a5c-b453-46c1-901b-fed614f3387c,low
EVT_002109,invoice.rejected,CUST_0058,INV_23182,2024-04-15T04:17:23Z,172.69,584ca7e7-6ba8-4883-bebe-7b3e0f24e2af,critical
EVT_002110,compliance.submitted,CUST_0006,INV_11971,2024-04-11T12:23:26Z,134.25,61d1d17e-3c92-4524-b2bc-84fb0a481c83,normal
EVT_002111,invoice.validated,CUST_0038,INV_59534,2024-04-17T13:38:44Z,27.18,2174cb61-306b-461b-baf7-d68dd9ead03d,critical
EVT_002112,invoice.created,CUST_0078,INV_79200,2024-03-30T03:37:23Z,373.29,4d29baf6-ff21-4cc0-b5b7-339e616ddb55,low
EVT_002113,compliance.failed,CUST_0061,INV_96561,2024-04-12T17:57:52Z,32.4,08975afd-2005-4bfe-b74d-a72007b7775f,high
EVT_002114,invoice.validated,CUST_0076,INV_57581,2024-03-24T06:08:23Z,61.63,8c35808d-7aac-4c9f-9a84-17a772cc3491,low
EVT_002115,invoice.validated,CUST_0077,INV_12919,2024-02-15T23:19:24Z,69.91,bafbc3be-de35-42b3-a011-8534d752a06c,critical
EVT_002116,compliance.submitted,CUST_0067,INV_34480,2024-04-22T02:28:11Z,19.63,bed51369-165b-4ffc-bb3c-98084f8fb110,high
EVT_002117,invoice.paid,CUST_0018,INV_57344,2024-01-15T03:27:26Z,97.15,e5c046a1-7cad-4bc8-af90-8cb37578266a,critical
EVT_002118,compliance.failed,CUST_0059,INV_21824,2024-02-26T11:10:01Z,292.6,6e44443a-11a0-48e0-80c5-039ca587ea07,normal
EVT_002119,compliance.submitted,CUST_0010,INV_98208,2024-01-19T18:03:29Z,40.06,cd43f2ec-f4b1-4bc2-8ee3-162c76a432aa,critical
EVT_002120,invoice.rejected,CUST_0018,INV_33203,2024-03-25T14:42:25Z,348.99,ba34099a-a8e0-481e-8daf-1931760cadd2,low
EVT_002121,compliance.failed,CUST_0058,INV_44646,2024-01-11T08:50:12Z,36.33,3fbdc5f1-12b1-4fd7-8080-1b4b3a73b18c,high
EVT_002122,invoice.paid,CUST_0038,INV_15946,2024-03-13T09:35:58Z,239.44,98616516-9e3c-4443-973e-6a4dd2466bbb,normal
EVT_002123,invoice.rejected,CUST_0017,INV_75135,2024-06-12T23:57:14Z,205.64,87109723-d23e-46c8-9d5c-61c91f0b9c92,low
EVT_002124,invoice.paid,CUST_0009,INV_38777,2024-05-02T17:53:04Z,46.34,410acd81-7e8e-4caa-9a4a-3cc29bf00e67,critical
EVT_002125,invoice.validated,CUST_0022,INV_46496,2024-02-11T00:35:57Z,42.53,a4f007e2-9a45-45d8-9ec9-229738158699,high
EVT_002126,invoice.created,CUST_0036,INV_21660,2024-01-01T23:34:00Z,484.67,9b8db5e8-3cce-428b-b1b9-63f0285bb084,normal
EVT_002127,invoice.rejected,CUST_0021,INV_69326,2024-05-13T18:15:40Z,70.44,323b260f-4003-47f4-882f-21eb9531e957,high
EVT_002128,invoice.created,CUST_0001,INV_17722,2024-04-03T11:48:51Z,39.53,0b608d82-52b2-493b-9c1d-9975fd893303,low
EVT_002129,invoice.rejected,CUST_0015,INV_10134,2024-04-21T12:42:57Z,30.91,452d00e9-f7f6-45b7-a465-e58d4da38175,low
EVT_002130,invoice.paid,CUST_0041,INV_20599,2024-02-06T02:29:44Z,56.54,8e579961-70ef-4a52-8257-e004ff53a7ae,low
EVT_002131,invoice.validated,CUST_0073,INV_15747,2024-01-27T10:34:17Z,60.63,018983c3-3c0c-4b6b-a82a-6a426f862809,low
EVT_002132,invoice.rejected,CUST_0001,INV_95674,2024-04-03T22:58:59Z,444.98,6660ccec-1d5f-4c95-84c6-da5a73dfd8ca,high
EVT_002133,compliance.failed,CUST_0038,INV_28461,2024-02-14T01:54:44Z,328.92,2e8eb719-ebf3-493b-9716-0e02301ebd33,normal
EVT_002134,invoice.validated,CUST_0053,INV_88011,2024-03-07T22:00:59Z,193.48,5a677bc0-1923-49a1-b101-8f8ec63081df,low
EVT_002135,compliance.failed,CUST_0080,INV_77458,2024-06-02T23:47:41Z,196.61,e5bdcb73-96f1-4e86-afa8-c2061e13d482,low
EVT_002136,compliance.failed,CUST_0028,INV_19269,2024-06-24T02:12:37Z,247.96,42c81c57-243f-4e2f-b450-96943a443805,critical
EVT_002137,invoice.validated,CUST_0029,INV_19007,2024-05-12T22:28:41Z,502.9,d28023f6-04cd-4bf2-b7fd-9f16d940955f,high
EVT_002138,compliance.submitted,CUST_0057,INV_41713,2024-02-19T17:12:10Z,17.53,d1c2388b-108d-4733-8b47-aa10d0e22a50,critical
EVT_002139,invoice.paid,CUST_0035,INV_15101,2024-04-15T23:00:23Z,37.52,7be32269-e316-45c2-97c2-c29e32d05c67,high
EVT_002140,compliance.submitted,CUST_0039,INV_75979,2024-06-29T18:32:11Z,10.57,12228a55-cb5c-4b35-a6e2-e2b96ef09bb3,critical
EVT_002141,invoice.validated,CUST_0039,INV_80804,2024-03-19T19:35:40Z,100.1,76dbefd4-9c77-44cd-996d-7bc2b6f1ee78,high
EVT_002142,invoice.rejected,CUST_0007,INV_68849,2024-03-17T09:43:10Z,102.87,1ea97997-2561-41ba-90c9-56080c8dffbd,normal
EVT_002143,invoice.validated,CUST_0027,INV_11275,2024-04-19T15:05:30Z,131.13,52d22b2a-dcd9-425a-860c-10279395baca,low
EVT_002144,compliance.failed,CUST_0006,INV_50563,2024-04-05T19:20:18Z,36.8,8cd1d976-a9b4-4ba5-89ee-b7f345532b4f,low
EVT_002145,invoice.paid,CUST_0011,INV_76520,2024-01-20T10:34:45Z,47.13,4f3523ad-e338-419b-9baf-39a9c7a59d94,normal
EVT_002146,invoice.rejected,CUST_0043,INV_68351,2024-06-05T09:37:42Z,34.42,e8479584-9af8-48a2-9615-738f7e01668a,low
EVT_002147,compliance.submitted,CUST_0052,INV_58621,2024-05-19T05:51:59Z,97.27,604643ac-6004-439f-a453-9d933d87dc89,low
EVT_002148,invoice.created,CUST_0023,INV_97406,2024-01-01T03:01:45Z,297.89,c8207e45-37c2-4c9b-a7f9-29748f6121d4,high
EVT_002149,invoice.validated,CUST_0008,INV_64746,2024-01-03T01:17:10Z,154.95,cde1cab3-77ea-4b14-878b-74c4859c58be,low
EVT_002150,compliance.failed,CUST_0044,INV_33998,2024-02-11T16:06:10Z,448.96,ba9b70d9-35bf-423c-842b-455934988a2c,high
EVT_002151,compliance.submitted,CUST_0057,INV_54536,2024-05-03T01:19:58Z,92.38,e276bb63-a2df-4c9d-b91e-822f3d8070e3,low
EVT_002152,invoice.validated,CUST_0057,INV_26926,2024-05-16T17:44:15Z,490.39,1c2902b0-3a3a-4e5d-b3c7-113101618ff4,high
EVT_002153,invoice.validated,CUST_0004,INV_97349,2024-06-26T09:00:36Z,59.86,af21ea02-cd9c-45fb-bf6d-5e94101c7899,high
EVT_002154,invoice.rejected,CUST_0080,INV_11599,2024-02-11T23:42:47Z,184.59,b6bee3d1-cfbf-4bb7-bd93-0a12cc91b712,high
EVT_002155,invoice.validated,CUST_0017,INV_66152,2024-01-07T02:29:13Z,141.74,a53a3c61-f98d-4295-ac23-1f4643573647,low
EVT_002156,invoice.rejected,CUST_0010,INV_92163,2024-04-15T09:26:59Z,269.07,87fdfebb-377b-4a00-a841-480b041b7402,high
EVT_002157,invoice.validated,CUST_0079,INV_81492,2024-04-29T17:33:42Z,163.99,460dd197-148e-4e04-868c-b0740f4957fe,high
EVT_002158,invoice.rejected,CUST_0019,INV_60845,2024-01-09T20:59:56Z,500.69,e723f07e-31f9-4bcf-9716-3304245a737b,low
EVT_002159,compliance.submitted,CUST_0003,INV_66160,2024-03-18T05:48:19Z,47.2,569bd47f-6e2e-4393-8a74-e1886c6b651f,critical
EVT_002160,invoice.rejected,CUST_0057,INV_15778,2024-04-02T17:18:51Z,510.79,1bfcb42a-9ee3-4a66-828c-28912a60ad0a,high
EVT_002161,invoice.validated,CUST_0017,INV_96797,2024-05-19T03:51:39Z,295.71,eea5e57e-ad07-4db4-ba96-a8d97959753d,high
EVT_002162,invoice.created,CUST_0029,INV_61462,2024-01-04T23:35:20Z,25.05,bd32dd11-4601-4e27-867b-03c901ba5e8d,high
EVT_002163,invoice.validated,CUST_0042,INV_31060,2024-01-02T13:30:55Z,32.01,d74ee7d6-b7b3-4b46-b84d-0303c81c0ad8,critical
EVT_002164,invoice.validated,CUST_0041,INV_61270,2024-02-19T12:52:12Z,10.0,e915b7ac-ba3f-4e6b-9fd4-603e300a11d0,low
EVT_002165,compliance.submitted,CUST_0024,INV_29588,2024-05-08T10:46:25Z,11.72,1be0e5ac-bbda-42a8-8f63-a49a12ca7e10,low
EVT_002166,invoice.created,CUST_0002,INV_84883,2024-05-23T03:44:06Z,331.59,fb59a9d6-ad8a-4faf-8e57-0623f908f437,low
EVT_002167,invoice.created,CUST_0046,INV_93519,2024-02-17T10:27:07Z,485.02,fc3faf01-03db-4012-ad7a-f2a20a520144,high
EVT_002168,invoice.validated,CUST_0032,INV_25289,2024-01-03T16:59:09Z,5.33,f937f152-ec2d-4711-a786-1b86882f3fc1,low
EVT_002169,compliance.failed,CUST_0037,INV_53845,2024-06-23T01:27:19Z,342.44,591c775b-09bf-4314-9f8e-4970d23d86dd,critical
EVT_002170,compliance.submitted,CUST_0042,INV_34388,2024-06-15T10:53:15Z,139.01,c3022cf8-765d-43a1-8442-7827cc5867a7,high
EVT_002171,invoice.created,CUST_0022,INV_40270,2024-03-17T17:57:29Z,47.71,f3e1a8ce-8824-456e-afbe-d550ebce0f3c,low
EVT_002172,invoice.rejected,CUST_0019,INV_56363,2024-03-29T20:26:43Z,61.66,8173431f-3af1-467a-ac74-8bf88e02ad0b,low
EVT_002173,invoice.created,CUST_0077,INV_68316,2024-01-25T11:35:10Z,6.61,574b0e83-f8cd-4244-abca-9f0b8c64ae3b,low
EVT_002174,invoice.paid,CUST_0024,INV_32052,2024-02-06T17:00:50Z,5.85,4ecd37df-bead-4964-8806-2881cf049ee3,low
EVT_002175,compliance.submitted,CUST_0046,INV_26317,2024-06-25T02:28:50Z,425.51,bcb7a49f-eff4-4ec7-94a6-65f22a58eef2,high
EVT_002176,invoice.paid,CUST_0073,INV_23948,2024-01-19T08:13:51Z,125.47,67b07d57-cbc2-4864-a3e7-41f5f945c1db,high
EVT_002177,invoice.created,CUST_0071,INV_87141,2024-04-16T21:59:13Z,135.35,0940e830-5292-4282-92ff-6791d0926d52,normal
EVT_002178,compliance.submitted,CUST_0013,INV_77733,2024-03-15T02:56:34Z,57.55,82a9bcef-a3a7-47f3-9ea6-da53871a94ff,normal
EVT_002179,compliance.failed,CUST_0062,INV_89150,2024-04-13T21:10:41Z,505.48,83c9d348-9693-432e-b158-3b919e286006,normal
EVT_002180,compliance.submitted,CUST_0066,INV_72861,2024-06-25T10:27:07Z,170.56,51b0cb3b-8d3b-4e44-9867-c0734dddb77e,low
EVT_002181,invoice.validated,CUST_0013,INV_32036,2024-04-09T19:00:40Z,36.4,16c30ef8-111d-43ae-8c77-9c631a1aa8c9,normal
EVT_002182,compliance.submitted,CUST_0079,INV_26706,2024-02-27T04:40:54Z,271.34,3140214e-fc1a-476d-a2c5-fa566de68d50,normal
EVT_002183,invoice.created,CUST_0008,INV_46362,2024-02-18T22:13:41Z,404.31,03af390f-8ed6-49a6-b4ff-882c0f4ca9ae,normal
EVT_002184,invoice.created,CUST_0068,INV_18655,2024-05-25T04:52:23Z,312.29,383756b8-8b97-4271-bcb0-c3cec420d134,normal
EVT_002185,invoice.validated,CUST_0002,INV_92221,2024-05-10T16:59:44Z,37.0,d8fbc40a-01a4-4592-a545-353c442a4ef8,high
EVT_002186,invoice.validated,CUST_0020,INV_27115,2024-02-12T12:41:44Z,36.13,3054c577-a9a1-4268-85f0-7e15e3219326,low
EVT_002187,compliance.failed,CUST_0032,INV_35423,2024-03-13T09:58:59Z,3.03,a49efd6a-4664-4887-93d9-182c391228a8,critical
EVT_002188,invoice.created,CUST_0043,INV_63367,2024-06-21T02:37:28Z,13.42,ea7249d7-211e-4b38-8193-0f847e2c006f,high
EVT_002189,invoice.paid,CUST_0077,INV_69889,2024-02-14T19:38:54Z,382.38,8f119805-da97-472a-9eba-dc4433883c87,normal
EVT_002190,invoice.created,CUST_0017,INV_99625,2024-05-29T02:41:50Z,74.28,15a9e2be-8ffd-45c6-a654-af57ac93d441,low
EVT_002191,invoice.paid,CUST_0061,INV_89707,2024-02-27T23:17:16Z,381.6,a6f1f73a-8357-4de5-9cd9-111410e50872,normal
EVT_002192,invoice.created,CUST_0016,INV_44559,2024-06-01T11:06:08Z,194.8,9bc1d4d5-e1b6-49ee-9770-14336a328a75,low
EVT_002193,invoice.paid,CUST_0080,INV_31260,2024-03-16T04:00:49Z,8.39,eb34ada3-f6bb-490c-bc69-12b172194a0d,critical
EVT_002194,compliance.submitted,CUST_0063,INV_17323,2024-01-03T17:12:28Z,133.58,46eb0afa-9bc6-476d-b823-6c0d6d6fbce7,critical
EVT_002195,invoice.created,CUST_0059,INV_60222,2024-05-26T05:54:01Z,247.73,fb96d5b4-3141-422f-ba3f-020f8c423787,critical
EVT_002196,invoice.created,CUST_0047,INV_49740,2024-03-11T05:30:24Z,166.82,9a0ff9bd-cb48-49e1-893e-b1ab9a45f735,low
EVT_002197,invoice.paid,CUST_0057,INV_35735,2024-03-24T18:52:00Z,34.56,23453d53-16df-462d-bb6b-d211ef04e22a,critical
EVT_002198,invoice.rejected,CUST_0045,INV_94832,2024-01-02T15:46:52Z,30.62,3b953dad-2fcc-42c3-aa57-d0c37ede4c45,critical
EVT_002199,invoice.created,CUST_0018,INV_21594,2024-03-25T05:50:25Z,72.03,1600b23b-1a38-4cc7-b4c6-1566363e1cb1,normal
EVT_002200,compliance.submitted,CUST_0044,INV_52016,2024-05-07T02:24:20Z,411.9,edc4feb7-e6bf-4b94-a05b-21810922f396,low
EVT_002201,invoice.paid,CUST_0069,INV_87872,2024-05-22T17:07:31Z,142.65,a0d7f873-c3a0-4ae4-a05c-d8ccf21f7355,normal
EVT_002202,invoice.rejected,CUST_0031,INV_21093,2024-05-20T15:44:18Z,33.24,eeff8a46-6495-4444-bb85-8fe3b1cfe5c8,normal
EVT_002203,invoice.validated,CUST_0072,INV_27560,2024-03-06T19:05:15Z,194.36,3ef69a79-2cc1-4d2d-a797-7f0d25479803,normal
EVT_002204,invoice.created,CUST_0047,INV_57798,2024-05-09T11:05:45Z,27.05,199a224d-3d2e-4fec-8a8b-1b638dfe99f1,low
EVT_002205,invoice.created,CUST_0031,INV_57951,2024-01-16T01:24:05Z,129.35,0a0923e5-3aec-4362-b730-9cc02cb535eb,high
EVT_002206,invoice.paid,CUST_0048,INV_61171,2024-06-16T16:30:51Z,134.56,9ff6cc73-7835-4533-b721-e8bcb1c7597f,critical
EVT_002207,compliance.failed,CUST_0052,INV_45160,2024-04-23T22:48:35Z,191.41,0a729f62-9349-4145-8012-9e3273f6d711,normal
EVT_002208,invoice.paid,CUST_0047,INV_58590,2024-02-16T14:09:03Z,198.67,dc867f1f-eb61-4778-b80b-2bdc6214688e,critical
EVT_002209,invoice.validated,CUST_0009,INV_46746,2024-03-24T16:10:36Z,7.2,a1e0ed10-d298-49fe-a72c-f9e6f5b42d6c,low
EVT_002210,compliance.submitted,CUST_0074,INV_50153,2024-03-05T11:25:13Z,172.21,fc2f4917-5ea0-4beb-bf62-1b3b91f229c4,normal
EVT_002211,invoice.rejected,CUST_0042,INV_85460,2024-06-01T17:28:59Z,19.68,3f8f4896-c7a8-4f8c-acdd-85dfa8d4a251,normal
EVT_002212,invoice.rejected,CUST_0002,INV_27918,2024-03-29T00:03:59Z,12.74,9c3c9398-85b5-466b-a3ae-bb7cc2d9c14f,high
EVT_002213,invoice.created,CUST_0024,INV_47475,2024-03-15T17:19:32Z,282.61,93c8f1f1-d80a-4f95-9ce3-53168d7dcaab,normal
EVT_002214,invoice.validated,CUST_0032,INV_64454,2024-06-02T21:57:47Z,95.15,d018eebe-d0ea-475d-8f6a-4917625d1bca,normal
EVT_002215,compliance.submitted,CUST_0008,INV_64086,2024-03-28T22:13:30Z,270.51,6618b75b-5c52-4ff4-bb9e-17364f352ae2,low
EVT_002216,compliance.failed,CUST_0004,INV_99949,2024-04-13T17:21:22Z,124.35,b10f9c10-2537-4989-ae48-8c75a0454beb,normal
EVT_002217,invoice.created,CUST_0019,INV_20407,2024-06-29T23:04:03Z,228.82,87b03932-c0e2-4aed-a020-d0117b4cb311,high
EVT_002218,invoice.validated,CUST_0041,INV_57546,2024-01-31T08:57:45Z,40.97,fe81147e-8af4-4c3e-a5ff-480f2c7d7975,critical
EVT_002219,invoice.paid,CUST_0065,INV_44047,2024-06-03T20:40:05Z,152.04,8533a1f7-ec2d-42c7-a017-138e248fa809,low
EVT_002220,invoice.validated,CUST_0015,INV_94255,2024-04-06T13:12:48Z,491.33,9c566fd4-39f0-45a8-a26f-411a84bd4034,low
EVT_002221,invoice.rejected,CUST_0068,INV_29344,2024-03-20T19:02:09Z,341.33,9d46b7d2-9be5-453a-bf06-b8fa8c161d41,critical
EVT_002222,invoice.rejected,CUST_0052,INV_63311,2024-05-12T10:12:14Z,10.23,92703707-9b66-4a70-a181-2ab3926073c4,low
EVT_002223,invoice.validated,CUST_0046,INV_67583,2024-06-07T07:31:54Z,59.43,000bf172-e50d-4eef-a67e-5757124b8ee8,high
EVT_002224,invoice.created,CUST_0067,INV_14766,2024-05-07T19:49:54Z,2.24,32190afe-d759-4c53-bbaf-4142bed3e9ce,normal
EVT_002225,invoice.validated,CUST_0009,INV_51915,2024-03-01T00:55:26Z,177.0,dca1b778-a643-4715-af28-b2c93b3a2098,low
EVT_002226,invoice.validated,CUST_0078,INV_85191,2024-02-28T11:20:21Z,68.51,5edbfa2b-7091-4c69-890d-82d3df78d829,low
EVT_002227,invoice.created,CUST_0064,INV_36012,2024-02-01T22:31:29Z,307.91,0776b4c5-074d-4840-b6ef-e137e5ef32db,normal
EVT_002228,invoice.paid,CUST_0067,INV_33070,2024-05-30T14:23:49Z,401.2,0122bef2-b206-43be-b3d9-df0832aede10,critical
EVT_002229,invoice.validated,CUST_0032,INV_58959,2024-03-07T19:00:48Z,478.69,578169ce-11ed-4c11-bca1-fad068bb895c,normal
EVT_002230,invoice.validated,CUST_0031,INV_29762,2024-01-29T19:24:04Z,338.12,89dbc617-ec09-4e8e-882c-bebe831bfcc9,normal
EVT_002231,compliance.submitted,CUST_0067,INV_32846,2024-04-27T04:00:00Z,347.79,089ed6e4-e00b-4fc8-8259-9451eba8eb63,normal
EVT_002232,invoice.validated,CUST_0046,INV_39705,2024-02-13T18:54:53Z,21.74,3f979a03-3d3b-44c7-ae20-264edcc7a398,critical
EVT_002233,invoice.created,CUST_0051,INV_82250,2024-01-18T19:03:51Z,258.48,2793fe35-dd29-4c7e-9a8d-ac0aafbb8d6e,critical
EVT_002234,compliance.submitted,CUST_0016,INV_30761,2024-05-28T10:47:14Z,41.66,7c5cf5ab-b483-4738-9592-f208e86bd33c,critical
EVT_002235,invoice.paid,CUST_0016,INV_23077,2024-01-31T06:52:37Z,456.97,1b0a1dd7-0a07-4c5f-bedb-97c5b921d399,normal
EVT_002236,compliance.submitted,CUST_0072,INV_92853,2024-05-11T14:38:28Z,155.91,96e0ba95-430f-4ea5-9f98-1ae2cd0d74ac,critical
EVT_002237,invoice.rejected,CUST_0034,INV_62761,2024-04-13T17:14:14Z,24.45,f80a7e37-e597-401a-81e7-4a37d0e45c06,normal
EVT_002238,compliance.failed,CUST_0027,INV_30023,2024-02-12T01:51:10Z,7.94,9585643b-b465-446c-ae36-635d95583f49,low
EVT_002239,invoice.rejected,CUST_0078,INV_30180,2024-02-26T16:59:26Z,467.72,d32057db-e9e2-49c8-9b02-15a98ee3477b,normal
EVT_002240,compliance.failed,CUST_0024,INV_56365,2024-02-04T16:30:51Z,456.17,642a546f-2e0e-4e02-8d61-fd1f7ef9efd8,high
EVT_002241,compliance.failed,CUST_0028,INV_16463,2024-03-13T03:44:16Z,479.89,63535a68-89f8-40ac-9412-15b7a535c5cb,critical
EVT_002242,compliance.failed,CUST_0032,INV_25039,2024-01-13T22:42:01Z,90.73,4ae991fe-60eb-4e3a-b2af-2a00f3aa4705,high
EVT_002243,invoice.validated,CUST_0014,INV_10827,2024-06-09T17:14:11Z,97.29,6e795b15-a097-4b39-a6fd-07fe8b2c95f2,low
EVT_002244,invoice.validated,CUST_0072,INV_11776,2024-03-03T21:45:27Z,44.54,a3011311-ca5d-4e62-9a30-b48b179ba401,critical
EVT_002245,invoice.rejected,CUST_0008,INV_97027,2024-04-08T18:47:51Z,424.67,83fb2e86-e9e9-4b2c-b92b-8276be606dfd,high
EVT_002246,invoice.rejected,CUST_0050,INV_46287,2024-01-13T06:48:05Z,299.35,d5a00fa9-e013-4657-9094-d6e1ee35607b,low
EVT_002247,compliance.failed,CUST_0023,INV_18820,2024-05-01T14:20:47Z,19.05,391617ba-0e22-4068-9320-0ae10d0396e2,low
EVT_002248,compliance.failed,CUST_0073,INV_54855,2024-05-28T19:48:33Z,377.71,543ec684-c119-41f5-b677-ec1bc091f3d4,low
EVT_002249,invoice.paid,CUST_0074,INV_87650,2024-05-19T23:37:16Z,138.64,2a4e3080-de7b-4808-a2ca-08f05291eaa4,high
EVT_002250,invoice.paid,CUST_0024,INV_10069,2024-01-12T16:32:36Z,40.75,4393341b-28ed-4b48-a846-432a1a26350a,low
EVT_002251,compliance.failed,CUST_0010,INV_75028,2024-04-30T22:13:20Z,159.34,b28c0add-057c-44c7-901c-e2bd7ad79564,low
EVT_002252,invoice.validated,CUST_0026,INV_66360,2024-04-20T23:43:34Z,344.38,4b86cce0-c914-47ce-b8a4-4c652dc9b08a,critical
EVT_002253,compliance.submitted,CUST_0052,INV_78579,2024-01-08T01:20:11Z,61.13,9216bddb-869d-4b55-969a-a01f235a90f1,normal
EVT_002254,compliance.submitted,CUST_0011,INV_34297,2024-06-03T22:26:10Z,7.46,80c7574a-b294-43d2-8079-53cd3e4c1c33,critical
EVT_002255,compliance.submitted,CUST_0044,INV_79522,2024-05-15T01:02:43Z,121.27,bcc9ce5e-e8ca-4c37-806d-f77a8ee92a64,normal
EVT_002256,compliance.failed,CUST_0027,INV_84929,2024-05-02T12:30:39Z,45.11,1889f58d-4548-4c1f-9ff2-3cc9e2c0c989,low
EVT_002257,invoice.rejected,CUST_0049,INV_34690,2024-03-04T20:23:31Z,426.23,175a4d3a-5bb9-4117-810e-dcc8be9ac30b,high
EVT_002258,invoice.created,CUST_0024,INV_28970,2024-02-15T06:40:25Z,3.24,b80ca732-7c03-4f98-9627-b6c68967b134,high
EVT_002259,invoice.paid,CUST_0063,INV_45689,2024-06-05T19:28:31Z,134.46,2e874368-9632-445c-b0a8-9b93af701116,critical
EVT_002260,invoice.created,CUST_0001,INV_10156,2024-05-18T01:20:37Z,195.23,2c2d30db-e7ab-426f-b90e-f0bb47b56c33,high
EVT_002261,invoice.paid,CUST_0070,INV_75065,2024-05-09T04:54:05Z,135.86,bde1212e-5ac8-4224-8ba6-20ae4140181e,low
EVT_002262,invoice.validated,CUST_0054,INV_60548,2024-06-07T11:50:27Z,113.99,902b6869-39b1-416b-b2a6-a8a8ae562ee5,high
EVT_002263,invoice.paid,CUST_0005,INV_42016,2024-01-05T11:26:15Z,18.3,10265cf8-f7a7-40ee-bacc-3da9f5bae2f6,critical
EVT_002264,invoice.paid,CUST_0035,INV_90800,2024-04-19T17:18:23Z,224.67,c3f3ec7d-637a-4daf-9037-24e83579812d,high
EVT_002265,compliance.failed,CUST_0018,INV_59827,2024-04-20T13:10:32Z,416.75,7fce55f6-5ea8-4090-9390-a1686e461b00,critical
EVT_002266,invoice.rejected,CUST_0002,INV_55844,2024-02-04T19:20:53Z,344.35,4df5a4c6-1fde-4605-bd05-0ad07af55a12,normal
EVT_002267,invoice.validated,CUST_0055,INV_20271,2024-02-28T04:44:53Z,485.84,c345a066-22fc-4190-a44a-4a8566d7861d,high
EVT_002268,invoice.rejected,CUST_0079,INV_46922,2024-03-17T09:42:26Z,115.19,1f39e843-18a4-4ef1-befd-52e3d7937f2b,high
EVT_002269,invoice.validated,CUST_0038,INV_50290,2024-05-24T17:29:06Z,167.83,f36eb857-1e96-41e3-94c1-f24c3fd54e5a,low
EVT_002270,compliance.submitted,CUST_0051,INV_87212,2024-04-20T13:31:43Z,141.12,c110b3a5-fa50-489c-9d4d-69d77ab52783,high
EVT_002271,invoice.rejected,CUST_0075,INV_39676,2024-03-28T13:18:05Z,29.17,f657a3aa-1a87-4f5d-b035-12d6cfecbd63,normal
EVT_002272,invoice.created,CUST_0019,INV_87767,2024-02-13T14:22:47Z,113.02,f7399c1b-2a33-410a-ad1e-00f4db54c1fb,normal
EVT_002273,compliance.submitted,CUST_0074,INV_94219,2024-05-09T21:48:09Z,128.36,c251c763-887e-4b5f-95c9-038bb49bbf5b,low
EVT_002274,invoice.created,CUST_0032,INV_11045,2024-01-31T14:54:15Z,49.89,56f2eb3c-9675-417e-8c8f-039a8905685c,normal
EVT_002275,invoice.paid,CUST_0015,INV_15682,2024-06-16T01:51:13Z,95.2,f8b20862-b342-4e7c-9b76-7d64b74eee5e,normal
EVT_002276,compliance.failed,CUST_0037,INV_64106,2024-05-02T09:23:53Z,19.16,9a10feea-266a-48e9-9ac1-708103b6c773,low
EVT_002277,invoice.created,CUST_0032,INV_49553,2024-01-02T23:21:07Z,14.63,00fec682-db7f-4297-bb3f-1251bea515f0,normal
EVT_002278,compliance.submitted,CUST_0079,INV_17157,2024-02-13T09:20:02Z,71.22,ce6477a4-40c8-404e-a5fe-99751b4eddf4,low
EVT_002279,invoice.created,CUST_0018,INV_36743,2024-05-31T05:24:06Z,119.22,55e4f4ed-3b49-4880-a187-de096708f25c,critical
EVT_002280,compliance.submitted,CUST_0025,INV_54221,2024-03-05T05:29:15Z,500.72,895ee601-1581-46c0-8cfd-480d3e8294b1,critical
EVT_002281,compliance.submitted,CUST_0011,INV_89886,2024-06-28T04:05:01Z,420.21,f44d8199-f637-419e-8658-87d17b6dc9f8,high
EVT_002282,compliance.failed,CUST_0025,INV_52894,2024-02-20T08:46:28Z,222.61,b83b56c1-6bd3-4bd8-a3a2-986644f3310a,high
EVT_002283,invoice.validated,CUST_0007,INV_48879,2024-06-20T20:28:58Z,327.11,ef362e30-31c8-4f8e-b0fb-949f3c64d6c3,normal
EVT_002284,invoice.validated,CUST_0005,INV_35546,2024-06-15T14:27:16Z,16.19,1dee6f68-cd6c-4c22-86dc-124665459845,low
EVT_002285,invoice.validated,CUST_0003,INV_96938,2024-02-28T11:57:47Z,357.38,3bf2cf24-d458-4266-b364-11fa1eeaa6b1,critical
EVT_002286,invoice.created,CUST_0070,INV_14282,2024-06-10T09:38:59Z,185.24,464a3fb0-ede3-4ac2-baf5-9c9c68dd5664,normal
EVT_002287,invoice.rejected,CUST_0073,INV_59994,2024-06-16T01:32:49Z,247.73,b876c400-d982-49fd-968d-2a30895a979e,low
EVT_002288,invoice.rejected,CUST_0063,INV_18442,2024-03-26T01:56:47Z,23.82,e89168bb-ac8f-47b8-8ecd-86f4a5770b71,high
EVT_002289,invoice.validated,CUST_0008,INV_80328,2024-01-31T03:07:29Z,39.9,42a5be8e-7b21-44e8-a4b4-9c3c99f89c25,normal
EVT_002290,invoice.rejected,CUST_0072,INV_65328,2024-04-28T08:29:05Z,434.5,1009f13e-457e-4429-9846-739a49af5300,normal
EVT_002291,invoice.validated,CUST_0026,INV_78198,2024-02-09T00:55:22Z,49.71,7bf05e33-4583-4db2-bc8b-8fb8974d0df6,low
EVT_002292,invoice.paid,CUST_0018,INV_85185,2024-03-05T02:47:33Z,49.58,fd928fb3-bf1f-45c8-9f6f-0938561ef24c,low
EVT_002293,invoice.rejected,CUST_0029,INV_63515,2024-02-08T07:20:17Z,415.98,84d3f1e9-18d8-4565-bf99-c871f650378e,critical
EVT_002294,invoice.created,CUST_0059,INV_67349,2024-03-11T21:57:20Z,349.26,a9b2baa2-c9ca-472d-afd1-be214cfe7714,high
EVT_002295,compliance.failed,CUST_0041,INV_17427,2024-02-18T08:59:58Z,9.5,9a836bd4-89f3-44be-9bb3-fdd688e96298,normal
EVT_002296,compliance.submitted,CUST_0030,INV_82892,2024-05-22T16:01:31Z,38.71,3ddeeb56-9839-4747-84d2-fad8c9e26a8b,normal
EVT_002297,invoice.validated,CUST_0035,INV_16116,2024-05-19T04:14:42Z,221.25,92a85234-d483-49d9-bab2-aedf3d4cdba5,low
EVT_002298,compliance.failed,CUST_0012,INV_31370,2024-03-29T04:48:48Z,47.92,8442ac6e-a4a9-472d-8548-656d912668a9,high
EVT_002299,compliance.failed,CUST_0008,INV_64209,2024-03-26T07:30:12Z,88.84,e131ea68-deb2-4943-af15-0a78e7689df0,low
EVT_002300,compliance.failed,CUST_0061,INV_74905,2024-05-04T16:50:12Z,233.03,3158d274-0b86-4903-bd52-c27670a64510,normal
EVT_002301,invoice.paid,CUST_0034,INV_57154,2024-01-10T17:13:59Z,84.11,e832c8ad-fc8d-4fbd-81c9-0b81d5753d47,normal
EVT_002302,invoice.validated,CUST_0061,INV_54496,2024-05-02T02:59:25Z,189.67,1c259020-3dd6-444c-b437-af39d1f91538,low
EVT_002303,compliance.failed,CUST_0075,INV_54989,2024-05-31T20:06:34Z,163.74,a719cb07-a67e-465d-9fbb-b03991135133,normal
EVT_002304,invoice.validated,CUST_0032,INV_92208,2024-04-04T06:26:37Z,10.19,f3b59143-a6fc-4539-ba51-b0f6c73a9531,low
EVT_002305,invoice.created,CUST_0017,INV_16179,2024-01-17T09:58:04Z,6.84,2886188c-5deb-43ab-8ab2-5558b3f67dcc,high
EVT_002306,compliance.failed,CUST_0071,INV_90503,2024-03-21T18:22:04Z,3.45,f1a88ea2-eb29-4d4e-bd7e-e3321b3ce8c3,critical
EVT_002307,invoice.paid,CUST_0007,INV_48187,2024-06-16T13:39:23Z,490.95,bca69a92-9ebf-4fdf-895e-54f841126f04,normal
EVT_002308,compliance.submitted,CUST_0046,INV_91189,2024-01-21T02:39:59Z,154.17,55f9b9cf-5968-4c26-984b-8a658e95dd4b,low
EVT_002309,invoice.validated,CUST_0064,INV_33003,2024-01-20T19:27:53Z,123.83,44660dcb-ea4d-4a0f-bd4d-489c29575aeb,normal
EVT_002310,invoice.paid,CUST_0029,INV_33827,2024-04-18T06:24:02Z,9.01,954e80a6-f220-40df-abc0-6cf7246ba12b,low
EVT_002311,invoice.paid,CUST_0049,INV_99014,2024-02-04T04:54:25Z,384.42,9080825d-0799-4764-b0ef-2af481db36cf,critical
EVT_002312,invoice.validated,CUST_0025,INV_10197,2024-06-25T11:10:57Z,172.47,2534f722-17b3-4586-bd6d-b51a76c1950d,high
EVT_002313,invoice.created,CUST_0039,INV_49941,2024-03-26T23:41:03Z,358.68,f334ed3f-5401-4961-bc06-81d123d4ed9e,high
EVT_002314,invoice.paid,CUST_0002,INV_12727,2024-02-22T14:46:30Z,316.75,bb9f5b48-b71c-41b6-b216-eb59f96c38f1,critical
EVT_002315,invoice.rejected,CUST_0065,INV_19354,2024-05-12T21:19:26Z,259.11,9df58f10-7f24-47a1-9408-a08d8d8c9f44,critical
EVT_002316,compliance.submitted,CUST_0064,INV_33810,2024-02-19T23:28:17Z,265.27,8eb94648-8ae9-45a1-bbb4-7ae5849cf768,high
EVT_002317,invoice.rejected,CUST_0054,INV_34246,2024-02-15T06:39:27Z,23.17,d839fa09-66f5-4451-870f-f757b0e54e9e,normal
EVT_002318,invoice.validated,CUST_0046,INV_12298,2024-04-20T03:31:26Z,21.5,28d4c90f-86bf-4f88-89ef-e2929ed5d13a,normal
EVT_002319,invoice.created,CUST_0078,INV_95736,2024-01-26T23:39:07Z,249.19,7143d2d2-108c-40ea-8fd8-3801670a3d9b,high
EVT_002320,invoice.rejected,CUST_0015,INV_63806,2024-01-14T20:26:57Z,299.14,db769bbd-c99d-4dbc-8788-49e75bf05ba2,critical
EVT_002321,invoice.validated,CUST_0030,INV_70722,2024-03-25T15:24:08Z,33.75,96f46ed8-868a-4a24-b092-1eed51bf9e83,high
EVT_002322,invoice.paid,CUST_0024,INV_59411,2024-01-09T07:12:28Z,4.72,4c07b624-1de4-478c-861b-52cf75cf0fde,high
EVT_002323,invoice.validated,CUST_0013,INV_24020,2024-02-07T18:35:01Z,11.93,2a26bf81-8351-47c4-8ea1-8bda59edd07f,high
EVT_002324,invoice.validated,CUST_0074,INV_30582,2024-04-13T18:38:12Z,4.15,44cb2505-fbd5-4b51-8933-436f372b411b,low
EVT_002325,invoice.created,CUST_0023,INV_58773,2024-05-31T20:54:04Z,37.71,327e03d4-cbfb-4d3a-b387-4b4f9ee0b671,high
EVT_002326,invoice.paid,CUST_0069,INV_81229,2024-01-30T20:04:41Z,21.44,216675c3-00de-41ac-92ea-2913c3dab17a,low
EVT_002327,compliance.submitted,CUST_0075,INV_52823,2024-01-22T07:24:12Z,130.59,088f69b8-e86d-4e33-8acd-cb13fbd0dc90,normal
EVT_002328,invoice.paid,CUST_0001,INV_33286,2024-01-09T06:26:17Z,125.37,d9040414-da1e-4cdb-b9c9-a593f1966f3c,critical
EVT_002329,invoice.rejected,CUST_0032,INV_78259,2024-06-10T12:58:25Z,160.51,81c36f36-05eb-44eb-a0b6-7097f0a5d725,high
EVT_002330,invoice.rejected,CUST_0052,INV_25565,2024-05-25T10:17:13Z,267.93,8f956698-c786-47f8-8034-3a6e872605dc,normal
EVT_002331,invoice.validated,CUST_0015,INV_67162,2024-04-28T13:12:22Z,40.62,d7827100-d782-4555-a1f5-900f49cfab94,high
EVT_002332,invoice.rejected,CUST_0009,INV_31377,2024-01-09T19:54:55Z,30.97,22cca0fd-1ea4-4d30-ba72-c0cfbc74b3af,high
EVT_002333,compliance.submitted,CUST_0063,INV_24669,2024-04-09T05:48:17Z,179.41,17c7c3ba-eefd-40b9-b906-04b4474bc683,high
EVT_002334,compliance.submitted,CUST_0074,INV_22653,2024-05-14T02:41:02Z,262.14,04709df6-add5-497c-8719-5012c3b6d830,low
EVT_002335,invoice.paid,CUST_0008,INV_65344,2024-02-12T14:11:57Z,432.48,33dd13e2-12d3-4ebc-8493-b6d518d2ff79,low
EVT_002336,invoice.rejected,CUST_0008,INV_35782,2024-01-02T01:05:05Z,130.89,4d805c3c-604d-4c71-baec-678da4b5d83a,normal
EVT_002337,invoice.rejected,CUST_0013,INV_92812,2024-01-01T17:56:12Z,284.29,4e195877-60c1-4611-a102-b18386cca573,normal
EVT_002338,invoice.created,CUST_0071,INV_56567,2024-05-17T19:50:05Z,330.39,cb1562ec-9c20-471e-b137-a1eee6ef89be,normal
EVT_002339,compliance.submitted,CUST_0073,INV_18185,2024-05-28T23:54:24Z,3.92,392322b9-4df7-4cbd-af3f-f21fc31f0a51,critical
EVT_002340,invoice.validated,CUST_0056,INV_33240,2024-02-17T09:25:41Z,264.52,a8be650b-cf9b-48b7-8bd9-fc01ba5e4fad,critical
EVT_002341,invoice.paid,CUST_0027,INV_63413,2024-02-11T15:35:47Z,45.11,ecd30da4-b2bb-4cfa-9755-70e8bb34ede7,critical
EVT_002342,invoice.paid,CUST_0023,INV_23730,2024-03-18T05:10:49Z,13.14,192ad224-f3f7-44b1-8017-4e528390e0e8,low
EVT_002343,invoice.validated,CUST_0010,INV_97008,2024-02-06T20:52:02Z,480.82,21d850d6-d11a-4815-b6fe-aa1c1dc1090c,normal
EVT_002344,compliance.submitted,CUST_0013,INV_76597,2024-05-10T16:31:57Z,83.57,91afd313-6ed7-4b3d-96a5-d64be75c145d,low
EVT_002345,invoice.rejected,CUST_0068,INV_12593,2024-04-02T14:22:43Z,20.9,7a89474e-d324-4989-bdc3-3cf7d8f45598,low
EVT_002346,compliance.failed,CUST_0055,INV_58527,2024-05-26T16:58:02Z,398.06,a3b11c52-5795-411b-aa90-6a974e7c41e3,low
EVT_002347,invoice.created,CUST_0035,INV_91417,2024-02-18T00:47:30Z,7.24,eabcddd3-b9a5-4d73-85be-82a9eba197fc,critical
EVT_002348,invoice.created,CUST_0065,INV_56182,2024-05-14T21:58:21Z,466.21,8fd95a2a-d08d-495f-8ed9-25fd455cb209,normal
EVT_002349,invoice.rejected,CUST_0070,INV_55867,2024-05-14T12:35:04Z,410.77,4d674377-f18f-4b2f-8a93-d036bbee7ad3,normal
EVT_002350,invoice.rejected,CUST_0051,INV_62330,2024-03-14T04:20:35Z,164.56,043f6fe2-309e-4228-b8aa-b44f12c13c81,low
EVT_002351,invoice.paid,CUST_0018,INV_36757,2024-03-03T20:25:28Z,16.09,9de94d57-3bbd-461d-983b-61816d37ecac,high
EVT_002352,compliance.submitted,CUST_0042,INV_45760,2024-02-13T09:39:31Z,144.24,872c9983-9a19-4a6b-ba6d-88fea71abe4d,high
EVT_002353,compliance.submitted,CUST_0018,INV_12945,2024-04-22T11:52:50Z,244.53,13581233-3056-498d-9dde-2db4145a8d3d,critical
EVT_002354,invoice.rejected,CUST_0055,INV_18248,2024-04-24T14:50:14Z,38.46,8aab4d19-ef0d-4221-8b56-f10071d8519a,low
EVT_002355,compliance.submitted,CUST_0071,INV_69937,2024-05-31T19:40:13Z,151.96,3c39411c-7b1a-4a63-a9c2-9381e50a332f,high
EVT_002356,invoice.created,CUST_0052,INV_76723,2024-02-23T13:19:09Z,141.24,a073a8c5-62ba-4314-a1ca-599dee34efd3,low
EVT_002357,invoice.validated,CUST_0053,INV_47876,2024-03-30T17:16:40Z,42.11,11bede1d-9ec7-4fad-b104-95b995456c94,critical
EVT_002358,compliance.submitted,CUST_0075,INV_24000,2024-04-14T03:58:02Z,49.86,aae2a3ee-5594-4fc6-8edd-5fad2d2ad1f2,high
EVT_002359,invoice.created,CUST_0038,INV_89289,2024-03-02T08:50:22Z,9.17,f0035c7b-0a96-493b-9788-87b11b2d5317,high
EVT_002360,invoice.created,CUST_0022,INV_31499,2024-01-23T23:10:00Z,194.18,beab55f3-c2b5-4172-96a0-db649f1cb649,high
EVT_002361,invoice.created,CUST_0071,INV_12369,2024-04-26T20:43:40Z,76.87,5719f239-f66d-489f-8c3b-09df2a948f4c,high
EVT_002362,invoice.validated,CUST_0067,INV_10071,2024-01-21T06:25:16Z,373.33,edb251ba-3ef8-48cb-a873-d48c81526aac,low
EVT_002363,invoice.rejected,CUST_0043,INV_97393,2024-04-03T16:27:43Z,393.08,751e9947-d60d-4e8e-92cd-74f94f02a303,critical
EVT_002364,compliance.failed,CUST_0034,INV_23891,2024-06-10T19:57:38Z,28.11,bf3b3dae-d65e-4c81-83ae-03e4b6e89fbb,normal
EVT_002365,invoice.rejected,CUST_0058,INV_11667,2024-06-02T01:45:26Z,412.05,487caede-9cf0-424c-9834-6d888f1cb8bf,critical
EVT_002366,compliance.submitted,CUST_0052,INV_88176,2024-01-20T18:31:38Z,80.5,987a0c0e-ecbc-4bfc-9a4a-aac7b2b03d18,critical
EVT_002367,compliance.submitted,CUST_0038,INV_44217,2024-01-19T20:28:43Z,336.74,9e2301a4-7cea-4052-89c0-b8e76f2a9319,high
EVT_002368,compliance.submitted,CUST_0056,INV_16787,2024-03-28T03:40:42Z,25.63,e61d9de8-5f08-45d3-9bcc-d4604a8b3228,low
EVT_002369,invoice.validated,CUST_0068,INV_64322,2024-04-01T16:09:52Z,209.74,e9a9f8c9-b5b4-4a14-b207-2759d3bf5da9,normal
EVT_002370,compliance.failed,CUST_0055,INV_26105,2024-03-13T07:19:44Z,90.71,a2d9285e-29e3-403e-99e0-068d7e225348,normal
EVT_002371,invoice.created,CUST_0077,INV_61563,2024-04-25T14:19:37Z,497.86,80024c02-9c70-4a8b-887d-e9ded53d3a04,critical
EVT_002372,invoice.rejected,CUST_0048,INV_15061,2024-02-02T00:11:07Z,168.11,c7eb232d-88e5-4d06-9deb-8b49a6275dd6,high
EVT_002373,invoice.paid,CUST_0079,INV_72611,2024-04-25T23:52:59Z,7.71,be1aaa0f-2d46-46ea-bf71-9aa54a072654,normal
EVT_002374,invoice.created,CUST_0016,INV_53487,2024-04-28T06:05:30Z,189.78,32d78a4e-0e4d-4d1a-a9ed-b0ba6e95ab4c,critical
EVT_002375,invoice.paid,CUST_0004,INV_50278,2024-02-20T05:15:20Z,368.85,7528ffc7-10cf-4d95-85c6-bf85a8afcb21,high
EVT_002376,invoice.validated,CUST_0048,INV_88745,2024-04-25T23:33:45Z,22.42,702a7d7f-4547-4336-afd0-e29727e6d08d,normal
EVT_002377,invoice.paid,CUST_0041,INV_20726,2024-01-02T04:27:32Z,48.5,ce7dee96-5b62-4d79-97b7-32fdf4f0db3d,low
EVT_002378,compliance.submitted,CUST_0022,INV_17386,2024-05-16T05:18:18Z,1.16,9de69b82-7525-45b4-bb12-7835c21532d3,low
EVT_002379,compliance.failed,CUST_0009,INV_71905,2024-06-29T10:49:54Z,166.82,d6324599-a5a9-44c3-9c0e-871303e21b2e,critical
EVT_002380,invoice.rejected,CUST_0021,INV_80263,2024-03-23T15:26:01Z,392.66,24e1399e-4ad8-4739-baa5-e3927a1bc53b,high
EVT_002381,invoice.rejected,CUST_0042,INV_32409,2024-04-17T14:29:51Z,150.29,addff09a-d2e8-4555-bbdc-057ecd0ce263,normal
EVT_002382,invoice.paid,CUST_0041,INV_25159,2024-01-20T16:34:22Z,48.9,4efd1f2f-642e-4f21-836f-467a01d3302a,critical
EVT_002383,invoice.rejected,CUST_0009,INV_16845,2024-01-11T15:06:10Z,313.34,53c0c591-092a-4ad5-9732-08eb0fd1a17d,low
EVT_002384,invoice.paid,CUST_0034,INV_50272,2024-03-28T00:56:06Z,14.19,8e3afb26-e96c-4255-93e8-bbd078976c42,high
EVT_002385,invoice.paid,CUST_0019,INV_79327,2024-02-27T18:44:40Z,177.98,9bdc0f0f-7214-4de9-91dd-803ecfb37045,low
EVT_002386,invoice.rejected,CUST_0046,INV_84852,2024-04-22T17:42:12Z,464.39,4ca66cc4-5b6a-4c75-8cfc-cf3c3dd8805e,normal
EVT_002387,invoice.validated,CUST_0005,INV_74006,2024-03-05T17:37:01Z,260.91,6caf4d62-7d6b-4bf4-ac82-1e8c2fa7ee04,normal
EVT_002388,invoice.created,CUST_0054,INV_36350,2024-01-17T03:29:16Z,12.74,f4e86b3c-38ae-4aa7-8dc4-0d8bfc3e85a7,critical
EVT_002389,invoice.paid,CUST_0005,INV_76326,2024-04-09T14:39:33Z,27.21,44ddc1e6-44f2-4430-8d0c-de5499b67af3,high
EVT_002390,compliance.submitted,CUST_0023,INV_72287,2024-04-03T04:35:05Z,10.62,abd8a635-2665-4d08-bbbd-8b51ec7185c0,high
EVT_002391,invoice.validated,CUST_0009,INV_26020,2024-03-01T20:50:01Z,301.93,cdac9c2c-3a74-45f7-9401-ec22df435e24,normal
EVT_002392,invoice.validated,CUST_0042,INV_73259,2024-05-21T13:05:59Z,215.6,99fbf609-66f7-49e9-ac6e-404d4ea6e02f,low
EVT_002393,compliance.failed,CUST_0046,INV_72700,2024-03-23T11:58:17Z,10.21,224bc576-b7fa-48f6-9118-71d83b586183,critical
EVT_002394,invoice.paid,CUST_0057,INV_31310,2024-05-24T03:24:00Z,109.62,6a5288f6-4d4f-4e10-9603-7b160f3c5c12,normal
EVT_002395,invoice.paid,CUST_0027,INV_27898,2024-06-06T23:48:10Z,477.26,f0e4c4e4-b3fd-45e4-84d0-3affaad92999,critical
EVT_002396,invoice.rejected,CUST_0034,INV_16902,2024-06-24T22:25:48Z,446.57,88dd0066-1d7f-44a2-b490-d01d654ab262,low
EVT_002397,compliance.submitted,CUST_0015,INV_88063,2024-01-10T08:44:28Z,380.16,0473d134-dc58-4d6c-a34b-fec13e8028bf,normal
EVT_002398,invoice.created,CUST_0044,INV_21139,2024-02-01T19:01:03Z,111.44,67bac6e2-c1ba-415f-bca6-d20a10082549,normal
EVT_002399,invoice.rejected,CUST_0038,INV_77449,2024-03-16T16:53:26Z,434.34,131c7f53-970a-4bf2-a2fa-625d7bc612bd,critical
EVT_002400,invoice.paid,CUST_0075,INV_32373,2024-03-12T23:38:37Z,181.53,3bbe2049-2bc3-4549-ab0a-e6b03d5b6e02,high
EVT_002401,compliance.submitted,CUST_0074,INV_26569,2024-03-08T16:15:54Z,47.33,426c4cbc-6877-4edd-bb8a-d589fd4d20da,normal
EVT_002402,invoice.paid,CUST_0019,INV_86520,2024-01-14T21:00:51Z,406.02,0608e76e-0176-4a7c-87e3-95f816778594,low
EVT_002403,compliance.submitted,CUST_0018,INV_80837,2024-02-28T02:33:29Z,10.19,9cc6597d-5a5d-449f-9444-26051edf5842,critical
EVT_002404,invoice.rejected,CUST_0002,INV_86100,2024-06-28T20:32:45Z,187.39,65c6a10a-6369-4333-877a-3da70b07b7e7,low
EVT_002405,invoice.validated,CUST_0035,INV_65765,2024-06-03T08:03:35Z,181.08,45c1477c-c9d0-4672-8878-0a04617f7be0,low
EVT_002406,compliance.failed,CUST_0011,INV_38526,2024-02-05T09:13:51Z,81.49,24a72271-e7c5-442f-a7cb-161213b424ff,low
EVT_002407,invoice.validated,CUST_0011,INV_89921,2024-04-22T06:14:41Z,123.75,bd7d0fe1-697c-4834-b1bd-15e10d297598,high
EVT_002408,invoice.created,CUST_0074,INV_90897,2024-01-03T04:55:30Z,463.24,533e1bed-807e-4673-be10-67b10e755d30,normal
EVT_002409,invoice.paid,CUST_0014,INV_85640,2024-03-27T11:13:28Z,97.34,211b1a4e-55d2-4824-87db-fb7ffdd6e7bd,critical
EVT_002410,invoice.validated,CUST_0075,INV_58977,2024-02-10T08:04:21Z,297.68,59512b01-a74c-46e2-802e-c20db7e939a2,low
EVT_002411,invoice.created,CUST_0060,INV_97678,2024-05-25T10:36:12Z,323.1,262981b8-2f36-4df6-b6ef-e676b7cbaeb2,low
EVT_002412,invoice.validated,CUST_0016,INV_86610,2024-04-21T18:49:54Z,4.91,ca24bd0d-beba-49cf-9450-76a638f6cc20,critical
EVT_002413,compliance.failed,CUST_0040,INV_51307,2024-01-27T02:21:16Z,333.1,3b463287-b6cf-42de-952a-1341d5ed0a87,low
EVT_002414,compliance.submitted,CUST_0068,INV_23246,2024-03-04T17:00:38Z,157.58,3d76b509-306f-4d8d-aa12-a56a650ed7e6,low
EVT_002415,invoice.validated,CUST_0018,INV_70429,2024-02-28T03:00:39Z,307.09,372a01b2-5975-47df-906e-8f4ea6f0d8ba,critical
EVT_002416,invoice.paid,CUST_0027,INV_28331,2024-03-14T14:48:08Z,415.34,2e4535f2-0f5c-4220-8865-50cce3ea5f6a,critical
EVT_002417,invoice.validated,CUST_0073,INV_56298,2024-02-17T15:23:43Z,419.75,5127b1a3-65be-49f9-925d-4150a5c03917,high
EVT_002418,invoice.paid,CUST_0070,INV_21842,2024-03-03T11:29:48Z,18.97,3c01d56a-c006-4f30-a326-5d3f02539457,low
EVT_002419,invoice.paid,CUST_0043,INV_59227,2024-06-16T03:29:54Z,123.1,ac85c286-a9a4-4d0c-9469-4600a501b90d,low
EVT_002420,invoice.rejected,CUST_0013,INV_42256,2024-03-14T18:08:24Z,20.25,0b61214d-1eba-4545-a1f2-14a20fa7c39d,normal
EVT_002421,invoice.validated,CUST_0061,INV_69891,2024-04-04T09:39:55Z,385.48,5d923b4b-ca6a-48d3-bc12-38c80fa3acf2,critical
EVT_002422,invoice.rejected,CUST_0053,INV_42685,2024-01-01T21:50:17Z,128.19,f6966902-8a7e-4fec-a2b6-72576eea7226,high
EVT_002423,compliance.failed,CUST_0009,INV_99516,2024-06-07T15:29:49Z,232.71,a6854ab3-7a64-4f8d-9169-5a83fdb9276f,critical
EVT_002424,invoice.validated,CUST_0042,INV_53877,2024-05-03T05:28:41Z,172.72,e222bebd-3d80-4ae0-b611-04b0e157af89,high
EVT_002425,invoice.created,CUST_0006,INV_14911,2024-03-13T11:43:38Z,134.03,3fd61092-546f-4235-bf8d-a8f30782cbdc,normal
EVT_002426,invoice.validated,CUST_0002,INV_73780,2024-02-21T06:36:10Z,491.29,40c96da7-1b3d-458f-9db8-62ae183509cf,low
EVT_002427,invoice.rejected,CUST_0034,INV_98661,2024-05-03T01:32:08Z,14.26,292658b8-42e2-4457-8583-16a52dcbad83,high
EVT_002428,invoice.created,CUST_0028,INV_85411,2024-06-28T22:06:21Z,169.59,1dde2322-d818-46e3-b20b-9fa2b0200029,high
EVT_002429,compliance.failed,CUST_0078,INV_10471,2024-05-01T16:36:57Z,75.97,e6d90fef-2b4a-4114-b7f6-ca56122d66f1,critical
EVT_002430,invoice.rejected,CUST_0035,INV_55954,2024-06-18T03:56:26Z,156.04,d7ef9e3a-a695-4667-9c10-50e7ce788973,critical
EVT_002431,invoice.paid,CUST_0018,INV_26159,2024-06-13T05:59:07Z,183.24,2bf28dde-dd7b-4335-ad65-a91bfd93dd10,low
EVT_002432,invoice.paid,CUST_0014,INV_45519,2024-05-27T02:28:50Z,164.85,edcd8b6d-3b54-4d34-b254-888e7a190830,normal
EVT_002433,compliance.submitted,CUST_0076,INV_18520,2024-04-07T20:14:09Z,346.61,58f331c1-663d-43cb-8104-2f2f0a5ec7d2,high
EVT_002434,compliance.failed,CUST_0066,INV_40675,2024-02-13T04:40:02Z,11.51,fb12f289-62a3-478e-9ed9-dd0245a706b0,high
EVT_002435,compliance.failed,CUST_0013,INV_11104,2024-02-15T03:45:10Z,143.4,554fc533-6635-4d97-8db0-f857e1bf929a,normal
EVT_002436,compliance.failed,CUST_0066,INV_64936,2024-06-09T08:59:40Z,48.5,f01ce48a-dd62-40d1-ba00-eb6d5e0a8ee8,high
EVT_002437,invoice.validated,CUST_0034,INV_15179,2024-06-01T22:07:45Z,46.27,8c23177e-46c4-4db5-b522-5b3e4ecd38eb,low
EVT_002438,compliance.failed,CUST_0079,INV_95507,2024-01-07T18:24:49Z,119.27,3b264582-75a2-4542-96c0-a9aa76e07a5e,low
EVT_002439,compliance.failed,CUST_0003,INV_74847,2024-01-11T23:45:41Z,284.9,2bd4cc37-dc47-4868-8568-de6bb4df1c95,normal
EVT_002440,invoice.rejected,CUST_0021,INV_41483,2024-02-22T13:39:31Z,146.49,b83144bc-14c2-494c-99de-cc608c6a0976,high
EVT_002441,invoice.validated,CUST_0013,INV_28900,2024-05-03T04:00:50Z,345.27,728256ee-94d8-4a44-93fd-db0d47b52161,critical
EVT_002442,invoice.paid,CUST_0020,INV_43522,2024-05-24T13:11:47Z,43.41,db916d41-fc93-4a42-90eb-96ed5a7440bd,high
EVT_002443,invoice.rejected,CUST_0011,INV_28894,2024-04-06T07:34:08Z,459.7,ae795cc7-223a-4c67-88e4-876f0ac5848d,normal
EVT_002444,invoice.created,CUST_0023,INV_24140,2024-03-22T09:41:17Z,143.28,35d88209-1458-4807-bdd0-05db1415844c,critical
EVT_002445,invoice.created,CUST_0068,INV_60001,2024-03-24T19:30:01Z,121.23,eb0e208e-e584-4a01-b10d-0f22f261b69e,critical
EVT_002446,invoice.validated,CUST_0022,INV_14606,2024-01-11T21:24:03Z,100.28,84eae3f9-871d-4fb6-a85e-18af84e002a5,critical
EVT_002447,compliance.submitted,CUST_0018,INV_57237,2024-01-14T14:35:21Z,10.63,6ac02f41-4647-4696-8200-1c965806fc2e,high
EVT_002448,compliance.submitted,CUST_0060,INV_51024,2024-04-02T09:22:13Z,64.37,5831cf31-a65c-4de6-a2a5-d72d28d698e9,low
EVT_002449,invoice.paid,CUST_0004,INV_38336,2024-06-04T01:25:11Z,31.15,2477bbe9-25b2-4c89-977f-ce4475f932fd,critical
EVT_002450,invoice.created,CUST_0022,INV_24307,2024-02-01T02:48:30Z,376.71,32e14f5e-b1e8-4907-a21f-5a0360cced61,critical
EVT_002451,invoice.paid,CUST_0010,INV_74961,2024-05-07T04:55:18Z,67.99,29d41d96-9cea-424f-aaea-303eba75ce4e,high
EVT_002452,invoice.paid,CUST_0036,INV_24663,2024-05-24T08:52:29Z,49.94,a9d2f062-32d6-46d2-84ed-8cf688691406,critical
EVT_002453,invoice.rejected,CUST_0001,INV_50159,2024-03-29T07:27:59Z,13.0,df95ec30-5a21-4ca2-becf-7e1975ddb19c,high
EVT_002454,invoice.validated,CUST_0038,INV_34073,2024-06-15T09:06:37Z,18.67,e10884a6-dc78-4fdf-a9a0-7f093e7a3168,high
EVT_002455,compliance.submitted,CUST_0024,INV_45373,2024-02-11T16:27:09Z,428.56,edb6ee09-9402-4b11-9484-29d718884a05,low
EVT_002456,invoice.rejected,CUST_0075,INV_68468,2024-02-22T17:44:04Z,256.25,bbac40fa-6eed-4e25-bf9b-d61a13e43e97,low
EVT_002457,invoice.validated,CUST_0027,INV_65137,2024-05-10T22:56:43Z,32.44,702856f8-6627-4aa3-97dd-557dc15a5a26,critical
EVT_002458,compliance.failed,CUST_0053,INV_71029,2024-01-16T07:42:49Z,373.84,7d8eb31a-a29d-4b5f-9341-a38034428f06,normal
EVT_002459,compliance.failed,CUST_0035,INV_57066,2024-03-07T23:34:00Z,29.63,7072e036-f1eb-4bdb-82ec-f807f15d8f26,low
EVT_002460,compliance.failed,CUST_0014,INV_24475,2024-04-21T15:33:57Z,16.66,7b910d0e-8525-4621-a7a3-4e4e021d7ad1,normal
EVT_002461,invoice.paid,CUST_0056,INV_47425,2024-04-14T22:52:41Z,170.35,86b2b956-eec5-41f2-9b7b-d9308f2f1ac1,critical
EVT_002462,compliance.submitted,CUST_0072,INV_98403,2024-03-24T02:26:15Z,21.64,d6744cf1-58f8-45cd-afc8-a0f1d5d82f20,low
EVT_002463,invoice.rejected,CUST_0065,INV_50889,2024-04-12T01:05:44Z,53.55,f31f8ee5-34c6-4f0f-989c-9f85428f9753,low
EVT_002464,compliance.submitted,CUST_0073,INV_14263,2024-01-22T06:28:20Z,25.04,bb8cb8e2-51d1-48df-9420-be5ef6463408,critical
EVT_002465,invoice.created,CUST_0039,INV_62909,2024-01-09T11:14:49Z,28.99,7cdef1a7-d875-480d-9d85-befa5f8ded25,critical
EVT_002466,compliance.failed,CUST_0078,INV_26758,2024-05-21T19:44:05Z,167.81,fbf3351a-4142-4da4-ac10-b8a9d32427c1,high
EVT_002467,invoice.rejected,CUST_0066,INV_68857,2024-03-25T20:46:59Z,47.28,5c5517a7-224c-43ee-8f1e-f7a5ba102b00,critical
EVT_002468,invoice.paid,CUST_0041,INV_34574,2024-02-23T06:25:43Z,8.25,e679097b-230b-459c-9d5a-204924e3faec,normal
EVT_002469,compliance.failed,CUST_0063,INV_29449,2024-05-13T06:28:45Z,43.44,12fc2f74-58be-4bde-b8b1-77cef9870c62,normal
EVT_002470,invoice.created,CUST_0001,INV_12382,2024-01-12T20:05:30Z,447.5,45902480-f61e-4520-a6e0-3b9f55cb1dac,critical
EVT_002471,compliance.submitted,CUST_0059,INV_24579,2024-02-16T11:05:29Z,362.58,6fe464c7-6096-44ba-9bab-cacf2ebabff4,low
EVT_002472,invoice.created,CUST_0016,INV_63240,2024-02-18T22:58:34Z,40.12,d56af316-0789-4737-8102-cc9b3d063c14,critical
EVT_002473,compliance.failed,CUST_0073,INV_92283,2024-05-26T05:05:16Z,8.46,9872866f-5090-4cec-8c3c-a7372fd3c2ca,critical
EVT_002474,compliance.submitted,CUST_0075,INV_85650,2024-05-10T17:35:29Z,161.0,5c734e1f-4593-4ccd-bba8-8875bb931159,low
EVT_002475,compliance.failed,CUST_0070,INV_54150,2024-06-03T09:41:55Z,496.7,5da6c77d-3de4-4d5d-a4a6-ff3ada326585,critical
EVT_002476,invoice.paid,CUST_0062,INV_42105,2024-02-20T02:25:43Z,386.18,276e7dd6-af88-42f0-b474-20af2e506aea,high
EVT_002477,invoice.paid,CUST_0029,INV_25563,2024-02-18T08:36:57Z,158.45,c71ae2a7-ce71-4119-891f-6493d1d2d82a,low
EVT_002478,invoice.created,CUST_0013,INV_51725,2024-04-11T15:10:50Z,401.48,3e31c2de-1fd5-45c4-8a08-a23a7d8c3c80,high
EVT_002479,invoice.validated,CUST_0043,INV_85147,2024-04-07T07:59:14Z,48.18,322f35c1-e50b-454a-8c5f-789c185c65b8,high
EVT_002480,invoice.rejected,CUST_0002,INV_36667,2024-01-14T06:49:49Z,16.87,0bc4cdda-45f3-4a41-bca8-d6bbbdd5298e,critical
EVT_002481,compliance.submitted,CUST_0042,INV_89588,2024-03-13T19:54:53Z,92.51,78bfacf9-2610-4b4d-bc77-27f70e5c5c1d,critical
EVT_002482,invoice.validated,CUST_0056,INV_17034,2024-03-26T18:04:59Z,283.3,7c4c4f5c-eabf-4948-afcb-54cc889b212d,low
EVT_002483,compliance.submitted,CUST_0018,INV_22006,2024-05-17T03:46:58Z,34.75,de89bfec-ee68-41ed-a57c-8cab3e2122a7,critical
EVT_002484,invoice.rejected,CUST_0077,INV_10147,2024-06-28T02:53:36Z,243.91,dd91b05a-a3f0-40dc-bb5a-b889f7aee4d4,high
EVT_002485,invoice.created,CUST_0065,INV_75127,2024-06-21T06:51:00Z,13.84,632567b7-e252-4fc2-986c-e57f4049987a,high
EVT_002486,invoice.rejected,CUST_0025,INV_30941,2024-03-20T22:07:44Z,47.6,b3248cbf-4d15-44be-8e7d-80e55229c063,low
EVT_002487,invoice.validated,CUST_0038,INV_91232,2024-01-17T22:20:04Z,496.53,e24de348-59c5-457a-90a8-d3aab1fa5c93,high
EVT_002488,invoice.created,CUST_0014,INV_99996,2024-04-16T14:18:07Z,255.13,01afd379-b132-4b7c-a172-fb3d82e67fcb,high
EVT_002489,invoice.created,CUST_0045,INV_47599,2024-04-19T14:34:41Z,33.61,7536cc00-0627-41e2-9b0b-cb1ad8a0c3ec,low
EVT_002490,invoice.validated,CUST_0060,INV_38713,2024-04-26T19:43:45Z,3.71,acec5f83-9107-41d4-94a2-18cb161766c1,normal
EVT_002491,compliance.submitted,CUST_0072,INV_28785,2024-02-17T01:12:48Z,425.7,6d7efd62-2a91-4128-835b-8555442de338,normal
EVT_002492,invoice.validated,CUST_0026,INV_84422,2024-06-24T13:18:57Z,188.78,ab2c7a1f-08cf-4e45-b093-213b9c521de5,low
EVT_002493,compliance.failed,CUST_0017,INV_44667,2024-01-06T16:51:04Z,203.6,6db63caf-4150-460d-a27b-9a52fd3ef8b8,critical
EVT_002494,invoice.rejected,CUST_0056,INV_39411,2024-05-25T21:55:05Z,165.79,b3f5af6e-2a1f-4211-bc96-42e08c1ac8fa,high
EVT_002495,invoice.created,CUST_0049,INV_50037,2024-05-20T20:38:14Z,184.08,36ee6b45-a651-4947-a600-2d9a9e56e4ef,normal
EVT_002496,invoice.created,CUST_0039,INV_24034,2024-03-15T08:04:02Z,99.93,eb3af2e2-adf1-4ab0-a029-3e3193f5a6d8,normal
EVT_002497,invoice.validated,CUST_0040,INV_44009,2024-04-05T12:02:18Z,133.75,12da4481-1009-4e89-8b70-e1789d9a1b51,critical
EVT_002498,invoice.validated,CUST_0069,INV_51661,2024-02-02T19:57:20Z,162.42,42718e0c-b897-497a-b02f-81630a0351d1,normal
EVT_002499,invoice.created,CUST_0051,INV_76766,2024-03-28T23:25:39Z,112.75,1136cc50-7cd5-46cc-912c-fd2fd6c547cd,critical
EVT_002500,invoice.validated,CUST_0020,INV_46183,2024-06-15T04:54:10Z,193.46,684ab4d1-61b5-49b4-8661-b4d2f0aea1d0,critical
EVT_002501,compliance.submitted,CUST_0070,INV_45332,2024-03-26T19:51:33Z,39.72,fc471ece-5a82-4b63-a8d2-d806e7d010ae,normal
EVT_002502,compliance.failed,CUST_0075,INV_37222,2024-01-12T16:02:14Z,18.72,9653d1d6-baea-499f-a2c1-df469b6decb1,high
EVT_002503,invoice.paid,CUST_0065,INV_49496,2024-04-19T20:00:17Z,68.83,bdf06aa5-dbd1-45f6-9626-318c515d8013,normal
EVT_002504,invoice.rejected,CUST_0040,INV_64955,2024-01-11T10:00:56Z,44.06,d79b3180-72b6-403c-9487-b9034681a3e6,normal
EVT_002505,compliance.failed,CUST_0012,INV_66731,2024-03-06T07:10:15Z,42.33,7df28f74-d763-4fe0-a9ea-3a99c11ec85e,high
EVT_002506,invoice.validated,CUST_0033,INV_12253,2024-04-21T14:54:41Z,148.99,0b5a4a8f-8e50-49bd-bb20-c554ca84a001,low
EVT_002507,compliance.failed,CUST_0016,INV_90276,2024-01-20T15:02:42Z,371.73,b512d22a-48b7-4a24-99d8-9123d50900ad,normal
EVT_002508,invoice.created,CUST_0060,INV_97646,2024-02-18T08:47:09Z,305.26,b10d09d8-45c8-466b-b701-0e844940a51e,high
EVT_002509,compliance.submitted,CUST_0065,INV_33431,2024-06-18T19:08:46Z,129.24,8089a438-7fb3-4a16-9aaa-e4f0ef478c95,low
EVT_002510,invoice.rejected,CUST_0052,INV_12396,2024-03-19T16:08:36Z,18.02,fcc7cc70-b818-4a01-9e05-815051e9f0ef,normal
EVT_002511,invoice.rejected,CUST_0012,INV_50763,2024-02-01T06:18:15Z,225.67,b944d62e-fa1b-40e2-82f0-9952b4423bde,normal
EVT_002512,invoice.created,CUST_0032,INV_25527,2024-06-16T14:45:22Z,390.73,83138078-ac03-4e04-8450-fb462c8037d8,critical
EVT_002513,invoice.validated,CUST_0001,INV_75099,2024-06-08T23:09:57Z,400.26,31293ad0-6e9f-4ae5-a640-f7c54a8d745a,critical
EVT_002514,invoice.validated,CUST_0007,INV_31385,2024-01-12T08:24:58Z,154.83,199bd183-8fc6-44fa-87ff-20d6bb1c101b,low
EVT_002515,invoice.rejected,CUST_0011,INV_14251,2024-01-18T08:56:21Z,81.48,11e4a918-8ff1-4fc6-a477-0c3b8e32329e,low
EVT_002516,compliance.failed,CUST_0031,INV_75061,2024-01-21T18:21:58Z,345.59,9214ac1d-72a7-456f-9134-4e54e69391da,critical
EVT_002517,compliance.failed,CUST_0006,INV_23757,2024-05-31T14:12:21Z,44.35,0c9b8e66-8ead-4da2-a15b-9d4c3dc32cc7,high
EVT_002518,invoice.created,CUST_0079,INV_76496,2024-05-25T21:06:21Z,288.89,73b4520f-2742-4feb-b8de-e4f7d977b427,critical
EVT_002519,invoice.rejected,CUST_0068,INV_11235,2024-03-04T19:39:05Z,61.56,d5517495-3537-4bfb-8031-1c567d756992,normal
EVT_002520,invoice.validated,CUST_0044,INV_25647,2024-04-12T22:29:15Z,374.13,247a69b4-45fa-4018-9787-5a4fba403b28,critical
EVT_002521,invoice.created,CUST_0067,INV_71823,2024-05-24T14:26:53Z,437.26,b4d02180-b3f5-48c2-8a8f-de42e9f35936,normal
EVT_002522,invoice.paid,CUST_0060,INV_23865,2024-01-22T17:43:47Z,359.74,45452a13-b551-49a7-8c0e-19c12cf0fa77,critical
EVT_002523,invoice.validated,CUST_0020,INV_98715,2024-01-26T04:48:41Z,163.73,031f1d14-34b5-427a-8a54-5c246ebac451,high
EVT_002524,invoice.created,CUST_0062,INV_80185,2024-04-05T05:28:34Z,100.83,05275900-2bb4-4bcd-8c37-28c3cb65d16d,critical
EVT_002525,invoice.created,CUST_0072,INV_10914,2024-06-16T15:13:42Z,204.66,c2cd522c-192f-4923-991b-0ad33821609d,high
EVT_002526,compliance.submitted,CUST_0046,INV_14125,2024-03-31T09:29:24Z,147.7,4711aa73-bf3a-497b-8ed3-a7cea826de4f,normal
EVT_002527,invoice.paid,CUST_0018,INV_34408,2024-02-11T09:59:26Z,8.95,4eaf45d6-cf6a-4b04-a422-ce042c3b5d7b,critical
EVT_002528,invoice.paid,CUST_0078,INV_82284,2024-05-09T21:15:06Z,118.38,aaa69629-ae33-4e5d-8877-562e78849674,low
EVT_002529,invoice.paid,CUST_0050,INV_99422,2024-06-04T12:13:03Z,34.45,52b136a7-9a8d-4560-bf4d-a54b6ed07642,normal
EVT_002530,invoice.rejected,CUST_0074,INV_28617,2024-06-13T23:54:35Z,58.24,40bfdc12-ae37-44bf-a488-100865cc6bff,high
EVT_002531,invoice.created,CUST_0019,INV_10578,2024-03-16T10:03:10Z,24.54,57701847-f634-4e1f-b124-50cc5573e46e,high
EVT_002532,invoice.validated,CUST_0021,INV_24746,2024-02-24T18:32:17Z,179.86,4781fa7a-6c7c-4948-9658-e1dedcf2be26,high
EVT_002533,invoice.validated,CUST_0065,INV_13091,2024-01-13T19:23:18Z,430.44,3ad92308-daf5-4e88-bfff-14845aa3aef6,low
EVT_002534,invoice.validated,CUST_0002,INV_16140,2024-03-02T10:29:50Z,105.25,0478026f-8779-4534-9dfb-1667a91cd701,high
EVT_002535,compliance.failed,CUST_0071,INV_48115,2024-03-16T08:50:20Z,272.1,2b7004df-886a-4c12-b0a2-5a47e079a7df,high
EVT_002536,compliance.submitted,CUST_0030,INV_21890,2024-03-01T04:02:37Z,98.88,eae559e3-b19f-4ab7-a96e-33426d199430,critical
EVT_002537,invoice.validated,CUST_0054,INV_74301,2024-02-20T09:42:53Z,25.77,17eeecdf-a4ad-41d1-af70-97ff17865d2c,high
EVT_002538,compliance.submitted,CUST_0061,INV_54166,2024-02-17T22:05:13Z,16.73,fd281dab-6522-40e3-9e36-41946ef9e1c2,low
EVT_002539,invoice.paid,CUST_0058,INV_53190,2024-06-25T05:45:24Z,384.79,72ebfb12-2ef3-4ac7-82c5-0ed66452ee4e,critical
EVT_002540,invoice.rejected,CUST_0065,INV_57484,2024-01-20T02:52:04Z,13.72,035caccc-a958-4ec8-81a4-907c30c9cb7f,critical
EVT_002541,compliance.failed,CUST_0021,INV_60246,2024-02-14T02:16:56Z,291.33,02b6e132-364b-4ddb-af7c-d6e00a3dee28,high
EVT_002542,invoice.paid,CUST_0036,INV_71415,2024-03-23T02:37:50Z,7.93,332163b1-8dc2-458b-959d-8696a2137eb3,critical
EVT_002543,compliance.submitted,CUST_0027,INV_70797,2024-01-12T20:57:41Z,282.24,454d494e-72e4-40c9-8561-ee67d7663d3a,critical
EVT_002544,invoice.validated,CUST_0069,INV_73065,2024-05-04T12:17:21Z,59.18,8f05e4c1-1d94-47a7-8eef-339062ee4942,high
EVT_002545,invoice.created,CUST_0030,INV_34341,2024-04-12T22:20:04Z,94.48,b2bec7ab-b455-489a-bdd5-96b0880e2f16,high
EVT_002546,invoice.validated,CUST_0059,INV_60242,2024-05-10T10:26:13Z,134.39,988febd7-5d2f-4c2d-be90-81f6729156ff,critical
EVT_002547,invoice.paid,CUST_0019,INV_34371,2024-06-22T12:01:31Z,175.09,011428b1-fe91-4cf4-895d-7fd5cb0017d8,critical
EVT_002548,invoice.validated,CUST_0055,INV_11348,2024-02-18T16:12:52Z,22.82,b6e8f8fb-52e8-4ef7-a360-9675d453fe02,critical
EVT_002549,compliance.failed,CUST_0009,INV_37069,2024-06-15T22:20:15Z,81.24,83341d14-6213-4ca2-a049-4d0d23c60138,critical
EVT_002550,invoice.validated,CUST_0054,INV_56941,2024-05-14T07:13:21Z,365.05,5b0d6673-01e8-476e-8189-043477d313cb,critical
EVT_002551,invoice.paid,CUST_0078,INV_98057,2024-01-11T02:53:18Z,361.31,75a378b9-b52b-4d7a-bcdd-26e4dbdfa356,critical
EVT_002552,invoice.validated,CUST_0076,INV_33116,2024-05-11T22:20:34Z,3.82,2ca81981-d956-4092-a611-3297b1b066e6,high
EVT_002553,invoice.created,CUST_0001,INV_78790,2024-03-08T08:27:09Z,47.24,d67b2288-7394-48a9-9fef-252d4ff2f166,critical
EVT_002554,invoice.rejected,CUST_0011,INV_88142,2024-06-24T16:41:57Z,42.83,81d42d06-6b1b-442d-8368-cc3bcd3ef80f,high
EVT_002555,compliance.failed,CUST_0025,INV_52161,2024-05-12T09:28:18Z,347.79,d933741c-fffe-4d7b-80b2-82f70e329833,critical
EVT_002556,invoice.rejected,CUST_0064,INV_55123,2024-05-18T00:00:30Z,224.02,dd6ee55c-27c8-4d5c-b293-d16850e0fa95,low
EVT_002557,compliance.submitted,CUST_0031,INV_44035,2024-06-10T09:32:58Z,77.14,fc26eac8-e886-4988-94b1-6d4ba0d40b17,normal
EVT_002558,invoice.validated,CUST_0059,INV_33627,2024-05-21T11:43:16Z,3.92,8a78eb6a-1cf4-46ea-9e37-724f314b8f9d,critical
EVT_002559,invoice.created,CUST_0014,INV_70920,2024-01-21T15:56:18Z,352.91,3b3ed5a4-5161-49c3-854a-58ec16edf633,low
EVT_002560,invoice.paid,CUST_0063,INV_31545,2024-01-21T16:49:44Z,392.44,141558c5-102a-4ec5-ba47-37ed35d42655,high
EVT_002561,invoice.rejected,CUST_0015,INV_82415,2024-02-26T02:36:18Z,20.8,8a878638-82f3-4343-a3f7-4273aeed3355,low
EVT_002562,invoice.created,CUST_0055,INV_37175,2024-04-22T08:24:02Z,29.64,55f39fe4-22e5-4380-80d6-c98ed1154130,critical
EVT_002563,compliance.submitted,CUST_0073,INV_11823,2024-06-03T07:37:59Z,283.04,083960a6-41ac-4559-a4f2-bc305bdeb0b7,critical
EVT_002564,invoice.created,CUST_0035,INV_17936,2024-04-06T04:59:26Z,53.79,9e39d39b-203c-40be-a67e-8c28f9be30ef,low
EVT_002565,invoice.created,CUST_0028,INV_62436,2024-06-05T13:16:24Z,116.85,730c1990-76aa-490e-9ee3-c8adafd92512,low
EVT_002566,compliance.submitted,CUST_0005,INV_35989,2024-02-26T13:06:54Z,111.99,da2e9a46-cdf1-4466-975b-e3ac60d16b13,high
EVT_002567,invoice.validated,CUST_0049,INV_24828,2024-04-22T03:40:51Z,116.09,76a049d3-e25f-4313-b1f4-86a8b49c7d5c,critical
EVT_002568,compliance.submitted,CUST_0031,INV_10698,2024-06-26T20:18:33Z,193.69,f6b151ce-9e3f-4131-8dc3-d291bc75a5d4,high
EVT_002569,invoice.validated,CUST_0034,INV_55848,2024-01-12T19:39:14Z,141.91,406bb908-52f8-444f-8929-b2d196d60839,low
EVT_002570,compliance.failed,CUST_0078,INV_89260,2024-02-12T12:32:18Z,119.3,07831532-777f-4ec8-bee0-e1c513672663,normal
EVT_002571,invoice.created,CUST_0070,INV_30980,2024-06-16T05:23:05Z,67.68,908bc416-cdb7-434b-9768-a8dd15063ebb,low
EVT_002572,compliance.submitted,CUST_0039,INV_66261,2024-05-29T23:39:50Z,174.57,f0f64ea6-ff75-4059-aa62-c1af69b28154,critical
EVT_002573,invoice.validated,CUST_0043,INV_69456,2024-06-09T00:24:39Z,43.29,7ffbfbd1-d4cf-4d1c-b604-95f74bda31c7,critical
EVT_002574,compliance.failed,CUST_0034,INV_92129,2024-05-01T01:23:17Z,425.51,ac33470b-3120-4ba2-bb18-3bf29cbf2b1c,critical
EVT_002575,invoice.created,CUST_0039,INV_64879,2024-06-07T11:08:10Z,37.66,28e98b43-c4cd-441d-bf89-e7d2b55bb186,normal
EVT_002576,invoice.created,CUST_0006,INV_97176,2024-04-15T22:52:05Z,36.03,2eb912cf-5d55-42f3-beb5-037e4d7c3bb7,low
EVT_002577,invoice.created,CUST_0022,INV_58680,2024-02-06T03:37:07Z,39.05,d2067563-4a33-49a9-ac9f-38d4e42b2a09,low
EVT_002578,compliance.submitted,CUST_0036,INV_85028,2024-02-20T07:15:05Z,45.78,7dd826c3-151c-48ed-a6cd-a48c7a62f2da,high
EVT_002579,invoice.validated,CUST_0025,INV_32716,2024-02-18T00:20:38Z,1.32,bede89b4-3cbd-48fb-87d0-df5dbdfab4bb,normal
EVT_002580,compliance.failed,CUST_0048,INV_53435,2024-06-24T21:39:06Z,235.42,f920b6d1-8ffd-4f32-8faa-272b3efa8739,normal
EVT_002581,invoice.rejected,CUST_0044,INV_99515,2024-02-25T02:02:39Z,326.3,8b30039d-5d99-4af9-a6f9-5c1e3cc3e89b,high
EVT_002582,invoice.validated,CUST_0027,INV_42191,2024-05-01T03:01:59Z,74.33,f4a3245a-abe9-4057-9865-6b527ea5b961,normal
EVT_002583,invoice.validated,CUST_0076,INV_10949,2024-03-23T20:49:16Z,376.07,01cfdccd-6b8f-4c28-ad77-5b346639f0e5,normal
EVT_002584,invoice.rejected,CUST_0016,INV_45418,2024-01-25T12:43:11Z,181.96,bc2a05b6-284c-4488-9487-5d9a6e89372e,critical
EVT_002585,compliance.submitted,CUST_0041,INV_88793,2024-06-25T06:03:54Z,31.12,02bd6233-576d-4422-9e9c-8968b5ffbfcd,critical
EVT_002586,invoice.created,CUST_0052,INV_73061,2024-02-08T11:09:23Z,23.53,0ad06238-0d92-4f93-959e-090115768b4f,low
EVT_002587,compliance.submitted,CUST_0050,INV_45153,2024-02-05T09:21:26Z,134.95,7c89a569-dd08-48cf-a84d-f10ab89934dd,low
EVT_002588,invoice.validated,CUST_0076,INV_61842,2024-01-26T17:12:39Z,155.45,6bcfb7ea-442e-474b-ac4d-17cbff964f87,normal
EVT_002589,invoice.paid,CUST_0052,INV_45922,2024-01-25T21:01:49Z,466.15,bad4a07b-ca91-4b31-a39d-9ac42721b34a,critical
EVT_002590,invoice.created,CUST_0033,INV_28594,2024-03-15T09:21:09Z,183.55,43b115ac-1b84-44e3-a0ce-eabe0f887473,normal
EVT_002591,compliance.submitted,CUST_0004,INV_87737,2024-01-01T21:00:56Z,161.27,475549e2-9e49-4ac1-bcb2-0d0c81ebcbf6,high
EVT_002592,invoice.created,CUST_0018,INV_35041,2024-02-22T12:32:16Z,9.14,2acdc25d-2672-49d9-bedd-e4806b44d927,high
EVT_002593,invoice.rejected,CUST_0046,INV_22332,2024-01-02T22:17:29Z,243.55,4f6b97d5-6119-4af6-9733-2bb6a6621c63,low
EVT_002594,compliance.failed,CUST_0039,INV_16470,2024-02-16T04:03:17Z,116.24,8b661d30-308b-4a42-9672-07dfa7746168,normal
EVT_002595,compliance.submitted,CUST_0034,INV_26626,2024-03-31T12:21:33Z,19.34,aa5b4924-03a0-4b26-bbff-c68afbd3eadb,low
EVT_002596,invoice.validated,CUST_0065,INV_43341,2024-04-15T21:04:40Z,418.53,f4d32920-02e3-450c-80d5-5f17253e9dd2,low
EVT_002597,compliance.failed,CUST_0076,INV_10973,2024-02-05T00:24:40Z,131.41,2fef4b9a-4416-4a60-a00a-cdbd9fae44fb,critical
EVT_002598,compliance.submitted,CUST_0049,INV_35988,2024-06-10T01:49:09Z,436.36,a146c45d-01b6-4191-b562-509c0c11c880,critical
EVT_002599,invoice.rejected,CUST_0046,INV_90938,2024-01-19T12:00:49Z,345.79,14641132-9906-40f3-9262-06b9e72ff6ee,high
EVT_002600,invoice.created,CUST_0056,INV_78126,2024-02-23T09:17:59Z,444.73,c79018af-ad0c-4d9c-82b2-26cd04a00ecf,normal
EVT_002601,invoice.rejected,CUST_0070,INV_67310,2024-02-03T08:37:42Z,35.82,ee3e6805-51df-4e64-ba57-9fee44287f8e,low
EVT_002602,invoice.paid,CUST_0066,INV_73210,2024-02-21T16:14:04Z,137.68,7d741ca5-d83f-47d0-a200-fec3eae5fbd4,normal
EVT_002603,invoice.rejected,CUST_0041,INV_20505,2024-05-23T03:11:57Z,39.5,bb9e4c0b-bca7-44d4-b829-347a6946c09d,normal
EVT_002604,invoice.created,CUST_0045,INV_79898,2024-01-02T16:11:07Z,407.07,6355a241-9e96-4dd8-8b42-c99c4d08d91e,critical
EVT_002605,invoice.rejected,CUST_0022,INV_68618,2024-05-26T23:33:47Z,111.68,086d60e2-ecd9-4bcd-9d1e-fa7bb57098af,normal
EVT_002606,invoice.validated,CUST_0002,INV_31302,2024-01-18T14:24:41Z,289.69,68b26e4b-eb04-4cfa-bdbd-492ac875c8a0,normal
EVT_002607,invoice.created,CUST_0077,INV_89362,2024-01-03T05:20:09Z,253.12,a4df6848-3428-4043-8f47-e7b5cea4b2f2,critical
EVT_002608,invoice.paid,CUST_0006,INV_62232,2024-01-27T02:15:03Z,1.01,75af82a4-3a90-487a-9804-57bd44d62f5e,high
EVT_002609,invoice.validated,CUST_0056,INV_18749,2024-02-07T17:03:44Z,212.27,b2946c5c-c721-4ef6-8b52-67e2313b2668,normal
EVT_002610,invoice.created,CUST_0079,INV_21062,2024-01-15T12:55:29Z,438.06,148ae5f8-7e8d-4a30-88b7-92f42d9dba77,normal
EVT_002611,invoice.rejected,CUST_0018,INV_70775,2024-02-01T03:09:18Z,5.59,5a10cd93-6e36-4973-aa68-30eed7aed431,low
EVT_002612,compliance.submitted,CUST_0054,INV_28817,2024-01-05T03:06:52Z,148.86,e91d38d8-fae7-4a7f-adaa-9eca5babcf5b,critical
EVT_002613,compliance.failed,CUST_0015,INV_64786,2024-06-28T07:40:36Z,41.72,63fe8815-86e8-45f6-bcb8-348948ea42ab,critical
EVT_002614,compliance.failed,CUST_0037,INV_78907,2024-02-12T09:45:53Z,103.1,e27dd19c-954e-4b35-bf71-45a4d34df8a4,normal
EVT_002615,invoice.validated,CUST_0060,INV_45569,2024-02-03T16:24:05Z,21.76,2549d40b-f402-43b9-bf32-f0033f811559,normal
EVT_002616,invoice.validated,CUST_0015,INV_63787,2024-02-09T22:06:00Z,146.44,4e705c88-5988-4b99-98d0-c7b56049d304,high
EVT_002617,invoice.rejected,CUST_0012,INV_27985,2024-03-25T12:31:06Z,157.31,b0c2d7dc-93dc-4c58-9d63-8ddef3128caf,high
EVT_002618,compliance.failed,CUST_0015,INV_35772,2024-06-26T18:02:29Z,119.59,7c3e7836-650c-4a62-862d-4e6f284e8423,high
EVT_002619,invoice.created,CUST_0062,INV_65311,2024-03-22T14:22:56Z,81.26,4e34fbce-acca-4019-ac4a-b215d6dd97a0,normal
EVT_002620,invoice.rejected,CUST_0080,INV_66173,2024-01-09T17:43:43Z,40.63,193e67b3-291f-426b-967e-b3dc1c595598,critical
EVT_002621,invoice.paid,CUST_0003,INV_91228,2024-01-17T19:19:04Z,31.16,ae9903d6-146a-4a91-8ba7-a02278011bc8,low
EVT_002622,compliance.submitted,CUST_0022,INV_38730,2024-02-25T17:39:43Z,89.99,da49cde2-7d93-4519-9951-dc137f2f6da5,normal
EVT_002623,invoice.rejected,CUST_0029,INV_66151,2024-02-22T04:05:05Z,169.42,038e9273-ab9a-4d1c-a077-8f03cafa0c39,high
EVT_002624,invoice.created,CUST_0058,INV_31693,2024-04-20T17:39:46Z,367.25,7a4d2d86-83d9-4e7b-a0eb-968569d3cbe2,normal
EVT_002625,invoice.validated,CUST_0049,INV_64790,2024-06-12T12:18:54Z,28.41,de372a96-cf67-4d5f-bbaa-fd5e6a54e570,normal
EVT_002626,compliance.failed,CUST_0067,INV_44894,2024-03-25T05:59:48Z,498.67,f4e3fb6a-7ec1-4686-9627-d24d8d905c50,high
EVT_002627,invoice.rejected,CUST_0030,INV_92027,2024-04-07T06:10:33Z,44.4,a76d2e48-241d-447c-88a9-3405e14ab48c,low
EVT_002628,invoice.rejected,CUST_0051,INV_40730,2024-05-20T23:55:54Z,16.74,2e761b71-8ac4-41cf-9ccd-cec5f17f065f,normal
EVT_002629,invoice.created,CUST_0062,INV_44321,2024-04-13T14:53:54Z,352.48,1d40b554-1a4b-46dc-bf6c-70f1c420d01a,critical
EVT_002630,invoice.validated,CUST_0013,INV_69717,2024-02-27T00:16:30Z,25.75,6e44b768-18fc-4955-af31-c31301dce2c4,critical
EVT_002631,compliance.failed,CUST_0007,INV_59175,2024-03-17T22:19:45Z,162.87,41c056f6-51c2-4019-ad0f-15ada3b66c7b,critical
EVT_002632,invoice.paid,CUST_0033,INV_71257,2024-06-23T00:06:59Z,181.53,e7105dd3-1dfe-4cbf-9f6e-c7c03d7afcae,low
EVT_002633,invoice.rejected,CUST_0048,INV_21420,2024-05-07T23:43:44Z,432.92,9a392c0c-0fd2-443a-909d-03a77537074f,low
EVT_002634,invoice.paid,CUST_0008,INV_72308,2024-01-29T23:06:07Z,46.3,d2031783-66f5-4019-b530-2c04ab9e7eff,high
EVT_002635,compliance.failed,CUST_0043,INV_69562,2024-01-08T23:07:08Z,175.64,7df617ac-5ec0-40fc-a6b1-99de51195b67,normal
EVT_002636,invoice.paid,CUST_0047,INV_14360,2024-03-20T23:34:52Z,55.48,470c3326-a2e1-4a98-9514-45ce1db71bdb,high
EVT_002637,compliance.submitted,CUST_0055,INV_42197,2024-04-24T23:34:22Z,401.12,e40cbef8-c105-421f-8061-dbf126f60c0d,normal
EVT_002638,invoice.paid,CUST_0003,INV_71735,2024-06-07T17:28:08Z,35.34,b1cd0c13-b57a-45e1-a247-e415c632eadf,normal
EVT_002639,invoice.paid,CUST_0024,INV_72308,2024-03-22T16:16:35Z,442.14,8a2886ab-dfec-4ed8-8bd4-f10f20bcdeb8,low
EVT_002640,compliance.submitted,CUST_0066,INV_94809,2024-03-28T19:02:27Z,99.36,d41332d4-6764-4bd8-8ba7-54015664f990,low
EVT_002641,invoice.validated,CUST_0050,INV_85057,2024-04-01T09:45:08Z,453.72,6f39e0a9-6a80-40e2-8e5f-693c16fa92ab,critical
EVT_002642,compliance.failed,CUST_0052,INV_51276,2024-01-05T16:10:34Z,464.63,14c2308a-df49-411f-8c52-ce4e68f8fb41,high
EVT_002643,invoice.validated,CUST_0074,INV_25459,2024-01-27T19:21:40Z,402.15,52917c3f-dc64-4697-9e53-7c359365a748,critical
EVT_002644,invoice.paid,CUST_0010,INV_99495,2024-04-15T20:11:13Z,36.44,d0dbe019-7740-4641-a457-af123439526b,low
EVT_002645,invoice.validated,CUST_0009,INV_85743,2024-03-19T02:28:37Z,151.42,cb94227a-d43b-44ab-bab6-b28a29a9be1b,normal
EVT_002646,invoice.validated,CUST_0075,INV_76711,2024-04-22T21:18:27Z,510.5,6490f1c6-e81b-41fd-8a52-54d0627b5039,normal
EVT_002647,compliance.submitted,CUST_0063,INV_30174,2024-01-24T07:13:52Z,21.52,3d92751a-3424-4307-a784-e80b839398c1,normal
EVT_002648,invoice.paid,CUST_0060,INV_10796,2024-01-18T13:28:01Z,173.35,85d31783-57f0-416e-8053-c90b5c70d00b,normal
EVT_002649,invoice.rejected,CUST_0052,INV_30674,2024-04-24T01:04:24Z,384.5,817ac356-7d39-4169-aa0b-e2622c0ebd42,normal
EVT_002650,invoice.validated,CUST_0012,INV_52838,2024-05-10T23:43:56Z,15.82,230399a9-2be3-4107-93b0-c6541d12fc9e,low
EVT_002651,compliance.submitted,CUST_0037,INV_90018,2024-03-10T16:05:39Z,510.09,d4a2de4f-11ef-47f1-ac17-3c7b9d6f1393,normal
EVT_002652,invoice.rejected,CUST_0009,INV_80596,2024-04-29T19:06:11Z,280.64,4584bab0-37d7-4362-a903-a256670447f3,normal
EVT_002653,compliance.submitted,CUST_0035,INV_77191,2024-02-15T01:11:58Z,37.38,04a95b10-de2b-407d-9912-b1957e9f8c77,normal
EVT_002654,compliance.failed,CUST_0010,INV_80618,2024-03-31T11:17:26Z,6.47,583c828c-1d93-4929-9e5a-1af84a2d1baf,critical
EVT_002655,invoice.rejected,CUST_0049,INV_96943,2024-05-04T10:46:42Z,475.5,44a3e111-7352-453c-96e3-29a308eabb7b,low
EVT_002656,compliance.failed,CUST_0014,INV_43108,2024-03-14T17:07:40Z,44.24,7ec475f0-2992-4660-a145-1c57e34be298,low
EVT_002657,invoice.validated,CUST_0043,INV_68820,2024-01-01T06:51:47Z,216.97,8fa1d3be-d857-4236-9606-6d26c8ac1272,normal
EVT_002658,invoice.rejected,CUST_0053,INV_15574,2024-05-02T11:47:28Z,209.7,9dc1d6ef-2b14-4a9c-b50a-e91353be2e5f,low
EVT_002659,invoice.created,CUST_0067,INV_69540,2024-05-04T09:30:51Z,72.53,d47bddbf-31a5-4fd7-9753-6b2e67fda568,normal
EVT_002660,invoice.rejected,CUST_0038,INV_79019,2024-06-10T17:42:18Z,16.99,7eab3b27-894e-4ccf-9495-a26a7de09088,critical
EVT_002661,compliance.submitted,CUST_0019,INV_96477,2024-04-10T06:19:10Z,376.26,d871b801-cbe1-4473-8e05-9b054b446a8b,critical
EVT_002662,invoice.created,CUST_0036,INV_64912,2024-01-18T05:55:07Z,27.45,feeaeb43-175a-4cd6-a491-e3dc8b895c00,critical
EVT_002663,invoice.paid,CUST_0015,INV_63234,2024-02-03T07:12:13Z,20.2,bb24ccdd-a9b5-42ec-944f-dd498b90da92,low
EVT_002664,invoice.created,CUST_0031,INV_69806,2024-05-01T08:14:49Z,163.61,da99d810-48e3-4b21-967c-08a36237f8ce,normal
EVT_002665,invoice.rejected,CUST_0034,INV_38618,2024-02-24T11:44:31Z,16.98,15cffd5c-047d-4216-9413-d3a4d378e777,high
EVT_002666,compliance.failed,CUST_0043,INV_73511,2024-04-11T08:19:35Z,203.42,d3d7a4b6-84be-40e5-839c-8d6f2d69f5f6,high
EVT_002667,invoice.validated,CUST_0019,INV_96196,2024-02-27T21:58:35Z,386.16,4d8eeca5-bffa-4e52-ab0d-100f4b057cbb,low
EVT_002668,invoice.paid,CUST_0020,INV_57740,2024-02-13T06:27:28Z,483.76,58a84fcf-aad3-4b41-90ed-0037115b2bd4,critical
EVT_002669,compliance.failed,CUST_0052,INV_17706,2024-06-08T19:04:34Z,13.25,965eb0a3-bfa7-489e-b8c2-3b2c21b16cd6,normal
EVT_002670,invoice.paid,CUST_0038,INV_51713,2024-02-17T01:07:15Z,7.51,2dab1531-593f-49a9-b28d-939c7dab7248,high
EVT_002671,compliance.failed,CUST_0046,INV_65694,2024-02-13T04:01:13Z,163.08,61fb0050-a0ee-4d10-9cc6-810d48e33d33,high
EVT_002672,invoice.created,CUST_0036,INV_41859,2024-05-11T23:29:24Z,284.86,652ee8b4-e8e1-4545-8d40-96428ba32296,normal
EVT_002673,compliance.failed,CUST_0016,INV_84705,2024-03-09T09:44:06Z,124.76,5635665f-255c-4bbc-9be8-a5c8f2c0857d,critical
EVT_002674,invoice.validated,CUST_0053,INV_26668,2024-01-30T13:37:49Z,55.77,f91b8d6f-5365-4757-b22d-6c56c493515d,critical
EVT_002675,invoice.created,CUST_0037,INV_26953,2024-04-23T15:43:44Z,454.78,ee499040-c4c3-4a0b-af6f-6648d88cefb1,normal
EVT_002676,invoice.created,CUST_0018,INV_43629,2024-05-25T08:14:17Z,128.67,846d455d-dc7f-4c81-8e03-da181c0c915e,normal
EVT_002677,invoice.paid,CUST_0002,INV_62186,2024-03-15T12:47:06Z,490.6,45e24ff1-c2ff-431f-83a1-a025204cebf2,critical
EVT_002678,invoice.rejected,CUST_0023,INV_59408,2024-02-06T17:28:26Z,477.58,66590cf4-394a-4361-af61-8b27ef4a8c21,normal
EVT_002679,compliance.failed,CUST_0076,INV_89062,2024-06-26T15:20:17Z,160.1,82a29008-2eb7-4591-83b7-c0a9eea064b3,critical
EVT_002680,compliance.submitted,CUST_0052,INV_70816,2024-04-17T23:02:41Z,117.64,63c43499-dd5d-44c4-899d-25b09a3109e4,low
EVT_002681,invoice.validated,CUST_0039,INV_43398,2024-01-24T13:50:56Z,57.33,e9c98d05-f498-4293-bbe9-ea955bea1f19,normal
EVT_002682,invoice.validated,CUST_0013,INV_89052,2024-03-04T13:39:27Z,26.87,85766a19-0cd8-4c35-bdc8-c84ee25a9e43,normal
EVT_002683,invoice.created,CUST_0017,INV_13844,2024-03-19T03:33:26Z,292.82,7b432d4f-9420-4880-9b72-f4f686ddd522,critical
EVT_002684,compliance.submitted,CUST_0052,INV_18826,2024-01-29T12:06:36Z,47.87,e65d1c5d-7cf7-4e08-9935-a6b88d6e735a,low
EVT_002685,compliance.submitted,CUST_0037,INV_19269,2024-05-21T23:07:21Z,263.69,6cb67fb3-669f-490d-9912-72abc25d9d20,critical
EVT_002686,compliance.failed,CUST_0042,INV_81246,2024-01-30T13:47:46Z,54.98,a9c80116-e1ca-4686-95b7-763abd47d6fb,high
EVT_002687,invoice.validated,CUST_0050,INV_97441,2024-02-27T16:41:31Z,70.31,f18ca9b9-b3b3-4dc5-bdb2-2359015fa019,normal
EVT_002688,invoice.validated,CUST_0008,INV_40609,2024-04-10T16:48:19Z,84.82,7b93fb79-972e-496a-85c0-9d723b89ea4d,critical
EVT_002689,invoice.created,CUST_0055,INV_91577,2024-04-28T04:25:37Z,47.22,aa7cfeaf-b311-4e95-90e6-feee3b96ca57,low
EVT_002690,compliance.submitted,CUST_0048,INV_27263,2024-03-19T02:50:44Z,44.09,b8f873cb-326a-4ae1-9481-b9755af7ca2b,low
EVT_002691,invoice.paid,CUST_0058,INV_63613,2024-04-29T13:18:34Z,128.93,21054adb-14eb-49ad-a2fe-3610d2c19e39,normal
EVT_002692,invoice.created,CUST_0038,INV_50582,2024-06-13T23:18:08Z,13.15,20c6b6f3-64a7-417b-8eea-43030171aa76,normal
EVT_002693,invoice.created,CUST_0041,INV_96068,2024-02-13T19:05:05Z,149.07,dc4c2a26-75e6-49fd-89bb-e1662dd320b1,low
EVT_002694,invoice.paid,CUST_0002,INV_74250,2024-01-11T01:32:39Z,146.35,beb23390-647b-4acb-99ad-9a64f0e7fccf,low
EVT_002695,invoice.created,CUST_0029,INV_85444,2024-03-22T08:53:06Z,214.04,bf47999d-fc24-4aa4-97a6-b91818de05e9,high
EVT_002696,compliance.submitted,CUST_0080,INV_88331,2024-05-24T12:16:26Z,36.39,5eecadab-e510-4ec1-97a2-306be7d254ac,normal
EVT_002697,invoice.validated,CUST_0059,INV_49094,2024-01-08T19:52:49Z,171.55,b66b0f47-ef4b-4f60-9284-25f1fab1ace5,high
EVT_002698,compliance.submitted,CUST_0058,INV_89814,2024-02-25T15:42:17Z,90.64,22c49483-7a84-4212-b5be-273cb70c8e28,critical
EVT_002699,invoice.validated,CUST_0017,INV_51315,2024-05-30T09:16:37Z,476.07,fbba180c-3052-4e38-8b4f-10f3a5b5acd2,critical
EVT_002700,invoice.created,CUST_0053,INV_89731,2024-03-03T09:36:44Z,210.64,beae470f-2264-433b-81fe-1881c7d929fc,high
EVT_002701,compliance.failed,CUST_0012,INV_41312,2024-04-03T20:26:25Z,74.97,e53b4cda-3ca2-442d-ad5b-e214bdccd4b3,low
EVT_002702,invoice.paid,CUST_0035,INV_35242,2024-03-09T06:55:31Z,453.95,ad396c80-41e9-4819-a85c-95c250429c36,high
EVT_002703,invoice.rejected,CUST_0066,INV_55392,2024-01-01T06:47:01Z,27.69,709c0f6c-ea9f-4a96-9e49-00a2ddcfc5ad,high
EVT_002704,invoice.rejected,CUST_0058,INV_91153,2024-02-20T14:21:13Z,20.23,b375ba56-ea01-4798-8fa4-186eb528d792,critical
EVT_002705,invoice.paid,CUST_0007,INV_71970,2024-05-05T13:25:56Z,1.13,8a670a52-554c-4704-b750-b5b5e7d2572c,high
EVT_002706,invoice.rejected,CUST_0041,INV_25365,2024-06-22T08:41:44Z,27.44,94eea900-6495-4c5f-9af7-b762facf4620,normal
EVT_002707,compliance.submitted,CUST_0023,INV_13163,2024-01-16T19:30:50Z,34.37,d8ba5859-5c87-4f4a-8ede-1c813128249b,low
EVT_002708,invoice.rejected,CUST_0031,INV_81301,2024-04-09T18:12:32Z,286.95,d6ec3297-751b-4a03-ba46-a879f08ff0fe,low
EVT_002709,compliance.submitted,CUST_0057,INV_11631,2024-04-13T17:27:03Z,98.25,409e960f-0573-45cb-afd8-f0dd0418db6c,low
EVT_002710,compliance.failed,CUST_0049,INV_67321,2024-02-24T20:28:24Z,35.76,667911e1-9658-4104-b7a8-0edbd183f470,high
EVT_002711,invoice.validated,CUST_0054,INV_17273,2024-01-26T15:52:08Z,140.74,69a2b502-6d49-4260-b2c8-e99cf08435c7,low
EVT_002712,compliance.submitted,CUST_0065,INV_17002,2024-06-25T07:02:30Z,352.06,756961dc-1df7-4969-9f0b-e3644d879f1b,critical
EVT_002713,invoice.validated,CUST_0006,INV_15377,2024-04-25T20:16:06Z,387.04,c6e08a88-fc93-48dc-a95f-b5891e486c4e,low
EVT_002714,compliance.failed,CUST_0070,INV_92470,2024-06-11T22:28:09Z,44.4,6c1cde26-7c2b-4e7b-bb44-04d56ed56cb7,normal
EVT_002715,invoice.paid,CUST_0019,INV_59620,2024-06-06T10:24:03Z,100.29,55e13ae3-686b-4cf0-9c3d-99f88d3a3f3d,low
EVT_002716,invoice.paid,CUST_0044,INV_41584,2024-02-01T15:40:43Z,67.9,66724b01-9f77-4c45-8186-0edb2868d5e7,low
EVT_002717,compliance.failed,CUST_0038,INV_98111,2024-03-29T07:37:24Z,297.82,f58b8c4b-81a4-476b-aa25-b84a0318e852,critical
EVT_002718,invoice.paid,CUST_0001,INV_45735,2024-04-02T10:32:53Z,349.84,cf3d0e58-87b6-43ee-b157-c449de1d3de0,low
EVT_002719,compliance.failed,CUST_0069,INV_28033,2024-05-11T19:53:06Z,46.01,e4c9ebbd-0840-4233-89da-52aeca1d80f7,high
EVT_002720,invoice.created,CUST_0050,INV_90948,2024-05-24T20:08:09Z,159.38,c87c3dd4-cc56-4100-941e-b30aab309319,critical
EVT_002721,invoice.validated,CUST_0050,INV_63404,2024-03-20T06:13:44Z,99.01,79661d2e-41f5-49d2-96d6-0e770a4c02cc,low
EVT_002722,invoice.created,CUST_0047,INV_28070,2024-02-15T01:36:49Z,37.7,f3611ed2-85af-47d0-993a-38b6517e556c,normal
EVT_002723,compliance.submitted,CUST_0048,INV_68775,2024-04-04T09:40:41Z,1.29,0e1b6f3e-ba4d-4c61-bd71-f3c944495c9f,high
EVT_002724,invoice.validated,CUST_0007,INV_15443,2024-03-17T09:14:25Z,85.81,7075f0c6-5728-4b9e-bc37-03ed403fb7fc,low
EVT_002725,compliance.submitted,CUST_0017,INV_94026,2024-05-21T22:23:58Z,5.3,a32bf796-b85c-45b5-b8e0-685633e14165,low
EVT_002726,invoice.validated,CUST_0002,INV_86892,2024-06-15T21:56:17Z,251.45,a527eaeb-b552-4175-991d-e39bd1e90240,normal
EVT_002727,invoice.rejected,CUST_0004,INV_27728,2024-01-28T19:11:06Z,2.14,8b1b50d8-34ff-4851-9a2d-b7a564eb437c,critical
EVT_002728,invoice.paid,CUST_0048,INV_88309,2024-04-20T09:02:47Z,18.97,32fb1e5d-646d-4ea9-b93e-19c8c5229272,critical
EVT_002729,compliance.submitted,CUST_0006,INV_79919,2024-01-10T14:52:06Z,69.96,19f23f7a-82dc-4dca-aee0-fcf2236b221d,critical
EVT_002730,invoice.rejected,CUST_0038,INV_43788,2024-05-08T11:12:54Z,40.75,f78e276e-2e91-4fca-8094-cb223734c0a7,low
EVT_002731,compliance.failed,CUST_0041,INV_82985,2024-02-25T12:03:51Z,92.23,0090e06a-353f-4df9-a650-ec2a75d7c7e7,normal
EVT_002732,invoice.created,CUST_0066,INV_83064,2024-01-18T14:03:14Z,424.13,8a21ebea-431b-43a3-a61d-aa9f2ce475b1,critical
EVT_002733,invoice.rejected,CUST_0045,INV_79388,2024-05-02T04:31:11Z,182.95,ee619907-2346-4f53-93c9-d92cf848ec10,critical
EVT_002734,invoice.validated,CUST_0052,INV_88265,2024-01-31T11:12:29Z,238.48,f5908d03-8605-412a-bca9-1e7c3988ae68,critical
EVT_002735,compliance.failed,CUST_0007,INV_63398,2024-03-02T03:31:40Z,19.61,e894c337-3bea-415d-a2d2-fd3724da8a12,critical
EVT_002736,compliance.submitted,CUST_0018,INV_65450,2024-03-01T02:49:34Z,340.06,a35f5519-0987-41f6-8f6b-87b45fce4009,normal
EVT_002737,invoice.paid,CUST_0054,INV_12101,2024-06-24T02:40:53Z,103.0,4787c8dc-bb86-4428-ac87-6f106e051fda,high
EVT_002738,invoice.rejected,CUST_0004,INV_36089,2024-01-14T18:54:47Z,271.88,88f267e8-e5a3-4d5b-ba6c-6af1169c5fa1,low
EVT_002739,invoice.created,CUST_0055,INV_51423,2024-04-06T12:25:22Z,21.74,6d4fbd10-1e63-44d7-b881-496e65a33c3b,high
EVT_002740,invoice.rejected,CUST_0017,INV_49612,2024-02-04T19:19:54Z,86.79,1f7ba025-0750-460c-8597-ea330f987510,high
EVT_002741,invoice.paid,CUST_0008,INV_44631,2024-05-17T19:13:58Z,104.81,ed4773ae-dfde-4294-94c4-56bde5e5ebd6,critical
EVT_002742,invoice.rejected,CUST_0075,INV_70323,2024-01-11T13:35:19Z,224.94,3abff987-eb6c-4427-9254-c33e4005e70a,critical
EVT_002743,invoice.rejected,CUST_0056,INV_63033,2024-05-24T09:24:02Z,29.46,c364286e-7c39-42bb-a572-f365d285104c,normal
EVT_002744,invoice.rejected,CUST_0025,INV_89596,2024-06-20T02:15:19Z,144.08,3950a869-8187-4926-aa82-7021e6fa0f5c,low
EVT_002745,invoice.paid,CUST_0048,INV_16445,2024-05-13T08:05:23Z,510.07,6319efc5-ec82-4a14-bd73-8a322893220c,critical
EVT_002746,compliance.failed,CUST_0061,INV_21626,2024-06-04T14:16:36Z,201.87,605fef9c-fc37-4dfb-82a6-74506e51be2c,low
EVT_002747,invoice.validated,CUST_0073,INV_13346,2024-02-06T00:59:55Z,30.57,659da537-0c93-4d18-80f1-c3e55e3e7d76,normal
EVT_002748,invoice.paid,CUST_0078,INV_37879,2024-05-15T15:43:32Z,69.99,de71d667-db66-4c53-9d45-b25f650c14fe,high
EVT_002749,invoice.validated,CUST_0034,INV_83488,2024-01-08T18:01:55Z,98.32,31c704eb-fa24-406d-87e4-386a33cb4887,critical
EVT_002750,compliance.submitted,CUST_0049,INV_95556,2024-04-29T20:52:48Z,10.15,c9efd151-80d3-4010-8a68-395e76c0930a,normal
EVT_002751,compliance.submitted,CUST_0029,INV_54321,2024-05-19T23:46:39Z,32.93,363c4ce9-3015-4b2f-89bf-9e38ddcbfdfa,low
EVT_002752,invoice.rejected,CUST_0074,INV_10017,2024-01-19T05:42:08Z,4.2,ee8f2490-5c5d-4faf-ac96-9e65d06a9d3c,high
EVT_002753,invoice.validated,CUST_0038,INV_48918,2024-01-27T20:31:30Z,25.24,cbea991f-8902-4149-8f32-6dc8474b7e5b,low
EVT_002754,invoice.rejected,CUST_0062,INV_21023,2024-03-05T08:25:59Z,90.31,ee278382-fa9d-49bf-87f7-4434535b45f3,low
EVT_002755,invoice.paid,CUST_0057,INV_84500,2024-03-03T20:07:12Z,34.8,02e2c903-89c0-4499-8ef0-51f3df1a7ff6,low
EVT_002756,compliance.failed,CUST_0004,INV_61556,2024-01-01T17:37:00Z,39.64,8754fc03-f254-4fab-abd0-65c369218fad,normal
EVT_002757,compliance.failed,CUST_0056,INV_29732,2024-05-01T10:39:12Z,45.77,db57b710-9334-40aa-be01-e5f3ff981720,normal
EVT_002758,compliance.failed,CUST_0010,INV_76352,2024-03-21T10:09:37Z,55.07,2da8370e-6230-4d6f-94cb-3ce2c250d288,critical
EVT_002759,invoice.paid,CUST_0004,INV_10452,2024-06-28T17:12:13Z,11.16,a3569b22-2bc5-401f-86c1-863a7ded9e27,high
EVT_002760,invoice.validated,CUST_0079,INV_91776,2024-03-01T19:34:48Z,25.67,70873863-5fd0-4875-9e6e-9e941e7a86b9,low
EVT_002761,compliance.failed,CUST_0061,INV_48995,2024-06-02T14:43:30Z,36.67,9abb5bfc-7dbb-46d6-85b5-cb0bab1438bb,critical
EVT_002762,invoice.rejected,CUST_0061,INV_76366,2024-05-31T18:03:34Z,242.97,46388908-fe4d-4576-972e-4cd06eef73e8,low
EVT_002763,invoice.validated,CUST_0056,INV_11807,2024-06-10T05:58:28Z,326.31,97f05c1c-c242-4e95-a88f-88980520cf69,high
EVT_002764,invoice.rejected,CUST_0052,INV_63952,2024-06-20T11:15:22Z,92.41,35b23de2-bcb0-432b-8090-049ec94393ff,critical
EVT_002765,invoice.created,CUST_0076,INV_78513,2024-02-10T13:23:06Z,418.08,ee071074-6cb0-40b5-bb7c-8509b8a6f1a7,critical
EVT_002766,compliance.submitted,CUST_0074,INV_46411,2024-06-11T20:21:32Z,224.14,57abe515-ca4d-41fb-8666-355a07150362,critical
EVT_002767,compliance.failed,CUST_0005,INV_91293,2024-04-24T10:13:52Z,172.08,fdd74625-abcb-4725-ac9d-46362437e997,normal
EVT_002768,invoice.paid,CUST_0019,INV_67215,2024-06-08T22:00:10Z,432.53,ff391575-7ec3-4ed4-85fd-49e69cc65d70,high
EVT_002769,invoice.validated,CUST_0049,INV_23217,2024-01-20T16:41:40Z,419.61,9c27fc03-e27a-4857-a395-124345793839,low
EVT_002770,compliance.submitted,CUST_0014,INV_47790,2024-03-04T23:47:15Z,28.56,13f89c6c-6b69-431e-8fb2-8b4cbc8aec6d,low
EVT_002771,invoice.paid,CUST_0024,INV_67270,2024-05-13T00:35:32Z,37.32,6a86aead-8949-48f1-ad34-99012a646c70,normal
EVT_002772,compliance.failed,CUST_0076,INV_49870,2024-04-13T02:53:36Z,457.93,04f96d4d-6b7a-495b-ac4f-3eb3aaece991,normal
EVT_002773,compliance.failed,CUST_0044,INV_70436,2024-03-18T05:22:39Z,220.03,caf8b8ee-3e57-4cb6-a0e1-73aa7858f9af,normal
EVT_002774,invoice.paid,CUST_0017,INV_78925,2024-02-09T19:30:24Z,218.04,13c1fc0b-ed03-42c9-8ce4-0c8a044d2ba9,high
EVT_002775,compliance.submitted,CUST_0009,INV_16484,2024-03-16T07:53:53Z,428.16,3646374f-b27b-434c-a9f6-2c762adf4c56,high
EVT_002776,invoice.rejected,CUST_0074,INV_62535,2024-05-04T17:57:30Z,379.39,9145a48a-f647-4767-877b-ec84ff1f0ba0,high
EVT_002777,compliance.failed,CUST_0051,INV_52541,2024-01-05T18:11:05Z,394.54,953b4871-d307-4151-bcbf-902f8faa0fb1,critical
EVT_002778,compliance.failed,CUST_0025,INV_80985,2024-06-20T13:50:48Z,50.56,1163ce31-fc0c-434e-a180-5b12c0745d37,normal
EVT_002779,invoice.created,CUST_0026,INV_16644,2024-03-17T16:42:01Z,58.9,1b17422f-b4d2-4faa-a2fb-d50ef3a5293e,low
EVT_002780,invoice.validated,CUST_0050,INV_10971,2024-03-18T19:45:06Z,481.07,8f91d562-708b-4bdf-8561-061e0ca33ca9,critical
EVT_002781,invoice.rejected,CUST_0065,INV_53325,2024-03-19T21:44:15Z,189.02,8924e217-d6ff-42fd-ac57-a0cc6424901f,high
EVT_002782,invoice.paid,CUST_0046,INV_56145,2024-06-21T12:33:30Z,194.91,7eb29983-7ad7-4d2e-977c-5b7b82759965,high
EVT_002783,invoice.created,CUST_0001,INV_60648,2024-01-02T07:55:00Z,100.64,125d3626-bcf4-41b0-9421-d2863d519570,normal
EVT_002784,invoice.created,CUST_0038,INV_56846,2024-05-12T16:22:40Z,4.49,a17ebdc9-797b-4fa2-b9ac-f0395d723eb0,normal
EVT_002785,invoice.rejected,CUST_0023,INV_49654,2024-06-22T03:58:06Z,165.48,69af1200-de78-4294-9bf0-501167920d1d,high
EVT_002786,invoice.validated,CUST_0001,INV_36422,2024-01-28T21:47:06Z,26.93,d8985eee-edd2-4b2c-880b-f44e33348e2d,normal
EVT_002787,invoice.paid,CUST_0041,INV_15491,2024-06-08T08:11:25Z,117.9,6d042759-5571-453b-b19c-cd6168571115,normal
EVT_002788,compliance.submitted,CUST_0006,INV_49098,2024-06-20T05:56:14Z,485.89,bca456e7-8564-440c-b787-f5091e7ab8a3,critical
EVT_002789,invoice.created,CUST_0008,INV_53618,2024-02-03T15:54:32Z,36.83,e9808b66-7211-4f0a-ac84-d99dcb97981b,low
EVT_002790,invoice.rejected,CUST_0078,INV_19065,2024-05-30T20:25:32Z,150.2,a09b3765-fb17-4f1e-9210-e492dcb94611,low
EVT_002791,compliance.submitted,CUST_0078,INV_73542,2024-04-02T08:35:53Z,187.89,65fa1830-926a-47f0-b0cf-c062bdc3fd7f,normal
EVT_002792,invoice.validated,CUST_0035,INV_82776,2024-03-06T08:50:04Z,81.46,a93827bf-9b3b-4455-8eb0-d4085ee91a2e,low
EVT_002793,invoice.created,CUST_0039,INV_70822,2024-03-02T16:55:49Z,317.82,1f18b12e-5244-4a63-8cc9-466b8a806fef,critical
EVT_002794,invoice.created,CUST_0039,INV_85109,2024-04-08T22:09:35Z,497.44,7ddeadee-a47a-411d-b142-8f5c9ef6b1f0,high
EVT_002795,invoice.rejected,CUST_0003,INV_86608,2024-06-21T11:38:36Z,214.09,38af9bd8-a6f7-4650-a12f-9fb4e7717ed6,critical
EVT_002796,compliance.failed,CUST_0001,INV_90870,2024-02-02T17:40:00Z,13.3,a77b8e41-8570-4311-8eb5-3932c882c6c2,normal
EVT_002797,compliance.submitted,CUST_0012,INV_88704,2024-03-09T16:42:26Z,362.42,aabaf363-1656-462c-a4e9-b3b4bd8fa7fa,low
EVT_002798,invoice.rejected,CUST_0060,INV_30128,2024-02-07T03:06:08Z,432.16,55b0de13-f918-43ef-9cda-d2382ead838d,critical
EVT_002799,compliance.submitted,CUST_0061,INV_67250,2024-02-25T11:28:16Z,23.55,275b15a5-255c-4520-a25e-78800a933d3b,high
EVT_002800,invoice.paid,CUST_0009,INV_45036,2024-04-09T17:00:53Z,49.68,2dc49f0d-b04f-4fd3-bd3f-27ad23f0f7f3,low
EVT_002801,compliance.failed,CUST_0065,INV_26926,2024-04-11T08:36:48Z,98.0,3e133beb-9542-4ca0-b6f0-ad8e9421aeab,high
EVT_002802,invoice.paid,CUST_0014,INV_30863,2024-04-20T18:57:46Z,164.97,776ccd12-eb97-4665-a637-6c3bcfe7827a,low
EVT_002803,compliance.submitted,CUST_0047,INV_59380,2024-05-20T07:25:39Z,163.51,f324c5ca-261e-47de-9237-effcaa91b330,critical
EVT_002804,compliance.submitted,CUST_0038,INV_37497,2024-06-29T05:13:16Z,5.83,b012c91c-f614-48eb-b3ae-2cfa16da1c78,critical
EVT_002805,compliance.submitted,CUST_0052,INV_38001,2024-02-05T07:13:05Z,146.34,4444b328-4f4c-4650-b521-b51b25aa289f,low
EVT_002806,invoice.created,CUST_0068,INV_71438,2024-06-28T06:59:48Z,72.44,af603c30-387e-412a-89b4-012bf6659851,high
EVT_002807,invoice.rejected,CUST_0044,INV_64305,2024-04-19T08:21:33Z,139.06,45edb351-0e7d-4386-911a-aff75da1d15d,normal
EVT_002808,invoice.paid,CUST_0031,INV_28928,2024-01-26T22:14:12Z,340.5,63a971fe-b89f-44d1-9265-24fc2229aab5,low
EVT_002809,invoice.validated,CUST_0020,INV_39884,2024-06-20T15:17:19Z,217.66,d609ac05-b07f-43d8-96aa-032ab81093d0,critical
EVT_002810,invoice.rejected,CUST_0041,INV_81061,2024-06-08T23:45:18Z,409.38,7c8e4d82-2390-49d6-9e10-0177740b7449,high
EVT_002811,compliance.submitted,CUST_0060,INV_52331,2024-03-27T17:26:17Z,60.59,58f3c2e8-ac0a-4bea-a6fb-0dd4123cb5eb,critical
EVT_002812,invoice.validated,CUST_0041,INV_87771,2024-03-01T22:45:40Z,474.1,676e7d7a-af9c-43e8-a1c9-9ec22a639a47,low
EVT_002813,invoice.validated,CUST_0058,INV_70656,2024-05-25T10:20:45Z,102.91,822062a9-8256-4292-8982-a80c7c397e58,low
EVT_002814,invoice.rejected,CUST_0072,INV_58443,2024-04-22T19:48:00Z,141.28,068e620d-c3ed-48ba-84e8-6785a9647c54,normal
EVT_002815,compliance.submitted,CUST_0052,INV_37537,2024-06-09T13:02:49Z,25.77,7efdf1c8-60b3-4ece-94eb-86b844ca0b9e,low
EVT_002816,compliance.failed,CUST_0020,INV_72781,2024-01-04T06:43:57Z,385.23,2dd177da-15db-4524-8aff-3c9b8877f2e2,low
EVT_002817,compliance.failed,CUST_0024,INV_97543,2024-01-23T05:41:04Z,30.53,790bd619-e3cf-4b5a-88fb-a0ba16c0c655,low
EVT_002818,compliance.submitted,CUST_0020,INV_94808,2024-06-29T06:38:59Z,320.73,3d6a3103-fe14-4960-b5bb-d8b821cc6169,low
EVT_002819,invoice.validated,CUST_0066,INV_13480,2024-05-28T22:33:14Z,123.27,72da8883-4005-431e-a80f-c5bec44d92b4,low
EVT_002820,invoice.paid,CUST_0016,INV_86826,2024-01-10T03:23:12Z,245.78,9beddf72-ba6f-4904-b8a4-a83a221e326d,normal
EVT_002821,compliance.submitted,CUST_0050,INV_40273,2024-04-17T10:28:05Z,185.79,88d7ece6-4f32-497e-96b5-20e6f2dcc568,high
EVT_002822,invoice.paid,CUST_0078,INV_16058,2024-06-24T04:11:04Z,97.43,461328c6-9322-4dbe-bee4-cfacf74d4aad,critical
EVT_002823,invoice.paid,CUST_0066,INV_77969,2024-04-29T06:18:08Z,39.36,565aad27-4de6-48ba-9364-87c41921b8ef,high
EVT_002824,invoice.paid,CUST_0046,INV_11739,2024-05-14T02:02:32Z,40.22,e39b5c30-eaa2-407d-b429-680d91d0c7fc,normal
EVT_002825,invoice.rejected,CUST_0013,INV_54599,2024-03-03T16:50:40Z,152.2,7b8b2165-9914-4fcf-8257-01ed1fab316a,low
EVT_002826,compliance.failed,CUST_0046,INV_22270,2024-01-25T15:45:43Z,410.76,fb5bdea7-9411-439a-9a9f-60b2b863cdee,normal
EVT_002827,compliance.failed,CUST_0067,INV_46720,2024-02-23T04:13:34Z,506.34,65c577e3-855a-4575-a2f0-e1d496e41cf6,normal
EVT_002828,invoice.rejected,CUST_0014,INV_18374,2024-01-15T19:48:58Z,216.04,451f53a2-258e-463d-a05c-393143729162,low
EVT_002829,compliance.failed,CUST_0020,INV_52297,2024-02-14T01:03:57Z,79.77,a74b261f-fa80-4570-bf46-37de4d9b0176,low
EVT_002830,invoice.paid,CUST_0042,INV_79968,2024-05-01T21:41:28Z,161.55,0a7712e1-4276-484a-9e81-46e086fcad80,critical
EVT_002831,compliance.submitted,CUST_0080,INV_17004,2024-03-27T16:24:54Z,71.32,6763d6c4-da9b-4417-bd77-b1ad909629c5,high
EVT_002832,compliance.submitted,CUST_0046,INV_48262,2024-03-23T18:56:34Z,196.45,2bc0af9c-4938-4e08-9d22-95b2ac865518,low
EVT_002833,invoice.paid,CUST_0030,INV_66003,2024-06-08T02:41:37Z,47.74,686fdd43-49e3-492d-8215-c304d6859630,normal
EVT_002834,invoice.paid,CUST_0079,INV_38656,2024-03-03T00:02:11Z,38.16,194c85fb-cc09-4ec7-b8dc-1b3295dc55d2,high
EVT_002835,invoice.rejected,CUST_0075,INV_69376,2024-04-06T17:52:15Z,483.92,ab7dbe9e-ffbb-456e-8afd-685dc77cc0f8,normal
EVT_002836,invoice.created,CUST_0057,INV_76721,2024-02-15T08:17:19Z,431.83,fae22b8f-a146-4429-968a-a4579d693f31,low
EVT_002837,invoice.created,CUST_0018,INV_53440,2024-04-19T16:47:14Z,406.51,12ce687e-1145-4ba8-bb6f-05de16732576,normal
EVT_002838,invoice.validated,CUST_0030,INV_49332,2024-02-14T00:12:53Z,5.43,4502e1cb-5dfd-46d7-9b12-051bc4f9aa9d,high
EVT_002839,invoice.validated,CUST_0033,INV_86425,2024-04-14T09:08:14Z,22.21,59da70d5-fefb-4b84-81ff-1161e3b243a1,high
EVT_002840,invoice.paid,CUST_0038,INV_71727,2024-06-03T07:36:47Z,108.32,cb7942a6-4ab2-4305-9549-96a8c7cc564f,high
EVT_002841,compliance.failed,CUST_0070,INV_20791,2024-02-25T00:54:17Z,431.11,a7dff3a6-ea08-4646-af13-d170f683a33f,low
EVT_002842,invoice.paid,CUST_0055,INV_10385,2024-01-13T08:35:35Z,17.5,c54698b1-8538-4ebc-9673-ccc262015e59,low
EVT_002843,compliance.submitted,CUST_0052,INV_19411,2024-04-19T14:57:57Z,32.63,2b72d128-7209-4c87-8a7c-f6f87c87c84e,normal
EVT_002844,invoice.rejected,CUST_0039,INV_97509,2024-06-11T16:19:27Z,218.27,bbf56a7d-f73c-49b8-a0ee-8bc001a6b54b,high
EVT_002845,compliance.failed,CUST_0072,INV_73812,2024-02-09T11:53:32Z,40.73,f159f3b1-1643-44a8-adc7-f2fdb7755ee6,normal
EVT_002846,invoice.rejected,CUST_0069,INV_97089,2024-03-19T15:45:14Z,32.21,df0fd153-58dc-4fbe-8483-a3f6693dde96,normal
EVT_002847,compliance.failed,CUST_0055,INV_55597,2024-06-14T14:03:44Z,379.44,3ce666b6-a224-45a2-8e75-008e6e627db8,critical
EVT_002848,compliance.submitted,CUST_0024,INV_34721,2024-01-23T15:16:44Z,238.41,ed818bd3-716d-4fbd-b2cc-e086199ce7ef,critical
EVT_002849,invoice.paid,CUST_0054,INV_20218,2024-03-21T08:44:27Z,1.07,880fe90e-1ae0-4887-a876-1126d918965e,high
EVT_002850,invoice.created,CUST_0023,INV_27619,2024-06-06T12:58:04Z,241.7,cd104ef5-00c1-4939-91e1-e9bfd55114fa,normal
EVT_002851,compliance.submitted,CUST_0035,INV_81331,2024-04-29T04:08:08Z,184.95,dad85578-07fe-43e9-b358-63d10a6c0092,critical
EVT_002852,invoice.paid,CUST_0071,INV_73992,2024-02-12T20:34:12Z,161.06,c1e40ba1-f103-45b9-b14a-c97a0f761a07,low
EVT_002853,compliance.failed,CUST_0042,INV_49902,2024-01-30T01:44:43Z,14.53,4d1760a3-057a-4811-af8b-10a6e3a14a55,normal
EVT_002854,invoice.rejected,CUST_0028,INV_18213,2024-02-17T15:14:33Z,177.72,fdbc75f9-dda4-41c0-b9e1-48c20c988581,high
EVT_002855,invoice.paid,CUST_0018,INV_16887,2024-06-17T15:45:13Z,6.39,114f8864-94cf-4ad5-991c-46ebf035eb54,critical
EVT_002856,compliance.submitted,CUST_0028,INV_86618,2024-01-13T21:50:22Z,103.51,175417ac-2417-43a7-ab6a-380bce82353e,high
EVT_002857,invoice.validated,CUST_0046,INV_93802,2024-04-23T03:20:08Z,152.8,c42e6e90-822b-43dd-8c22-6364b27da2cc,low
EVT_002858,invoice.created,CUST_0039,INV_13450,2024-04-28T00:48:50Z,447.36,3a849553-9182-4e5d-84ee-1867d6affb71,high
EVT_002859,compliance.failed,CUST_0001,INV_53846,2024-02-04T17:44:14Z,159.29,b7cc0e92-a377-4c4e-8d85-4a9174823d1c,high
EVT_002860,compliance.submitted,CUST_0033,INV_62341,2024-06-18T21:49:05Z,24.57,6b93702f-176f-4637-a690-c37d2b53e51b,low
EVT_002861,invoice.validated,CUST_0039,INV_40595,2024-04-01T00:52:07Z,286.11,901512d3-481e-42ea-bc8f-3975219363fa,low
EVT_002862,invoice.paid,CUST_0048,INV_48326,2024-05-13T07:57:49Z,29.43,ceeb223e-0c00-4d22-904d-f35bb612e659,high
EVT_002863,compliance.submitted,CUST_0076,INV_77771,2024-03-29T22:22:50Z,23.86,d708569e-a120-4dc2-9b73-25f9aa01c143,low
EVT_002864,compliance.submitted,CUST_0038,INV_52235,2024-01-03T17:04:37Z,116.12,d1ea9d8d-6871-472d-9075-1d255e8543f2,low
EVT_002865,invoice.created,CUST_0066,INV_79250,2024-02-07T17:35:34Z,218.65,90bbc70f-a16b-4e11-b1b7-fac5cb800e25,critical
EVT_002866,invoice.rejected,CUST_0032,INV_37017,2024-01-17T15:44:10Z,98.69,7454a2bf-6459-44e4-837c-e5b9ab2c60a5,normal
EVT_002867,compliance.submitted,CUST_0056,INV_64074,2024-04-03T11:23:54Z,65.58,272e5a16-80f4-48c8-9372-ce8af9611975,low
EVT_002868,invoice.created,CUST_0071,INV_15942,2024-03-29T13:36:55Z,110.81,b267a9cf-418e-4bc1-bca6-f96c4ba8ca87,high
EVT_002869,invoice.paid,CUST_0017,INV_16930,2024-03-05T05:01:36Z,20.92,6e278cce-d83e-49ec-863e-8942f61d7cdf,critical
EVT_002870,invoice.validated,CUST_0075,INV_42032,2024-05-07T11:43:29Z,158.22,23ef9924-ef1c-441c-b286-7b9e20415cf0,normal
EVT_002871,invoice.paid,CUST_0026,INV_14356,2024-01-03T09:01:49Z,257.73,c38bea06-d168-413a-b5d2-7f9701744eea,critical
EVT_002872,compliance.failed,CUST_0043,INV_53927,2024-05-05T15:23:14Z,45.59,68921b64-807a-489f-88df-68665a8f45d8,normal
EVT_002873,invoice.created,CUST_0037,INV_22561,2024-05-23T20:50:46Z,73.01,03cf69b2-ccae-44b9-a67b-246a377543eb,low
EVT_002874,invoice.created,CUST_0014,INV_43566,2024-03-02T04:10:45Z,16.67,351986b3-3ccb-4d17-8326-6707827e2ce3,critical
EVT_002875,invoice.validated,CUST_0055,INV_36975,2024-06-22T08:55:10Z,42.59,0d34968e-561c-48ef-a488-0cdbbdfa3c0a,high
EVT_002876,invoice.rejected,CUST_0005,INV_40422,2024-01-07T02:50:02Z,43.58,aa476dd1-9cb4-4943-88e9-c4dffc47f2c7,low
EVT_002877,invoice.validated,CUST_0048,INV_95854,2024-03-14T08:35:08Z,2.35,fe6aee67-64ab-4c06-a9c4-160b2993cee2,low
EVT_002878,invoice.validated,CUST_0015,INV_43557,2024-05-27T05:18:12Z,27.18,d31170c6-a8a7-4336-9aa7-61b983b69939,normal
EVT_002879,invoice.validated,CUST_0023,INV_77767,2024-03-11T14:34:44Z,19.56,4e31f9c9-8f7f-47de-9d8b-40aa6c3f3c01,normal
EVT_002880,invoice.rejected,CUST_0077,INV_63965,2024-02-19T08:29:07Z,34.28,e684641d-b980-4b90-ba21-89a5647c5072,critical
EVT_002881,invoice.rejected,CUST_0039,INV_89876,2024-05-30T00:10:52Z,254.06,7ded6374-0936-402f-b36e-651e93e3e205,critical
EVT_002882,invoice.rejected,CUST_0055,INV_32789,2024-02-07T12:58:03Z,159.45,d5eab198-2a95-4f81-b203-81a895d2c679,normal
EVT_002883,invoice.paid,CUST_0056,INV_93447,2024-05-25T16:54:14Z,33.83,f9f64162-d066-4dcf-afd5-b7928ac0a701,high
EVT_002884,compliance.failed,CUST_0074,INV_91931,2024-04-16T19:52:06Z,143.27,9d3da041-b190-4f7b-b9e2-87761ef88251,critical
EVT_002885,compliance.failed,CUST_0012,INV_33273,2024-03-05T23:23:16Z,197.28,e0d0a102-4a61-496d-9fd8-565e471c0eba,low
EVT_002886,invoice.paid,CUST_0035,INV_30670,2024-04-04T17:53:47Z,19.12,2394391e-7bb3-43be-a0fd-21d0e4725d23,critical
EVT_002887,invoice.created,CUST_0054,INV_44943,2024-02-28T06:46:59Z,198.89,dc82747f-d4da-4955-a680-fa0282fa9f90,high
EVT_002888,invoice.paid,CUST_0021,INV_45493,2024-02-26T00:42:38Z,424.54,4a6c6acd-4998-4793-8fed-99cc70c5a9a4,normal
EVT_002889,compliance.submitted,CUST_0044,INV_86095,2024-02-10T11:06:48Z,327.21,da8c8678-4300-4b6e-8ed1-bca7349c76a7,high
EVT_002890,invoice.rejected,CUST_0032,INV_36548,2024-01-30T22:08:21Z,156.06,24c3774b-4894-47d0-82a8-469f5cfd6972,normal
EVT_002891,invoice.rejected,CUST_0039,INV_72235,2024-01-21T01:12:57Z,469.38,6cf440f0-89d9-4571-a9d4-82ba2a3176bf,critical
EVT_002892,compliance.failed,CUST_0026,INV_81703,2024-05-24T15:42:11Z,266.3,26e9d861-5377-4ddc-acd0-71e85288d4d6,high
EVT_002893,invoice.rejected,CUST_0053,INV_75563,2024-04-16T12:19:45Z,86.95,cde644b1-bca5-4eeb-bdfc-b4370990c7cd,low
EVT_002894,compliance.submitted,CUST_0051,INV_29282,2024-05-21T21:26:39Z,399.34,245fd3d4-c505-4110-bc6f-6f0ba137b8ad,low
EVT_002895,invoice.rejected,CUST_0054,INV_39439,2024-01-19T16:14:17Z,231.67,7b7df76a-3e9c-481a-a1d3-49b414d13920,normal
EVT_002896,invoice.created,CUST_0060,INV_42092,2024-01-18T03:54:05Z,170.96,fb9926a1-04b1-4828-9c9a-2aac12dd377c,low
EVT_002897,invoice.validated,CUST_0061,INV_10533,2024-05-14T04:54:53Z,91.08,d0cacc1d-084e-4133-9984-7848330f1d0e,low
EVT_002898,invoice.validated,CUST_0072,INV_60672,2024-06-23T00:46:09Z,36.86,396c6a49-1f4c-4611-a51d-75c2f8b8f9de,high
EVT_002899,invoice.validated,CUST_0051,INV_87614,2024-06-01T04:33:35Z,38.64,02e230eb-ddc9-4e00-961b-4db5c02180f0,high
EVT_002900,invoice.validated,CUST_0036,INV_85779,2024-06-11T18:53:40Z,321.24,f3a10952-42ee-42cc-a0f8-14186cf6a49b,high
EVT_002901,invoice.paid,CUST_0045,INV_36884,2024-05-25T18:17:41Z,45.94,21989ce8-6f56-4290-8306-a27850ae653c,high
EVT_002902,invoice.paid,CUST_0002,INV_85059,2024-02-11T19:03:06Z,224.94,2e759c5e-9ad9-435a-8d4a-fcce78fbd5ec,low
EVT_002903,invoice.paid,CUST_0024,INV_60235,2024-05-04T16:04:54Z,135.07,a3dd20f9-9bdd-49a9-b831-d86f3b06999a,critical
EVT_002904,compliance.failed,CUST_0004,INV_82181,2024-03-20T22:37:57Z,11.99,d84d8309-78d5-4a7c-a8a3-03e0c6f7331e,low
EVT_002905,invoice.validated,CUST_0050,INV_55862,2024-01-21T20:41:19Z,235.44,56175f5a-0622-4177-91b6-480b1ed342d0,normal
EVT_002906,invoice.rejected,CUST_0073,INV_86690,2024-04-26T19:48:29Z,2.66,85a0ebe4-47c5-42dc-96fd-f3048e036782,high
EVT_002907,invoice.paid,CUST_0035,INV_97278,2024-02-11T20:02:33Z,449.63,4091428c-15af-4089-afa3-b1457baced18,high
EVT_002908,invoice.created,CUST_0069,INV_46889,2024-06-03T06:56:43Z,134.5,4c53e8a3-7587-417e-b163-2445556e100b,low
EVT_002909,invoice.paid,CUST_0008,INV_74700,2024-01-14T19:37:26Z,510.12,213c8a03-3556-494e-b1fd-de94e4212e2a,low
EVT_002910,invoice.created,CUST_0014,INV_47083,2024-03-18T18:15:48Z,29.34,e1ac2557-178c-4a2f-a4b5-553931660bc3,low
EVT_002911,invoice.rejected,CUST_0007,INV_96003,2024-06-13T17:55:38Z,45.05,c8489e33-026c-4d5c-b053-367144043ba2,critical
EVT_002912,invoice.created,CUST_0054,INV_62979,2024-06-28T18:40:43Z,45.88,ba4b8351-0f73-49d0-a439-ac376e610e53,low
EVT_002913,invoice.validated,CUST_0032,INV_25989,2024-02-26T16:42:59Z,280.44,ce006a5e-fc90-44cb-acc5-761b6d44121a,high
EVT_002914,invoice.rejected,CUST_0039,INV_30438,2024-04-17T11:34:38Z,81.43,57ffff26-de1d-4def-8c5a-5aacb99aa86a,low
EVT_002915,compliance.failed,CUST_0062,INV_22604,2024-04-19T19:18:03Z,24.8,6c1d52bb-ccb8-4b7c-8c3e-b5340b6855a6,critical
EVT_002916,invoice.rejected,CUST_0008,INV_72986,2024-01-16T12:04:10Z,155.28,7728be38-0f8a-4db0-9ec9-4daa8ac27f7c,low
EVT_002917,invoice.validated,CUST_0027,INV_22813,2024-06-19T06:40:25Z,29.57,287868cf-8f81-479e-b0d0-b5cd5429b243,normal
EVT_002918,invoice.paid,CUST_0039,INV_97688,2024-06-24T23:15:18Z,491.05,d1e2e963-1c9d-422c-95a5-2303e63f153a,low
EVT_002919,invoice.created,CUST_0038,INV_27369,2024-01-18T20:49:26Z,118.91,aabfb73c-01aa-47da-bd57-02d1d2893172,normal
EVT_002920,invoice.created,CUST_0063,INV_89635,2024-05-15T09:11:21Z,115.42,6d88f226-a876-40b4-9d38-353e677f90d9,critical
EVT_002921,invoice.paid,CUST_0049,INV_34578,2024-02-27T04:46:04Z,30.65,e88c3e00-8ebe-4fc4-a120-01504256b767,low
EVT_002922,compliance.submitted,CUST_0064,INV_24575,2024-02-28T13:51:46Z,106.84,1bd4e9dd-ce4c-4ff6-81fa-aa1051b090b8,normal
EVT_002923,invoice.validated,CUST_0032,INV_25593,2024-05-04T13:12:46Z,18.07,43f509e6-cbb4-485e-b83f-750a7679d294,low
EVT_002924,invoice.rejected,CUST_0043,INV_16736,2024-02-12T06:59:53Z,21.14,3694ea07-74d2-4f7c-af6e-37243e6051ff,critical
EVT_002925,compliance.submitted,CUST_0009,INV_43196,2024-03-19T22:31:13Z,40.89,81826276-dfd4-4ebd-b4f5-607120b5fc71,critical
EVT_002926,invoice.created,CUST_0040,INV_10264,2024-06-22T11:38:40Z,7.81,bedb500d-2e95-491b-981b-71ee455ff1d4,critical
EVT_002927,compliance.submitted,CUST_0075,INV_90423,2024-04-15T09:38:51Z,128.86,d4cde2b7-022c-45fb-b126-944055673aa9,critical
EVT_002928,compliance.submitted,CUST_0078,INV_84738,2024-02-24T19:44:13Z,49.12,f15d75ef-e147-4705-8b8c-6475c3f797fb,high
EVT_002929,compliance.failed,CUST_0014,INV_54660,2024-04-24T17:32:48Z,102.18,767cf510-a912-4d3d-8a8d-68415877d05b,normal
EVT_002930,compliance.submitted,CUST_0047,INV_48829,2024-03-11T16:39:01Z,257.48,a3a61579-007d-483a-82c3-0401febfc93f,low
EVT_002931,invoice.paid,CUST_0059,INV_62980,2024-01-31T07:18:11Z,7.53,b991167a-46ae-4493-b94d-6ddb366ccc7a,high
EVT_002932,invoice.created,CUST_0049,INV_72444,2024-06-18T16:58:15Z,291.75,c01dd229-0708-45a7-b325-555a904850ca,high
EVT_002933,invoice.validated,CUST_0015,INV_10667,2024-06-11T21:14:29Z,106.71,36908b7f-1796-479e-a520-2dad7289afd4,normal
EVT_002934,compliance.failed,CUST_0034,INV_77102,2024-01-08T20:51:40Z,22.81,8f677796-8876-4b65-b878-6173fdf7cb94,critical
EVT_002935,compliance.submitted,CUST_0053,INV_17732,2024-04-15T03:33:04Z,33.94,bf457c7e-e5a3-4bef-a45c-12a6577bee4e,critical
EVT_002936,invoice.validated,CUST_0018,INV_11010,2024-04-14T03:19:58Z,24.11,b5ef298b-3e27-4407-9ca7-b35b573cdc80,low
EVT_002937,compliance.failed,CUST_0045,INV_31146,2024-06-17T23:20:25Z,7.86,5e3a9c9c-09a1-4825-b07c-25b540559737,normal
EVT_002938,compliance.submitted,CUST_0037,INV_46401,2024-01-03T13:22:52Z,179.95,9d3a968e-6878-4068-8aa8-10ab804cf27c,high
EVT_002939,invoice.rejected,CUST_0005,INV_22093,2024-01-01T06:00:22Z,283.61,b411b57f-8161-4674-acdd-f2a1013bfca7,low
EVT_002940,invoice.created,CUST_0030,INV_25133,2024-03-13T10:25:32Z,102.05,fb18b974-8348-4b0b-9c65-e65abe9f3893,normal
EVT_002941,invoice.paid,CUST_0041,INV_29086,2024-05-31T09:59:07Z,9.07,cccc92f2-4ea5-468f-8cc1-978dc21a2aa4,critical
EVT_002942,compliance.failed,CUST_0038,INV_97150,2024-01-23T20:20:10Z,505.93,7333ce01-5221-482d-a8a6-7b16376aa69c,critical
EVT_002943,invoice.created,CUST_0068,INV_26728,2024-02-16T15:42:42Z,52.58,560b39bd-57c0-4c46-99a2-f15c52c45c68,low
EVT_002944,compliance.failed,CUST_0080,INV_53178,2024-02-25T20:46:18Z,12.89,c2424387-d937-41ec-a4df-de8b8539d0c8,low
EVT_002945,invoice.paid,CUST_0034,INV_82832,2024-02-25T21:45:48Z,428.62,097a166c-17ed-4147-b5fd-565c68566615,normal
EVT_002946,invoice.validated,CUST_0071,INV_21141,2024-01-08T01:41:42Z,32.44,d8924925-9b15-45bd-a8bd-4a2ffa951103,low
EVT_002947,invoice.rejected,CUST_0050,INV_75237,2024-02-13T02:39:20Z,49.09,fef3f42c-66c7-4d57-8a93-68dddc727cca,normal
EVT_002948,compliance.submitted,CUST_0060,INV_25126,2024-04-18T09:55:06Z,457.06,dcdeda45-7f4b-456d-9fdf-1a2b5838413f,critical
EVT_002949,invoice.validated,CUST_0033,INV_62756,2024-06-29T19:32:03Z,454.07,7ef5f01b-7ca4-4ca1-a73b-88b88259edd7,high
EVT_002950,invoice.paid,CUST_0045,INV_58769,2024-06-26T16:03:11Z,439.66,ec3bdccf-dee1-4310-8fb2-41c690f96012,high
EVT_002951,compliance.failed,CUST_0024,INV_10086,2024-04-21T19:56:49Z,334.14,fe111cad-3e2d-4344-9c31-c3b173c4664c,low
EVT_002952,invoice.validated,CUST_0039,INV_78134,2024-03-10T18:23:40Z,30.78,4a23fd92-7ecc-4b8b-a7e0-4b92e2741b17,low
EVT_002953,invoice.paid,CUST_0050,INV_70253,2024-03-05T09:10:44Z,117.85,3bfc7f49-7350-452e-8beb-42a9a95b5a16,low
EVT_002954,invoice.rejected,CUST_0011,INV_28861,2024-03-18T11:48:57Z,269.47,e98c9715-856e-493f-a98b-28f625012ff3,low
EVT_002955,compliance.submitted,CUST_0039,INV_17679,2024-04-24T03:05:39Z,82.99,ad328f58-8f40-4658-9a2e-761da8ed08bf,normal
EVT_002956,invoice.paid,CUST_0062,INV_90735,2024-05-20T08:53:33Z,146.02,539f8b93-d90e-404d-9ebc-e393c3509a3b,high
EVT_002957,invoice.paid,CUST_0039,INV_33638,2024-03-30T06:58:20Z,181.47,a4cdaae3-e04f-4972-95a3-8a9788586613,normal
EVT_002958,invoice.validated,CUST_0031,INV_42837,2024-05-24T11:02:33Z,9.53,e1a633db-8be3-47f6-a20b-fabc09eff604,high
EVT_002959,compliance.failed,CUST_0011,INV_26517,2024-03-29T05:30:50Z,158.02,1c09260e-156a-4b41-bb0d-e0fe9ab24f25,low
EVT_002960,invoice.rejected,CUST_0042,INV_51330,2024-04-13T19:18:36Z,23.47,bac97fac-5287-4e9a-9fca-d8a7b5fa6cc4,critical
EVT_002961,invoice.paid,CUST_0023,INV_83806,2024-06-10T23:10:14Z,52.24,c3eed51b-5c41-4505-9728-ef6b499efeba,critical
EVT_002962,invoice.validated,CUST_0008,INV_39048,2024-02-16T10:34:29Z,305.44,c134c58a-4a96-4149-a2d7-f4b1ee3b0e25,high
EVT_002963,invoice.validated,CUST_0046,INV_20822,2024-02-05T04:50:26Z,452.85,4a3a3629-5037-4585-8fd7-f3c1bbadadff,critical
EVT_002964,invoice.rejected,CUST_0029,INV_12654,2024-01-09T22:47:44Z,45.67,f73761af-a2bd-49b1-b6df-f3903641ea20,low
EVT_002965,invoice.created,CUST_0057,INV_73618,2024-01-31T16:00:53Z,15.48,333dc8f2-1591-4a74-96a3-46d7d267e342,low
EVT_002966,invoice.paid,CUST_0039,INV_70818,2024-01-17T21:30:33Z,165.36,19fc9104-0fae-41dd-8c63-6bc9655813e7,normal
EVT_002967,invoice.paid,CUST_0076,INV_60128,2024-02-04T04:39:09Z,30.6,e7c44efe-eab3-40f5-85d0-7e0b6074464f,critical
EVT_002968,invoice.rejected,CUST_0029,INV_14327,2024-01-25T12:08:36Z,48.59,907df1a0-f46d-437f-a386-3b305f7936f3,low
EVT_002969,invoice.rejected,CUST_0039,INV_10994,2024-04-13T05:36:59Z,229.71,edafe473-bd05-42fe-b6dc-010f04a959d3,low
EVT_002970,invoice.validated,CUST_0014,INV_94277,2024-04-21T22:28:17Z,270.42,9433618b-f46d-41fe-9d4e-280a1eed2d9f,critical
EVT_002971,invoice.created,CUST_0011,INV_10270,2024-04-27T05:27:32Z,421.12,3e0232c9-b3dc-4582-a02a-dbd01ed358e6,high
EVT_002972,invoice.paid,CUST_0056,INV_29165,2024-01-20T07:28:14Z,423.25,e34ae912-52df-45e2-beec-31ebc680c3fb,high
EVT_002973,compliance.submitted,CUST_0064,INV_58295,2024-01-13T10:12:59Z,139.96,183ba38b-5c16-464a-8202-37fb49b23a23,normal
EVT_002974,invoice.rejected,CUST_0030,INV_55105,2024-01-01T02:11:33Z,36.62,461e189b-c37c-41bc-a3e0-df135e12379c,low
EVT_002975,compliance.failed,CUST_0050,INV_71436,2024-05-06T09:21:54Z,167.28,b287fa5a-d520-4be1-afce-77dbbac7086b,high
EVT_002976,invoice.paid,CUST_0049,INV_47740,2024-02-26T05:45:06Z,42.06,09bff8a4-3fb3-4a7a-9bb2-49373d9f2f6e,high
EVT_002977,compliance.failed,CUST_0046,INV_90514,2024-02-08T00:32:55Z,65.66,f376fbf8-256e-4b8a-b5b5-946ec2479e31,critical
EVT_002978,compliance.failed,CUST_0055,INV_66100,2024-03-22T16:41:53Z,405.56,01edd2d8-b326-41f4-9ec4-a4787afa39f6,critical
EVT_002979,invoice.created,CUST_0009,INV_85431,2024-01-25T06:38:34Z,62.98,3454ec3a-4a18-4b26-abef-8bd30f69b2f4,critical
EVT_002980,invoice.paid,CUST_0071,INV_96793,2024-01-11T16:03:28Z,4.63,2dd82f82-b542-4563-94b3-4b9694849c7f,normal
EVT_002981,invoice.created,CUST_0009,INV_61221,2024-05-11T02:31:53Z,24.44,d98bb55a-43b6-4ffd-b7f0-f608e25c1288,critical
EVT_002982,invoice.paid,CUST_0062,INV_36803,2024-05-02T20:10:52Z,70.32,cb3631c9-9ed4-48ad-82c1-13ed6ab99cc8,low
EVT_002983,compliance.submitted,CUST_0070,INV_30357,2024-03-10T01:50:55Z,455.45,f5a9f069-24c1-4abb-9d7c-d7386bd2f5a8,high
EVT_002984,invoice.paid,CUST_0066,INV_38923,2024-03-12T09:17:59Z,45.67,10808c6a-c68d-456d-9a73-af93b8f5f7b4,high
EVT_002985,invoice.created,CUST_0025,INV_13790,2024-01-05T04:32:22Z,47.01,5699183b-401d-46d0-ab9b-a978ba846a12,normal
EVT_002986,compliance.failed,CUST_0032,INV_19587,2024-05-16T12:23:57Z,307.51,19995f26-4805-475c-898c-b638c39f31eb,critical
EVT_002987,invoice.validated,CUST_0049,INV_26621,2024-04-28T22:56:59Z,163.24,a1c8af06-a2d9-4f9f-b17b-fae786d98760,low
EVT_002988,compliance.submitted,CUST_0063,INV_36437,2024-05-07T23:40:45Z,40.27,08ca1ee6-0822-4725-a99b-4b1c57adad0e,high
EVT_002989,compliance.submitted,CUST_0027,INV_28279,2024-06-27T12:28:51Z,3.02,11926431-e8a9-4591-a3ac-27a715ad47d8,critical
EVT_002990,compliance.failed,CUST_0046,INV_66094,2024-02-01T18:44:44Z,20.25,36fbee61-6238-4d86-90fd-f96a79c5937a,high
EVT_002991,invoice.validated,CUST_0009,INV_73943,2024-06-05T09:49:07Z,9.97,239dc8ce-a0fb-4380-834a-2ded669084fb,normal
EVT_002992,invoice.rejected,CUST_0063,INV_98164,2024-06-11T00:41:30Z,189.55,c76c489a-719d-4c05-905e-a63ee19f5848,critical
EVT_002993,invoice.paid,CUST_0034,INV_77018,2024-04-12T17:00:54Z,251.38,533e08b8-7f81-4ecb-9c66-678017b1cea4,high
EVT_002994,invoice.created,CUST_0048,INV_12841,2024-06-10T06:13:43Z,143.82,f6835116-8061-4a11-82ee-71bd884b269b,normal
EVT_002995,invoice.rejected,CUST_0073,INV_60210,2024-03-22T07:46:49Z,234.28,5a0f4d4f-df61-4210-9765-0738776c594a,low
EVT_002996,invoice.validated,CUST_0054,INV_68629,2024-05-28T17:25:32Z,43.91,c45151a2-7f97-43b1-bc76-e6655c8f1804,high
EVT_002997,invoice.paid,CUST_0003,INV_86586,2024-04-29T04:55:47Z,39.1,541ce36c-649a-462c-ba5c-84496798323d,low
EVT_002998,invoice.created,CUST_0017,INV_49473,2024-04-21T18:09:18Z,22.42,2fc3aa62-9f3b-4a34-ac1b-3f14719585dc,normal
EVT_002999,invoice.validated,CUST_0019,INV_48365,2024-06-01T21:39:10Z,507.0,f8bb9593-30df-46d3-9083-a5c6874d84d7,low
EVT_003000,invoice.rejected,CUST_0037,INV_74585,2024-06-25T20:12:21Z,119.55,efcb12d3-82c2-4fb4-ab5c-38dadfe40df2,low
EVT_003001,compliance.failed,CUST_0067,INV_95909,2024-02-26T13:35:15Z,271.82,a7822cc7-9f3a-4ff9-8b70-b1b554c1afdf,normal
EVT_003002,invoice.paid,CUST_0012,INV_82810,2024-02-26T19:38:16Z,34.35,1a372f6f-67e5-4615-b6d5-5f716775cab8,normal
EVT_003003,compliance.failed,CUST_0025,INV_30455,2024-03-27T08:29:11Z,188.97,16e4cb6e-d326-4aa1-8493-729788693595,high
EVT_003004,invoice.paid,CUST_0009,INV_73994,2024-05-19T09:02:24Z,20.61,7a60d0ec-2802-415e-a251-5434dcf7fbf5,critical
EVT_003005,invoice.validated,CUST_0029,INV_78186,2024-05-10T06:37:53Z,21.89,209599a4-8103-48a9-9dc6-30c9bc932f8c,normal
EVT_003006,invoice.created,CUST_0004,INV_98590,2024-06-08T13:25:39Z,125.51,f14f565d-3145-43ae-8d5f-306d6db69f66,high
EVT_003007,invoice.validated,CUST_0070,INV_37854,2024-02-09T12:33:58Z,21.72,699201c2-dc16-409f-a368-3f9bb2ca0809,normal
EVT_003008,invoice.paid,CUST_0070,INV_75374,2024-04-27T12:40:43Z,145.72,1af5274d-2bf0-45d8-a9c4-d316bad5d521,low
EVT_003009,compliance.failed,CUST_0043,INV_43186,2024-05-04T07:09:07Z,335.68,ff3806e6-a94d-465b-974d-f2d591aa0f6d,normal
EVT_003010,invoice.rejected,CUST_0004,INV_64959,2024-04-19T04:28:01Z,14.72,5ccb55d9-c415-4be6-ba0c-3a53b6888172,normal
EVT_003011,invoice.rejected,CUST_0034,INV_22265,2024-04-30T17:00:48Z,316.75,92ad80c9-b586-42af-83b2-b47cafd89d5e,low
EVT_003012,invoice.rejected,CUST_0010,INV_48243,2024-01-22T00:37:37Z,445.57,be674d66-7df5-4b3f-9666-8cdd828c630c,low
EVT_003013,invoice.created,CUST_0070,INV_38408,2024-06-19T10:43:41Z,380.05,b9a577c2-3284-4846-ae09-0824c31d2920,low
EVT_003014,compliance.failed,CUST_0037,INV_18930,2024-02-19T13:41:42Z,59.22,dfed0b99-ed24-4b09-9c54-d29abd77637d,critical
EVT_003015,compliance.submitted,CUST_0050,INV_54555,2024-06-22T12:35:36Z,303.01,c71433df-147e-4b35-a73e-76f6effc8775,low
EVT_003016,compliance.failed,CUST_0036,INV_38474,2024-04-10T00:18:51Z,24.39,567c158f-0411-49e7-80ea-d240472f327a,normal
EVT_003017,compliance.failed,CUST_0006,INV_11575,2024-05-01T06:13:10Z,110.5,73695a1a-cc84-42ec-b8ac-efd8280257f6,high
EVT_003018,invoice.paid,CUST_0058,INV_69087,2024-01-22T08:35:23Z,500.16,4b40d227-4e58-4663-aac6-43be5a5fa48d,low
EVT_003019,invoice.paid,CUST_0020,INV_96121,2024-06-21T13:04:12Z,364.46,acf7d3f7-45bd-4fd4-b3b8-b464db63c789,normal
EVT_003020,invoice.created,CUST_0062,INV_67138,2024-05-16T06:17:01Z,104.87,0e2ffffd-57a9-4aa9-8acd-4039216f5d7f,critical
EVT_003021,compliance.submitted,CUST_0015,INV_84879,2024-01-17T13:00:08Z,336.82,755e7d0f-d621-4990-8e4f-a6eb5c58232c,normal
EVT_003022,invoice.paid,CUST_0026,INV_18607,2024-02-01T00:52:05Z,24.35,f66b8dbf-95f1-4527-8d99-dd8cd54c33ca,high
EVT_003023,invoice.rejected,CUST_0069,INV_34850,2024-02-10T06:27:28Z,146.54,9f3f59b5-21f9-4422-9dc2-b7d92c676183,critical
EVT_003024,compliance.failed,CUST_0042,INV_29654,2024-03-26T09:17:52Z,27.73,00bec334-8f83-4bd7-8102-61d644d0b560,normal
EVT_003025,invoice.paid,CUST_0037,INV_62452,2024-01-31T22:01:47Z,482.49,48ea8dd4-3bce-4ce9-a285-b08ce0575462,critical
EVT_003026,invoice.created,CUST_0043,INV_18720,2024-04-18T15:43:46Z,130.91,628f5881-7073-40cd-989d-78ca4618f433,critical
EVT_003027,compliance.submitted,CUST_0071,INV_37265,2024-04-04T03:41:32Z,1.21,b8df1ee9-ddec-414a-8ef2-89846f82fae2,high
EVT_003028,invoice.paid,CUST_0027,INV_33431,2024-01-31T14:25:26Z,384.87,f2cb3911-5b07-4871-8617-13cdcce6c6c7,normal
EVT_003029,invoice.created,CUST_0033,INV_93620,2024-03-02T11:43:22Z,160.8,297c7a7d-9750-44dd-9bd5-70ab96970e16,normal
EVT_003030,invoice.rejected,CUST_0067,INV_65898,2024-03-12T23:11:56Z,85.78,d3f99828-b5dd-4e5f-baf8-bbc4983441fe,normal
EVT_003031,compliance.submitted,CUST_0001,INV_71853,2024-04-13T22:04:37Z,158.31,105bd309-bd57-4fb1-833a-37f977884282,normal
EVT_003032,compliance.failed,CUST_0072,INV_31878,2024-06-16T23:19:41Z,346.37,257e2c53-211f-4fde-85c9-94a3ac9b900b,low
EVT_003033,compliance.submitted,CUST_0016,INV_48337,2024-06-19T15:35:48Z,428.54,9e6e5cfa-c7d7-477c-b08d-98f91b437f83,critical
EVT_003034,compliance.submitted,CUST_0026,INV_18058,2024-01-01T05:06:39Z,1.42,8c189e6c-01bd-432c-a79e-fb30c76d2c2f,normal
EVT_003035,invoice.validated,CUST_0036,INV_48692,2024-01-28T08:13:58Z,34.08,8cf0b272-063e-4089-8773-22bf5b36af2f,high
EVT_003036,compliance.failed,CUST_0062,INV_96797,2024-06-13T19:32:15Z,436.31,dabd4886-07e5-4dcf-8658-39de93da23f2,critical
EVT_003037,compliance.submitted,CUST_0016,INV_86357,2024-05-11T15:02:11Z,313.81,082631f6-d369-4c90-a97f-cff92028f5ec,critical
EVT_003038,invoice.paid,CUST_0045,INV_62774,2024-05-29T21:13:29Z,212.7,ca3e111e-9fb3-44e6-8da8-854d79d0824c,critical
EVT_003039,invoice.validated,CUST_0068,INV_35529,2024-06-14T23:09:52Z,205.45,0fb453a8-4122-4990-8292-5c61eadb0d20,high
EVT_003040,invoice.rejected,CUST_0020,INV_28141,2024-02-01T08:32:12Z,49.33,d4c4621b-9326-4cbc-9bc1-a8be23664425,critical
EVT_003041,compliance.failed,CUST_0080,INV_33894,2024-02-08T21:25:21Z,63.24,84ce548a-6814-4566-8520-6724c4e565f8,normal
EVT_003042,invoice.created,CUST_0080,INV_70116,2024-05-16T14:10:36Z,2.04,bdf6f97c-c005-45b5-ab19-a324d1b42438,critical
EVT_003043,invoice.created,CUST_0007,INV_53853,2024-05-28T00:24:11Z,146.08,122226c6-7757-4aef-a94a-1af1b58eb44e,low
EVT_003044,invoice.created,CUST_0013,INV_62031,2024-01-09T12:23:05Z,35.73,d20092c1-14e4-42df-8518-898e19443081,low
EVT_003045,invoice.rejected,CUST_0018,INV_83469,2024-03-18T22:18:48Z,81.34,ec631724-db38-4653-a0c5-c64d109368e7,high
EVT_003046,compliance.submitted,CUST_0077,INV_36647,2024-03-29T11:46:57Z,11.81,a9462c83-64bf-4014-8625-d3e960108c40,high
EVT_003047,invoice.created,CUST_0063,INV_88659,2024-06-22T16:21:00Z,325.71,66280bfa-82b8-441e-9f3e-acc2c745e238,low
EVT_003048,invoice.validated,CUST_0033,INV_76238,2024-03-15T15:27:07Z,197.74,c66a2af3-95ce-4cfb-9bc3-09849366cc57,normal
EVT_003049,invoice.validated,CUST_0020,INV_22008,2024-01-05T10:56:05Z,416.11,0857b7a9-5bcc-4306-8163-fe539a1675a8,critical
EVT_003050,invoice.validated,CUST_0055,INV_77953,2024-03-11T20:24:15Z,303.92,61feaed8-cff1-4e2a-be9f-a3906fba2779,normal
EVT_003051,invoice.validated,CUST_0064,INV_48023,2024-05-10T01:32:36Z,415.03,fcd68dc9-d486-4813-b5d5-48ba59c1eb2b,normal
EVT_003052,invoice.paid,CUST_0003,INV_97041,2024-04-16T01:01:50Z,3.43,16dd7a3b-4cc3-4bda-b17c-d308c1ee5ece,high
EVT_003053,invoice.created,CUST_0012,INV_83331,2024-04-24T10:00:10Z,91.97,5d1f5898-4c59-4186-bcd7-c6ca76a2304f,low
EVT_003054,invoice.validated,CUST_0052,INV_17473,2024-05-06T13:09:12Z,44.08,a1f4469e-518b-4801-8ee4-49f094e4fc98,high
EVT_003055,compliance.failed,CUST_0054,INV_38451,2024-06-13T02:03:31Z,19.69,e7746127-7582-45f6-8629-5bf5a1410130,low
EVT_003056,invoice.created,CUST_0012,INV_17453,2024-06-25T03:16:24Z,364.21,fe3e5128-717f-4e18-a576-cab9cc7d20b4,normal
EVT_003057,invoice.paid,CUST_0009,INV_78293,2024-04-17T09:22:24Z,493.44,92ea56b0-297e-4a41-87df-f556f02d478a,low
EVT_003058,compliance.failed,CUST_0023,INV_40230,2024-04-12T06:43:38Z,220.11,508d1824-683d-4a0b-aabd-af8d0ce273ae,normal
EVT_003059,invoice.created,CUST_0080,INV_91479,2024-05-12T14:44:39Z,37.24,48a80501-a2f9-457d-8f21-5ce495a8eb15,critical
EVT_003060,invoice.created,CUST_0054,INV_41777,2024-03-23T11:14:02Z,366.54,5fe73fac-6a08-4712-a885-e107b8061684,low
EVT_003061,invoice.created,CUST_0066,INV_28393,2024-06-02T04:23:56Z,49.27,4c8126c5-6cd1-419e-87ac-42461528e493,high
EVT_003062,invoice.paid,CUST_0074,INV_43611,2024-02-28T20:32:51Z,472.01,b887b4f1-64af-465b-af07-788d3762b5a9,normal
EVT_003063,invoice.created,CUST_0010,INV_14762,2024-06-09T19:43:57Z,495.43,7d349967-1564-4f55-890f-0c6fb65dc79c,normal
EVT_003064,compliance.submitted,CUST_0002,INV_66708,2024-06-16T09:17:41Z,339.73,b6a83391-6a44-44f3-ae5a-7bc8a7680489,high
EVT_003065,compliance.submitted,CUST_0018,INV_86615,2024-01-19T09:10:06Z,162.05,0f31ebcc-8572-4f5e-b151-a4befd610007,normal
EVT_003066,compliance.failed,CUST_0061,INV_56658,2024-03-20T06:18:43Z,163.62,a3c47de6-0bd2-42d7-ac54-2346fbe008bd,critical
EVT_003067,invoice.created,CUST_0062,INV_76727,2024-05-14T00:00:06Z,480.16,7de49024-7f37-44d0-8576-323590f7772c,normal
EVT_003068,invoice.validated,CUST_0053,INV_66681,2024-06-28T23:22:23Z,27.69,bf371903-5ed6-4d01-8fa2-9922f595efa1,low
EVT_003069,compliance.failed,CUST_0051,INV_31163,2024-06-19T16:53:34Z,23.53,2e8eae84-2080-447b-b2a5-50f385b165e5,critical
EVT_003070,invoice.paid,CUST_0056,INV_77465,2024-03-25T11:09:35Z,377.8,7604981b-8053-4a57-9863-dade9640dfb3,normal
EVT_003071,invoice.paid,CUST_0058,INV_21223,2024-05-04T23:18:23Z,47.53,14e86238-4bb2-4e96-b924-a50e83d6d336,low
EVT_003072,compliance.submitted,CUST_0060,INV_86510,2024-02-26T14:10:49Z,12.85,65455b1f-4f1c-4ae4-8cf2-2dd8fa7d9cfd,high
EVT_003073,invoice.paid,CUST_0044,INV_72950,2024-04-30T20:59:56Z,115.08,59d91bae-aa0b-4789-af7f-677da0656e4f,critical
EVT_003074,compliance.submitted,CUST_0038,INV_34636,2024-01-05T20:13:02Z,45.69,cc7e339d-18cc-4aba-936a-fd70ca67e578,high
EVT_003075,invoice.created,CUST_0004,INV_48129,2024-06-28T11:26:46Z,116.12,c524d7d6-5588-4c60-bcdf-0d514400fbf1,high
EVT_003076,compliance.submitted,CUST_0062,INV_34703,2024-04-17T01:52:41Z,193.01,1e854359-7d7e-4cc6-9eee-d144fa90ccd9,critical
EVT_003077,invoice.created,CUST_0045,INV_80042,2024-06-04T14:56:44Z,62.04,541f718d-1194-4aad-8109-172393e80384,critical
EVT_003078,compliance.failed,CUST_0006,INV_57324,2024-01-11T21:21:47Z,50.65,2e5bb284-c928-47f0-b098-60e8d2d35dac,high
EVT_003079,compliance.failed,CUST_0077,INV_33717,2024-05-16T16:54:20Z,117.08,f8830a35-677e-470c-b9e2-d1571e575478,high
EVT_003080,compliance.failed,CUST_0060,INV_40528,2024-01-10T16:02:08Z,32.49,7c6c0ae0-7ee8-4eec-aea2-7b739352956b,low
EVT_003081,invoice.validated,CUST_0014,INV_54550,2024-05-21T23:06:34Z,358.24,6333135e-1922-4610-b1c5-ad9bb4a7086f,low
EVT_003082,invoice.validated,CUST_0064,INV_84923,2024-02-23T10:41:51Z,406.41,9061a105-0913-4145-ad25-0d3609361995,high
EVT_003083,invoice.validated,CUST_0020,INV_39761,2024-02-05T04:15:28Z,42.7,41acb1ef-bdcc-4a15-854b-5b810002ceb3,low
EVT_003084,invoice.created,CUST_0050,INV_11787,2024-02-02T15:37:38Z,39.34,77c93c71-51aa-420b-9fb2-d7c34969ff62,high
EVT_003085,invoice.paid,CUST_0023,INV_95355,2024-06-24T16:12:02Z,418.95,44253808-2f34-4d16-9bc0-8d3643951177,critical
EVT_003086,invoice.paid,CUST_0047,INV_93238,2024-02-16T10:50:12Z,53.73,2d859c70-2aed-4717-a0b8-12c44af2384c,low
EVT_003087,invoice.paid,CUST_0036,INV_96945,2024-02-29T05:45:18Z,105.12,34846c11-15e7-408c-93f7-ebb4900acd11,high
EVT_003088,invoice.paid,CUST_0007,INV_81139,2024-05-19T21:07:33Z,168.35,b878a8c5-21ee-4ffb-9322-0216887f5504,high
EVT_003089,invoice.rejected,CUST_0048,INV_53293,2024-02-12T12:00:26Z,404.46,da41efc4-eee2-4232-8046-6b32c1525039,critical
EVT_003090,compliance.submitted,CUST_0046,INV_36034,2024-06-29T02:21:46Z,180.89,74c24002-4f18-41ed-9fde-fb90f2ccad94,normal
EVT_003091,compliance.submitted,CUST_0046,INV_66224,2024-05-07T04:07:15Z,31.87,28200440-6687-4b5d-8d17-9c095b35239c,critical
EVT_003092,invoice.rejected,CUST_0051,INV_77840,2024-06-10T03:28:34Z,73.14,118884c1-d710-4e97-ba99-338c202151c9,critical
EVT_003093,invoice.paid,CUST_0047,INV_10599,2024-04-11T20:27:47Z,46.29,8d19e51d-4d3b-401e-8c7b-b013d29b1b75,critical
EVT_003094,invoice.validated,CUST_0079,INV_96099,2024-04-18T21:45:46Z,276.08,f949bfcd-6cef-4bd9-b847-702de5680e7e,critical
EVT_003095,invoice.rejected,CUST_0077,INV_80198,2024-05-14T02:00:15Z,53.57,c3b43f94-2b53-450b-88fe-55601b68fd2f,high
EVT_003096,compliance.failed,CUST_0008,INV_14178,2024-03-11T03:12:43Z,30.2,2798fa40-179a-45b2-9c9d-e5e2b9008013,low
EVT_003097,invoice.validated,CUST_0007,INV_46747,2024-03-29T21:54:06Z,9.44,a969dc49-9882-47f1-855b-21ef034591d8,low
EVT_003098,invoice.validated,CUST_0060,INV_74228,2024-03-27T18:24:33Z,176.68,682f8d1c-849f-45d2-8655-ff5348acd292,high
EVT_003099,compliance.submitted,CUST_0001,INV_13745,2024-02-16T22:21:10Z,70.66,3894d9e4-3cfd-4bd5-ac5a-446494b6d669,low
EVT_003100,compliance.failed,CUST_0046,INV_27387,2024-01-08T11:11:49Z,145.4,14211672-c1e4-4c4a-a76b-f217966cc731,low
EVT_003101,invoice.created,CUST_0024,INV_50848,2024-04-19T04:38:01Z,84.05,5167f895-48bd-4884-9864-671b542c9a05,high
EVT_003102,invoice.validated,CUST_0030,INV_74418,2024-06-09T01:48:55Z,31.4,68b9085e-2d78-44f1-821f-6712e0c6928f,low
EVT_003103,invoice.validated,CUST_0015,INV_96090,2024-01-28T14:52:08Z,18.28,0b6bd03d-b457-4cdd-943b-8375565b205a,critical
EVT_003104,invoice.paid,CUST_0046,INV_44628,2024-02-05T20:32:02Z,8.3,4c63d12e-68e7-431f-88eb-4f620fbe3ad4,high
EVT_003105,invoice.created,CUST_0015,INV_78625,2024-05-14T08:29:27Z,260.04,fb4b55ef-75d9-47e7-808f-cf362a26b805,high
EVT_003106,invoice.rejected,CUST_0045,INV_20518,2024-02-26T19:24:28Z,504.76,526dc109-f2b7-4c5d-b8e8-39caf58cdec4,low
EVT_003107,invoice.rejected,CUST_0075,INV_22290,2024-02-15T01:53:55Z,149.83,cd72e359-2fe2-412d-b751-0d4636dcdc81,high
EVT_003108,compliance.failed,CUST_0041,INV_38825,2024-05-26T18:16:41Z,154.78,bc26d66f-7361-4e6b-acf8-b56b930b25ab,normal
EVT_003109,compliance.submitted,CUST_0061,INV_24110,2024-02-06T05:02:44Z,79.97,663f3be3-2efa-486f-bb04-5e86efb30a3b,low
EVT_003110,invoice.created,CUST_0018,INV_97529,2024-06-13T05:58:30Z,500.56,e443004e-b983-44b9-bc62-bafe7a100b4f,normal
EVT_003111,invoice.created,CUST_0055,INV_32780,2024-02-19T23:14:09Z,37.91,cff1bcc4-2303-42db-89cd-31c34dc8503d,critical
EVT_003112,invoice.created,CUST_0051,INV_87221,2024-02-01T00:38:46Z,31.45,358c70f1-2609-4907-95a3-aca1afb47f3c,critical
EVT_003113,invoice.validated,CUST_0031,INV_91063,2024-01-04T22:02:04Z,192.47,d91c29d9-e202-448f-a6cb-dd88a59e6f71,low
EVT_003114,invoice.created,CUST_0040,INV_53244,2024-03-06T03:56:52Z,36.33,0d9a58da-32ab-4566-ac8b-c38fff98aff5,critical
EVT_003115,compliance.failed,CUST_0057,INV_23101,2024-02-14T04:31:30Z,47.43,cdb7ccdb-77e0-4b5f-ac40-7e0fe6fb931f,low
EVT_003116,invoice.rejected,CUST_0040,INV_21855,2024-04-07T11:52:15Z,147.53,46a7db85-b055-4396-ba68-7996f2302559,normal
EVT_003117,invoice.rejected,CUST_0052,INV_16055,2024-02-27T19:45:18Z,254.82,39babd91-bba3-473a-8583-fa727ef4e7d7,normal
EVT_003118,invoice.rejected,CUST_0014,INV_27368,2024-02-17T19:55:05Z,165.07,e88adee8-a7b9-4937-9e26-bf3c9492e336,normal
EVT_003119,invoice.created,CUST_0078,INV_24444,2024-04-28T09:05:59Z,93.92,31ba2d05-be14-419a-9382-5520f3b8044d,high
EVT_003120,invoice.created,CUST_0025,INV_78332,2024-06-22T20:24:03Z,80.47,be05cf3c-09a1-4e98-9aa6-d7682334a1d0,high
EVT_003121,invoice.created,CUST_0029,INV_14998,2024-06-26T17:50:49Z,407.32,4afba121-17dd-4ece-a997-d39c4398d104,critical
EVT_003122,compliance.failed,CUST_0062,INV_94215,2024-01-24T01:11:34Z,245.89,cf17da15-4efb-4927-ad0d-2bf81988a755,low
EVT_003123,invoice.validated,CUST_0060,INV_61095,2024-04-27T11:18:08Z,193.99,f21a7326-639e-4cde-9f03-c0f56c87c7c8,normal
EVT_003124,invoice.created,CUST_0021,INV_66015,2024-04-08T21:12:02Z,432.02,00516fb2-9f6e-431d-969c-dd20ff4925fe,critical
EVT_003125,compliance.submitted,CUST_0030,INV_30397,2024-06-08T05:55:43Z,276.81,2e4f24b0-bbb8-4a97-a2b9-663f815d474a,low
EVT_003126,invoice.validated,CUST_0042,INV_99049,2024-03-26T22:54:54Z,23.56,ae15e693-14f4-4220-9b07-941f6a44237d,high
EVT_003127,compliance.submitted,CUST_0018,INV_99449,2024-04-19T16:31:54Z,50.15,18a7773b-c2b9-4ef4-b230-6792009fa599,low
EVT_003128,invoice.validated,CUST_0048,INV_17402,2024-06-16T15:40:59Z,13.46,aec458a2-8a59-4023-a300-3fc515f386b9,low
EVT_003129,compliance.failed,CUST_0017,INV_59451,2024-05-30T16:57:07Z,374.86,70cf3e09-1875-4827-a21c-4ff98fa4eeb6,low
EVT_003130,invoice.rejected,CUST_0028,INV_93617,2024-05-24T14:54:29Z,385.47,8829f647-eb67-4f92-84c0-822986336537,critical
EVT_003131,invoice.paid,CUST_0058,INV_16190,2024-05-27T19:36:01Z,284.93,c05015a2-7f1d-4507-af94-3534d070fbc4,normal
EVT_003132,compliance.failed,CUST_0035,INV_70193,2024-03-20T05:49:22Z,221.47,45f6da05-652b-4064-bb89-07b2f2fb6a87,normal
EVT_003133,invoice.paid,CUST_0031,INV_81002,2024-06-02T04:06:36Z,477.26,a9b08042-ce14-453b-bbb0-efe8317e6f68,normal
EVT_003134,invoice.created,CUST_0058,INV_16352,2024-02-03T12:00:58Z,97.04,6b3f8053-7cd2-41c5-bf24-47184210e608,critical
EVT_003135,compliance.submitted,CUST_0008,INV_50698,2024-01-20T12:35:49Z,273.33,6363adb4-729b-47a8-8995-8f9fcf347469,normal
EVT_003136,invoice.validated,CUST_0047,INV_32781,2024-06-03T14:04:04Z,261.46,0dac7fc5-49fa-4159-8f47-6e5c7a43f9a7,low
EVT_003137,invoice.created,CUST_0050,INV_93515,2024-04-11T13:13:32Z,202.82,8e2e5d1d-2260-482c-969b-8f9732db404a,low
EVT_003138,compliance.failed,CUST_0062,INV_59856,2024-02-17T16:16:00Z,359.21,1dc51a8d-d880-433c-a06e-8d5b7bdaaefd,high
EVT_003139,invoice.paid,CUST_0063,INV_34141,2024-03-24T04:32:18Z,53.47,677ebd34-62a7-4c62-9505-b6fd172fc72e,low
EVT_003140,invoice.created,CUST_0007,INV_69867,2024-04-02T00:29:01Z,6.59,9c8a1f46-9d99-4857-8af3-bbd22d352049,high
EVT_003141,invoice.validated,CUST_0014,INV_70132,2024-02-05T00:16:28Z,438.6,759f4e7f-bc10-40b5-8066-918d76cd59b0,low
EVT_003142,compliance.failed,CUST_0080,INV_49837,2024-02-21T10:12:13Z,190.21,0b097126-3fbb-4f96-b61a-f45759f70a75,normal
EVT_003143,invoice.rejected,CUST_0079,INV_54358,2024-03-17T18:49:39Z,67.23,d0cd27e3-852b-459f-a3ec-214e87244efa,critical
EVT_003144,invoice.paid,CUST_0011,INV_68477,2024-02-15T21:21:55Z,414.69,b844626f-7883-41de-bf49-8bd4f02f4730,critical
EVT_003145,invoice.paid,CUST_0019,INV_41525,2024-06-13T08:46:37Z,110.12,23427cb6-47f9-43ab-870d-d661518395fa,critical
EVT_003146,invoice.validated,CUST_0057,INV_13310,2024-04-15T14:46:14Z,19.24,da6928ba-bec2-41f9-8982-3ff1e85cfaf6,critical
EVT_003147,invoice.created,CUST_0037,INV_31741,2024-06-08T20:13:25Z,404.45,20add97e-ec54-469c-8be6-5bb77629956b,high
EVT_003148,invoice.rejected,CUST_0049,INV_48944,2024-01-14T08:51:10Z,182.86,15658357-5447-4173-b283-b7fb8219b224,normal
EVT_003149,invoice.rejected,CUST_0028,INV_99125,2024-01-01T03:57:15Z,6.41,44e83a47-1296-4955-8d7c-cc09ad2bf5aa,high
EVT_003150,compliance.failed,CUST_0023,INV_23404,2024-05-01T14:20:51Z,270.75,6b33e63d-f8d9-48e8-9eeb-ab2c347d45c4,critical
EVT_003151,invoice.paid,CUST_0069,INV_37159,2024-05-23T03:14:14Z,112.35,5c69f1cf-bc6f-4b63-9b76-fa2e8888d7d9,critical
EVT_003152,compliance.submitted,CUST_0041,INV_84105,2024-03-14T05:26:56Z,19.99,0c22b092-5e52-47fa-b57f-0e4d4d10e63f,normal
EVT_003153,compliance.submitted,CUST_0049,INV_40320,2024-04-17T00:48:30Z,268.61,7fd3e181-f6bf-47d9-95e3-fb2ff2ac89b9,normal
EVT_003154,invoice.validated,CUST_0052,INV_20322,2024-05-21T13:05:25Z,38.51,ae996491-905d-4459-884e-de8f0e13c689,low
EVT_003155,invoice.created,CUST_0022,INV_60240,2024-04-03T16:51:56Z,83.46,7375afdb-7102-44e3-bd76-d1ae36d9a2ca,low
EVT_003156,compliance.failed,CUST_0049,INV_29025,2024-05-24T05:49:25Z,29.37,54eddffd-d166-4c04-9492-587326f89970,normal
EVT_003157,invoice.created,CUST_0036,INV_77973,2024-04-03T04:05:47Z,235.63,503e8718-90ae-4bf2-9e28-b550815a770d,critical
EVT_003158,invoice.paid,CUST_0007,INV_53865,2024-06-13T15:53:02Z,427.48,61c5e0d7-8f83-44bb-a155-f3196910d8d9,high
EVT_003159,invoice.rejected,CUST_0074,INV_86236,2024-04-02T15:16:50Z,31.1,ecf5d596-d702-4d89-903c-2188840e2502,normal
EVT_003160,invoice.created,CUST_0014,INV_24467,2024-04-05T05:06:54Z,178.05,b1a095f2-4448-4277-9264-4be13882714b,high
EVT_003161,invoice.created,CUST_0067,INV_82468,2024-05-23T06:15:16Z,31.37,02382e1c-3141-4c45-b9a4-668d919bdbba,critical
EVT_003162,invoice.validated,CUST_0010,INV_92816,2024-04-05T15:17:27Z,178.12,727101a6-e718-4190-88f0-f51e0f82829e,critical
EVT_003163,invoice.paid,CUST_0032,INV_36229,2024-01-19T09:23:38Z,75.22,a5f40e7f-2ff7-46a3-b35b-83b790dfba57,high
EVT_003164,invoice.validated,CUST_0058,INV_64318,2024-06-07T20:02:41Z,6.06,8ebd7cc0-4bc6-4d25-931d-ae1637308d2e,critical
EVT_003165,invoice.created,CUST_0072,INV_21623,2024-04-08T11:20:04Z,363.97,13348085-1b77-4e82-81fa-fe46f8e4fb03,low
EVT_003166,invoice.validated,CUST_0051,INV_16207,2024-04-12T23:50:56Z,81.08,f5585fe8-7f66-445e-8dfa-557d35b9c12b,low
EVT_003167,invoice.rejected,CUST_0055,INV_34710,2024-04-05T21:02:57Z,39.97,8dbcfdad-826f-442c-8c7d-e3c79591df86,normal
EVT_003168,invoice.created,CUST_0054,INV_41729,2024-06-27T19:48:47Z,142.09,c646bba9-2e76-4ee1-94d8-5e339cc4b808,low
EVT_003169,compliance.failed,CUST_0006,INV_88912,2024-03-01T06:54:20Z,409.84,bcdcf5ec-5e1e-4f19-b4bc-2f1ee1c821ef,high
EVT_003170,compliance.submitted,CUST_0038,INV_53634,2024-03-13T03:38:55Z,25.67,449d0d5b-2851-45df-b728-dda9fe9d1c9b,low
EVT_003171,invoice.rejected,CUST_0020,INV_38551,2024-04-03T13:29:10Z,73.12,7fdaf243-b036-4c91-94ef-4c89a4bb67f5,low
EVT_003172,invoice.rejected,CUST_0057,INV_19140,2024-06-06T00:55:03Z,257.49,8c2e6f96-eb84-4d7a-848a-5368591f9892,low
EVT_003173,invoice.paid,CUST_0033,INV_65177,2024-06-10T13:44:02Z,233.16,fff20fbe-8255-4a82-a771-27d76b76d839,normal
EVT_003174,invoice.created,CUST_0025,INV_25927,2024-03-19T19:14:23Z,109.27,ea61fe11-6724-40be-a277-941781291755,high
EVT_003175,invoice.validated,CUST_0034,INV_82726,2024-01-19T23:09:55Z,13.33,0e0a39b3-04d9-4942-af83-1c7a0a963b66,low
EVT_003176,invoice.created,CUST_0078,INV_71642,2024-02-17T01:29:10Z,429.91,5f3a32ae-e8df-4d81-9fa7-4ebd92e85154,low
EVT_003177,compliance.failed,CUST_0076,INV_96717,2024-03-24T05:38:56Z,182.29,4584b9bc-6a5d-41a6-a9d2-443a718e5a1e,normal
EVT_003178,compliance.failed,CUST_0036,INV_14208,2024-06-26T14:39:16Z,28.56,4d342248-9787-45f4-8ec8-e158ff433025,low
EVT_003179,compliance.failed,CUST_0059,INV_34665,2024-04-03T21:03:51Z,191.86,6538e38d-062c-46d3-b4dd-5d02fa1cee8b,critical
EVT_003180,invoice.created,CUST_0066,INV_37026,2024-01-13T11:59:41Z,143.26,6ec0476d-b044-4024-ac1f-8d11cddac825,critical
EVT_003181,compliance.failed,CUST_0004,INV_27836,2024-04-02T20:39:44Z,6.93,ceab30f6-6292-4299-93c6-a48d219b346d,normal
EVT_003182,compliance.failed,CUST_0040,INV_32498,2024-01-26T17:58:47Z,32.67,a5d06fe7-52db-47e8-a689-04fef74a1512,normal
EVT_003183,compliance.failed,CUST_0008,INV_42195,2024-03-20T23:06:08Z,10.06,9a2645ee-2d6d-4e9c-828e-53d2f17056ff,low
EVT_003184,compliance.failed,CUST_0070,INV_50632,2024-01-20T09:27:55Z,437.36,5417da71-c9ff-4b3d-b6f9-e52bd25703ca,high
EVT_003185,compliance.failed,CUST_0020,INV_14039,2024-05-09T23:38:22Z,91.93,029053e9-7e17-49dd-b14b-9bdd2fb0ae36,low
EVT_003186,invoice.paid,CUST_0077,INV_63916,2024-02-29T17:45:16Z,228.35,35d927ed-a553-4c2a-9dd1-206b741508f6,critical
EVT_003187,invoice.paid,CUST_0009,INV_45909,2024-03-06T07:33:55Z,170.41,37e1992a-d686-4dda-ad69-8a1b080ee699,critical
EVT_003188,compliance.submitted,CUST_0045,INV_80667,2024-02-07T08:40:28Z,31.38,2d76e8db-70fa-4211-978c-6c3613ebc066,high
EVT_003189,compliance.failed,CUST_0040,INV_27594,2024-06-10T07:53:33Z,229.12,7ed4252e-eb58-4929-83c3-8fce319167b1,low
EVT_003190,invoice.validated,CUST_0066,INV_60533,2024-06-25T13:38:16Z,43.14,f8538bb1-7471-4d66-adf5-85dab97dfa79,low
EVT_003191,invoice.paid,CUST_0026,INV_51880,2024-03-02T19:24:49Z,31.21,14ad2bfa-c062-4c1b-94d1-c9f3d2cefb0d,low
EVT_003192,invoice.paid,CUST_0023,INV_60099,2024-02-16T23:09:29Z,114.92,695f24b9-ae7c-41e0-88cf-a0092cdb33e0,normal
EVT_003193,invoice.rejected,CUST_0022,INV_40635,2024-04-20T15:40:52Z,12.35,fb6f5aa1-cd04-498b-867a-a03884f138be,low
EVT_003194,invoice.validated,CUST_0070,INV_89800,2024-05-31T22:24:50Z,175.37,948e4a50-73dc-4683-b671-e4b8c07033e1,normal
EVT_003195,compliance.failed,CUST_0036,INV_29503,2024-05-06T22:29:10Z,410.08,d6c5772a-5b41-45ac-9826-5741c8f271bc,normal
EVT_003196,invoice.validated,CUST_0035,INV_36420,2024-03-20T15:15:29Z,40.49,24976732-dd56-4fe0-9827-a4e18579f6bb,normal
EVT_003197,invoice.paid,CUST_0033,INV_58618,2024-02-10T12:33:06Z,193.56,82878ec9-3cd8-41eb-9789-efbd653993cb,high
EVT_003198,invoice.paid,CUST_0005,INV_57444,2024-04-08T14:11:41Z,277.72,3cafbb28-e58d-48f9-93cf-ca4a0c3ad73a,normal
EVT_003199,invoice.validated,CUST_0050,INV_82677,2024-04-30T10:26:41Z,53.12,89fff6bb-0401-46f8-9911-3430ec0bd24c,low
EVT_003200,invoice.rejected,CUST_0074,INV_31376,2024-06-16T09:03:57Z,397.68,e6e9462b-aa9c-4ebd-babc-ed8340c3cb1a,high
EVT_003201,invoice.paid,CUST_0078,INV_92779,2024-02-22T19:30:57Z,333.2,c439e6e5-3bd1-4082-a1f6-f5bf1bf7023e,critical
EVT_003202,invoice.validated,CUST_0037,INV_52299,2024-03-04T10:48:29Z,175.93,30321e97-c0fe-42ee-b46c-2c2eb65c093b,low
EVT_003203,invoice.created,CUST_0034,INV_82017,2024-03-29T22:00:01Z,437.75,3002897e-65a6-4be5-b80a-fcf9d3067a96,high
EVT_003204,compliance.submitted,CUST_0036,INV_76670,2024-01-27T11:33:00Z,81.84,ab30f208-552f-405b-8b71-08f9629dcfa4,critical
EVT_003205,invoice.paid,CUST_0049,INV_66321,2024-04-10T06:20:28Z,130.83,11ec2c2b-a7f3-492c-9fe5-2d8769097608,low
EVT_003206,invoice.created,CUST_0053,INV_69975,2024-05-16T01:56:49Z,178.27,a862f22c-5fdc-481f-bb94-a707c896e43a,low
EVT_003207,invoice.rejected,CUST_0011,INV_91425,2024-06-13T07:56:51Z,22.58,827ece91-6859-4048-b87f-cc8f0aa52ce2,high
EVT_003208,invoice.rejected,CUST_0058,INV_61404,2024-01-20T22:17:09Z,103.77,92f35c4d-58f7-4c9e-822e-6b0680e2f4c0,low
EVT_003209,compliance.submitted,CUST_0044,INV_76215,2024-01-15T20:51:31Z,53.0,d6921e56-8d57-4791-88db-d798321d06aa,high
EVT_003210,compliance.failed,CUST_0034,INV_99534,2024-04-19T07:39:15Z,92.61,f046bdac-3aad-437f-a665-d0c171af5a6a,critical
EVT_003211,invoice.rejected,CUST_0074,INV_12444,2024-04-10T09:58:02Z,44.26,d496eb2a-190a-4e70-ba2c-aadc561db2b6,high
EVT_003212,compliance.failed,CUST_0053,INV_85577,2024-03-20T07:52:50Z,39.76,0c385db1-7c43-4bb1-b601-cfc098d3bf39,normal
EVT_003213,invoice.validated,CUST_0034,INV_83530,2024-06-24T00:05:15Z,419.34,fd7c95aa-59d9-4a20-82c4-04787e67c4d3,normal
EVT_003214,invoice.paid,CUST_0043,INV_26301,2024-06-04T15:26:04Z,15.73,c7e3c852-5e4d-4575-9ca2-95f8bff9f550,normal
EVT_003215,compliance.failed,CUST_0069,INV_74291,2024-03-03T20:40:23Z,75.86,a2c9b5f8-a0a8-4e7f-9037-68b6a680b755,low
EVT_003216,invoice.validated,CUST_0053,INV_77803,2024-05-27T16:36:41Z,135.95,355165d1-fe3c-4e1f-b4e6-c42bcffae1f4,low
EVT_003217,invoice.rejected,CUST_0050,INV_77128,2024-02-08T00:47:04Z,18.19,69e4d7b6-26b2-4b28-8d4d-0c1f55fc4e9a,low
EVT_003218,compliance.submitted,CUST_0019,INV_85773,2024-03-26T07:10:10Z,501.65,f59e8bcb-4183-43b7-b678-237cab4e1f65,normal
EVT_003219,invoice.rejected,CUST_0001,INV_94240,2024-05-27T09:37:30Z,246.0,73c9df2b-89df-4cc7-bafe-37cdd3eef63d,critical
EVT_003220,compliance.submitted,CUST_0059,INV_59289,2024-03-09T00:24:52Z,57.32,850e9787-8015-43ea-af99-cd495eaa71d1,critical
EVT_003221,invoice.validated,CUST_0019,INV_65372,2024-01-11T00:29:56Z,287.75,c21a917c-5a44-4d65-a41b-849f03588f2e,high
EVT_003222,compliance.submitted,CUST_0052,INV_59482,2024-04-08T18:34:27Z,272.58,f8dfe40d-a69d-40eb-9992-0a8d70dd7a91,low
EVT_003223,invoice.validated,CUST_0020,INV_58599,2024-02-08T02:14:51Z,348.75,268b3012-1c1d-4505-8d26-d0e026f7cadf,low
EVT_003224,invoice.validated,CUST_0058,INV_26257,2024-06-20T10:07:27Z,95.22,0b71ece5-612b-4d5a-83f4-f7044faedb7c,critical
EVT_003225,compliance.failed,CUST_0055,INV_64195,2024-02-03T14:30:53Z,108.22,53e9c3e1-bffe-4940-aae5-ad1035f9e980,high
EVT_003226,compliance.submitted,CUST_0006,INV_82649,2024-04-08T22:09:49Z,140.82,e8093bcd-33b5-4c4d-9027-50b8cce071e7,critical
EVT_003227,invoice.rejected,CUST_0048,INV_99671,2024-04-29T02:04:19Z,289.0,90c0e10b-c752-4829-8cc8-f9ead5fca9ab,high
EVT_003228,invoice.rejected,CUST_0018,INV_34937,2024-04-24T01:38:13Z,22.86,f7fb9648-9505-4ccf-bd28-df01d68a70ca,normal
EVT_003229,invoice.paid,CUST_0061,INV_65036,2024-03-16T14:14:19Z,28.32,e0984416-9414-4837-b35c-77b3f1f28a07,low
EVT_003230,invoice.paid,CUST_0062,INV_56490,2024-03-22T19:10:09Z,139.52,7b71f76a-f0ca-4bf4-83a2-4ec990592a88,low
EVT_003231,invoice.paid,CUST_0010,INV_37223,2024-03-02T13:44:48Z,32.94,81286170-f8da-4d17-9486-1a70e192bb1f,low
EVT_003232,invoice.rejected,CUST_0006,INV_14390,2024-04-20T20:56:17Z,311.41,9ce813c8-3d30-40e0-8369-72811ec9a257,normal
EVT_003233,invoice.rejected,CUST_0031,INV_44523,2024-05-24T15:19:24Z,128.8,36ea1764-703c-419b-a931-ab6c041668bb,critical
EVT_003234,invoice.rejected,CUST_0047,INV_33631,2024-02-17T18:27:05Z,179.74,a5453e06-8112-4549-b0f1-103985b0711d,critical
EVT_003235,compliance.failed,CUST_0005,INV_97963,2024-05-02T14:03:39Z,179.26,e5bc3a63-3a1e-4e48-a839-315468efb6b4,low
EVT_003236,invoice.created,CUST_0074,INV_19193,2024-05-23T02:01:41Z,295.99,27fa31a6-2b95-4088-ad59-d83849185381,high
EVT_003237,invoice.created,CUST_0054,INV_88644,2024-01-16T02:33:30Z,377.12,0b0e98b9-ed2c-4326-817f-0a5976402857,critical
EVT_003238,invoice.created,CUST_0041,INV_81777,2024-01-16T14:27:25Z,356.74,5d0b677c-5496-4d09-a46d-c999be4ab65a,critical
EVT_003239,invoice.paid,CUST_0036,INV_20027,2024-03-19T00:29:28Z,16.29,5d0c01e7-28f3-45b7-a9cc-b506aa3aa724,critical
EVT_003240,compliance.failed,CUST_0066,INV_10007,2024-04-04T12:56:08Z,119.23,64190e84-0c8f-4f07-905d-a17e6850fcf1,critical
EVT_003241,invoice.validated,CUST_0071,INV_90492,2024-06-20T22:26:26Z,105.93,977fcf53-3092-412b-aca7-fcfd8b382591,high
EVT_003242,invoice.rejected,CUST_0077,INV_12198,2024-04-23T19:44:08Z,26.81,d45da453-ec06-4224-992f-201e6f3e782d,normal
EVT_003243,compliance.failed,CUST_0030,INV_33655,2024-01-01T16:49:07Z,77.89,809c99a4-18b8-4994-a9d6-b94cd51e2c2c,low
EVT_003244,invoice.paid,CUST_0041,INV_99182,2024-02-24T00:41:23Z,12.86,0db6f7f6-f0d0-4632-a51e-6613d7d16820,low
EVT_003245,invoice.rejected,CUST_0033,INV_18812,2024-01-11T15:21:50Z,11.6,c9e3d94b-3af8-427f-b4db-2aeafdf4b06a,high
EVT_003246,invoice.paid,CUST_0063,INV_41933,2024-02-29T17:11:09Z,138.62,bf8636af-4cd8-4e07-ac08-e5729d3c7f0a,high
EVT_003247,invoice.paid,CUST_0022,INV_49220,2024-02-20T17:02:52Z,174.14,7d6692d1-4905-4edd-be3c-6374bf630956,high
EVT_003248,invoice.created,CUST_0037,INV_98106,2024-01-21T00:32:05Z,158.3,83c5e65d-b5a9-4600-93f8-a41afc4d2279,normal
EVT_003249,compliance.submitted,CUST_0046,INV_99385,2024-01-16T22:33:06Z,178.91,a9840081-c7d1-419c-a2c8-e7620b1675e1,critical
EVT_003250,invoice.validated,CUST_0039,INV_21819,2024-01-19T13:07:06Z,223.82,5540bfd1-e7ce-40a0-b3ba-d9b1af6af069,normal
EVT_003251,invoice.rejected,CUST_0002,INV_77386,2024-01-28T10:45:30Z,90.13,98e49be5-2680-4eb9-9408-1010f31c4e87,high
EVT_003252,invoice.created,CUST_0069,INV_55778,2024-06-07T04:50:45Z,364.5,530809f9-372a-44ed-ada0-444b7a0dc08a,high
EVT_003253,invoice.created,CUST_0022,INV_74088,2024-05-14T17:11:09Z,473.57,b6031212-32aa-4b87-8c90-bc916b47739e,low
EVT_003254,invoice.rejected,CUST_0074,INV_98790,2024-04-11T11:05:38Z,253.29,35c351ec-01d1-455d-b783-b21cc8e4fc2b,critical
EVT_003255,compliance.submitted,CUST_0043,INV_24496,2024-03-11T02:24:34Z,19.46,7514db47-8c06-49d0-b64b-a92629a80de8,normal
EVT_003256,invoice.validated,CUST_0013,INV_50769,2024-04-24T02:23:56Z,228.61,5a48eda9-deee-4780-844e-ac2ca91bd845,low
EVT_003257,compliance.submitted,CUST_0008,INV_18523,2024-02-08T01:47:22Z,41.14,d5943bfe-6b87-4998-8d9a-fcd57f26345d,normal
EVT_003258,invoice.validated,CUST_0040,INV_23473,2024-06-26T14:56:27Z,379.16,de2c106d-ab3c-4da3-ac94-3ec90fa9c44d,normal
EVT_003259,compliance.submitted,CUST_0007,INV_23317,2024-06-12T04:37:28Z,9.5,a9e0d334-ab8c-458a-a348-215fa1417157,high
EVT_003260,invoice.rejected,CUST_0012,INV_62635,2024-01-17T22:10:35Z,303.69,0de4057f-7d07-4847-b1a7-bab507e807f5,high
EVT_003261,invoice.created,CUST_0047,INV_18227,2024-02-08T00:23:16Z,55.85,3a01fe7c-ac63-4cd9-b60c-edee39a16df9,high
EVT_003262,invoice.paid,CUST_0002,INV_79838,2024-03-28T08:07:40Z,478.84,6bd10d56-12ea-46c6-aff8-7bfbb302b6bf,critical
EVT_003263,compliance.submitted,CUST_0047,INV_49725,2024-04-29T05:02:03Z,342.46,b80ff97e-35e8-4a29-8894-49507ea01f16,critical
EVT_003264,invoice.rejected,CUST_0031,INV_52668,2024-05-25T12:02:55Z,444.32,8b85ed0b-4c9e-4ad8-ae46-ef82b4f2513d,normal
EVT_003265,invoice.created,CUST_0077,INV_28528,2024-04-24T18:18:59Z,142.08,557ddea6-30ea-4760-8a08-65889f222b91,high
EVT_003266,invoice.paid,CUST_0020,INV_50211,2024-01-11T16:40:28Z,34.54,e6d558a4-321e-40d8-88b5-3b570dcdc683,low
EVT_003267,compliance.failed,CUST_0054,INV_60127,2024-01-21T07:39:53Z,49.13,62515e00-9be4-454b-8715-efcfa7eda6bd,low
EVT_003268,invoice.validated,CUST_0068,INV_30976,2024-05-03T14:03:49Z,70.1,4a9a7e54-cde6-47a8-a91e-841d39eed265,normal
EVT_003269,compliance.submitted,CUST_0054,INV_26507,2024-06-09T01:10:31Z,62.56,cae5bafd-e92d-4600-a59f-64b89c95ed9b,critical
EVT_003270,invoice.paid,CUST_0022,INV_91039,2024-05-06T07:00:24Z,245.56,5fe14dd0-880e-419d-8506-68532d36f4c2,normal
EVT_003271,compliance.submitted,CUST_0035,INV_21318,2024-04-06T10:10:51Z,37.54,f4be65bd-f78f-4af7-bf07-a50faf970aca,high
EVT_003272,invoice.validated,CUST_0064,INV_82255,2024-01-26T03:32:34Z,31.74,d1f32657-5d8b-4999-a54c-aa1698b94584,low
EVT_003273,compliance.failed,CUST_0006,INV_70725,2024-05-05T07:43:41Z,90.1,5aea3a73-8eda-4926-ae03-04687df72b45,normal
EVT_003274,invoice.validated,CUST_0033,INV_82941,2024-06-05T07:51:30Z,23.69,6b20bc87-71d9-4459-84d6-be0eeca38691,high
EVT_003275,compliance.failed,CUST_0043,INV_15858,2024-02-06T04:03:50Z,475.99,97b255d0-2242-4bde-8246-e9d963949f7b,low
EVT_003276,compliance.failed,CUST_0019,INV_77634,2024-06-26T09:20:48Z,213.7,35e205f6-72cb-444a-81f2-343c47d2afba,low
EVT_003277,invoice.validated,CUST_0023,INV_44360,2024-06-02T15:42:05Z,167.48,ba8e0586-b169-4152-ad89-9d2a16035040,high
EVT_003278,invoice.paid,CUST_0058,INV_89559,2024-06-05T05:54:39Z,56.25,0bebeb9e-53d7-4a10-b21a-49065881369f,low
EVT_003279,compliance.submitted,CUST_0065,INV_76199,2024-05-21T11:52:52Z,17.19,e8295b0d-d088-4b26-b0f4-3df55ce62275,low
EVT_003280,invoice.paid,CUST_0013,INV_53152,2024-06-23T21:00:26Z,31.72,e8db369c-a750-4122-82b9-de7818f426a8,critical
EVT_003281,compliance.submitted,CUST_0068,INV_68038,2024-04-08T18:31:23Z,332.78,baa3917b-ec0a-48a4-a5e3-5d6860dd8da7,normal
EVT_003282,invoice.paid,CUST_0010,INV_96376,2024-02-10T00:02:46Z,47.99,ad018b53-3f26-4771-8758-2cd57aad0873,low
EVT_003283,compliance.failed,CUST_0012,INV_35366,2024-01-19T23:15:14Z,287.19,7c76d76d-75df-4091-9ee6-b76aea11dd07,high
EVT_003284,invoice.created,CUST_0058,INV_85683,2024-06-24T06:11:29Z,82.15,3b6af4bf-a956-4d4a-afdd-b9b7b3226ed0,low
EVT_003285,compliance.submitted,CUST_0033,INV_86921,2024-06-15T09:09:14Z,427.71,2504b2b1-33e1-4e62-8e46-7987dff4c937,normal
EVT_003286,invoice.rejected,CUST_0073,INV_19623,2024-02-26T06:47:27Z,281.0,166016d4-b4ed-42b3-a56c-5951136f5b48,low
EVT_003287,invoice.rejected,CUST_0047,INV_67737,2024-02-15T07:31:44Z,7.28,66c99b92-8239-4f70-90c6-f348524f2ad7,critical
EVT_003288,compliance.failed,CUST_0061,INV_17378,2024-02-11T18:13:08Z,268.97,9f75c448-b04d-4609-97a4-a72ef91aabdd,critical
EVT_003289,compliance.submitted,CUST_0064,INV_43534,2024-01-02T12:28:27Z,326.05,c5c5ca99-bb33-4ecb-bbb3-5b6df9022410,critical
EVT_003290,compliance.failed,CUST_0043,INV_96616,2024-03-14T18:55:05Z,314.68,c7f6ccf1-ed3e-4184-a840-ca01694905c6,normal
EVT_003291,invoice.validated,CUST_0021,INV_80322,2024-04-12T01:10:50Z,45.15,d2960f08-cb83-4f89-a8db-aaac08939cc2,normal
EVT_003292,invoice.validated,CUST_0032,INV_15470,2024-03-13T12:42:48Z,306.97,27118237-0353-442e-a579-dd0e33e9babf,high
EVT_003293,invoice.paid,CUST_0055,INV_93773,2024-04-04T04:04:12Z,52.77,f5f583c6-77f2-48c0-a515-a944a1f3aa30,high
EVT_003294,invoice.paid,CUST_0071,INV_45232,2024-02-12T11:43:57Z,136.18,1f1ce592-51d0-41fb-a72c-7a6618c17c19,high
EVT_003295,invoice.validated,CUST_0019,INV_56846,2024-01-16T09:47:42Z,62.17,12b623fa-a8f2-45c4-9887-b94ce06fdd9b,high
EVT_003296,invoice.validated,CUST_0077,INV_75922,2024-05-02T01:03:38Z,123.28,f40bae7f-217d-4fa7-a686-7246b88da7e8,high
EVT_003297,invoice.created,CUST_0012,INV_93376,2024-05-13T04:12:18Z,15.27,f7a1d085-ef77-42ba-96ce-e32f4b02e008,critical
EVT_003298,invoice.created,CUST_0057,INV_95447,2024-03-03T18:21:48Z,142.56,7ea747a6-a6da-48fc-9843-b674ff1ea654,high
EVT_003299,compliance.submitted,CUST_0029,INV_63249,2024-02-22T01:59:58Z,439.46,1244d0c1-855c-478f-85b5-37ddf02a42eb,critical
EVT_003300,invoice.created,CUST_0040,INV_90134,2024-06-21T04:25:02Z,333.15,af70543c-5327-468a-a53f-6dccea51e660,low
EVT_003301,invoice.validated,CUST_0007,INV_56001,2024-04-19T20:28:02Z,37.08,224ef881-78fe-43d5-b124-d7586fdb8a8f,critical
EVT_003302,invoice.created,CUST_0025,INV_21254,2024-06-11T13:16:43Z,348.32,43e66dbe-30a5-48fc-bba2-3a29ef6fcf98,normal
EVT_003303,invoice.rejected,CUST_0023,INV_28950,2024-06-28T00:40:01Z,368.93,ad979ca2-c30e-48ea-9c67-bb566ccf41d0,normal
EVT_003304,compliance.failed,CUST_0040,INV_88669,2024-05-29T23:08:52Z,372.63,94387959-ab80-4fce-a662-78369b4e4f6a,high
EVT_003305,compliance.failed,CUST_0056,INV_16463,2024-05-07T04:05:13Z,47.79,32f7d77b-a878-40e7-a0fd-6992a6cfafd5,high
EVT_003306,invoice.validated,CUST_0002,INV_35760,2024-06-03T02:36:07Z,133.03,014e43a2-12fc-4a96-be09-e24fb993202d,normal
EVT_003307,invoice.validated,CUST_0057,INV_59116,2024-05-25T04:46:20Z,324.88,0542f710-aa5a-417f-a1a5-5972a27e3285,critical
EVT_003308,invoice.rejected,CUST_0014,INV_52768,2024-06-29T07:19:41Z,13.8,cdc821b5-1c37-4d90-aada-1e5fe61bf567,normal
EVT_003309,compliance.submitted,CUST_0051,INV_67333,2024-01-08T22:37:16Z,90.1,863797ee-1aaa-4b3e-a01c-97b4f4e2b4e8,normal
EVT_003310,invoice.created,CUST_0064,INV_92460,2024-01-27T09:57:35Z,80.93,d93c2d75-5103-4a27-9fc5-62391f9701c9,low
EVT_003311,compliance.failed,CUST_0014,INV_30074,2024-04-26T08:56:38Z,173.15,071ead23-ead2-4ca9-8be9-a09a2774a427,normal
EVT_003312,compliance.failed,CUST_0065,INV_15580,2024-03-11T18:22:13Z,62.82,8c38f978-58c5-4483-adf7-cc95522da578,high
EVT_003313,invoice.validated,CUST_0028,INV_12570,2024-04-18T04:11:38Z,472.92,83ce3a1a-d5f2-4e6b-bfdb-909495c026a7,normal
EVT_003314,invoice.validated,CUST_0012,INV_60630,2024-06-26T12:24:53Z,88.97,4205ee12-4366-43f2-9f1e-acc5f8256570,critical
EVT_003315,compliance.submitted,CUST_0062,INV_44995,2024-05-04T12:53:49Z,339.09,e680f05f-c4cc-4351-b2d0-880b1941f676,low
EVT_003316,invoice.rejected,CUST_0062,INV_20772,2024-06-10T04:42:51Z,33.65,62c7a8d2-7b5a-4365-a5e9-b4fd39b9f6d0,low
EVT_003317,invoice.rejected,CUST_0059,INV_58539,2024-04-03T20:13:20Z,135.89,ea3fa5d8-04d6-4cc1-959e-5a4270d36599,low
EVT_003318,invoice.validated,CUST_0040,INV_54440,2024-04-27T06:54:55Z,486.31,b1cf3f2e-fc55-4ddd-825a-52fc0854588d,normal
EVT_003319,compliance.failed,CUST_0067,INV_42051,2024-05-27T10:45:35Z,146.61,6d42ce92-a243-4000-a490-1649043c53c0,high
EVT_003320,invoice.paid,CUST_0057,INV_55941,2024-03-27T09:34:36Z,97.89,f5c20953-a128-4f88-afca-8566ffb331bf,low
EVT_003321,invoice.rejected,CUST_0047,INV_90315,2024-03-04T07:56:22Z,169.07,6e75988e-f7a1-4e4c-89b3-db94167f8233,normal
EVT_003322,invoice.paid,CUST_0056,INV_96146,2024-04-14T06:48:14Z,328.08,8330d7d8-9db9-4ad0-b88c-c5bc1565b719,normal
EVT_003323,invoice.created,CUST_0019,INV_86318,2024-05-20T23:03:03Z,141.87,aff5f34b-edfd-4e1f-b950-dc6ca25ce6fe,critical
EVT_003324,invoice.created,CUST_0031,INV_55321,2024-02-27T22:54:57Z,11.31,0d8cde6f-b270-4582-bc68-c416140ee213,low
EVT_003325,invoice.rejected,CUST_0015,INV_94338,2024-01-24T21:32:40Z,118.23,12bba828-5c97-4d22-914a-294f3aea00e2,high
EVT_003326,invoice.created,CUST_0031,INV_96410,2024-05-08T18:47:36Z,130.48,29e7b3e3-8ba8-4597-a337-76259756a307,high
EVT_003327,invoice.rejected,CUST_0060,INV_62597,2024-04-07T04:24:46Z,284.35,fe0d9662-a229-4369-98a2-400d5a92a91c,critical
EVT_003328,invoice.paid,CUST_0040,INV_79988,2024-01-19T11:48:25Z,345.89,f066108f-7cc8-45b5-9e4f-7980217b9353,high
EVT_003329,invoice.validated,CUST_0020,INV_80307,2024-02-16T04:10:08Z,372.44,bc0d0eee-8f68-42c4-a640-2945e82d7662,high
EVT_003330,compliance.submitted,CUST_0063,INV_49506,2024-05-25T00:30:51Z,356.49,3ea86fc4-14c0-4a2a-be6c-f82d3ccf4cb1,critical
EVT_003331,invoice.validated,CUST_0052,INV_79586,2024-01-09T14:30:20Z,38.9,37cbc944-05bd-42c1-b5d0-ab437a003d92,critical
EVT_003332,invoice.validated,CUST_0022,INV_95878,2024-02-16T06:43:37Z,145.71,ee7420bb-2c50-4ec8-a802-7601832cec02,low
EVT_003333,invoice.rejected,CUST_0060,INV_62487,2024-01-20T18:14:42Z,338.71,4b07dae4-8b79-4b9a-9f2b-08ac8d9aa748,low
EVT_003334,invoice.paid,CUST_0033,INV_97744,2024-05-21T15:52:17Z,451.67,798b6121-89e8-475b-8449-5dde0e6cbb66,normal
EVT_003335,compliance.submitted,CUST_0038,INV_55783,2024-01-25T04:08:41Z,510.34,fff6f196-4fa8-4cc8-8f4e-b6f2b284034d,normal
EVT_003336,invoice.rejected,CUST_0064,INV_62746,2024-02-25T00:44:42Z,119.22,9ea785b6-dfb7-42b5-8a42-b2a15e395c49,low
EVT_003337,invoice.paid,CUST_0003,INV_55604,2024-01-16T02:43:42Z,31.17,d43aa69d-89cd-42f3-b60d-fb0f6ab04721,critical
EVT_003338,invoice.paid,CUST_0005,INV_85075,2024-03-15T09:55:24Z,210.43,ad83b96d-b41f-4523-adc2-e9f4a36ce0c8,critical
EVT_003339,compliance.submitted,CUST_0077,INV_50973,2024-02-04T13:59:48Z,16.38,fbb031d1-7616-4f7c-a5f3-6dea25341a3c,low
EVT_003340,invoice.validated,CUST_0047,INV_97108,2024-04-22T07:04:38Z,168.72,d25f30cc-1e51-4575-8b62-a7758556b4d1,critical
EVT_003341,invoice.validated,CUST_0032,INV_66156,2024-03-09T12:49:20Z,86.02,d707cb45-7aba-426d-bbe3-5f7b1a2b8ee9,critical
EVT_003342,invoice.created,CUST_0006,INV_69566,2024-04-04T23:08:13Z,7.28,7bae7707-4bdb-4418-ad30-acba1631bf30,normal
EVT_003343,invoice.rejected,CUST_0030,INV_23955,2024-06-04T12:12:37Z,37.91,ab81a5ee-9e6b-4ecc-a1ce-fe6c2711c6b4,low
EVT_003344,invoice.rejected,CUST_0078,INV_31622,2024-03-31T21:28:59Z,96.46,6c1605a1-51b1-4f60-b6b3-0a5f228ba010,critical
EVT_003345,invoice.paid,CUST_0029,INV_84419,2024-03-01T21:42:24Z,475.94,bd3d7b0f-878c-4d14-a235-63ff26c46cb0,high
EVT_003346,invoice.validated,CUST_0067,INV_97498,2024-01-05T08:08:35Z,342.36,0ddaa7f4-b62f-491c-8bb3-cf51e1de7338,normal
EVT_003347,compliance.failed,CUST_0047,INV_67272,2024-05-30T07:56:15Z,42.33,523117a4-d61b-4ce3-be85-4da2e763eab7,normal
EVT_003348,compliance.failed,CUST_0044,INV_64405,2024-02-05T05:44:00Z,159.42,9435727a-66db-43f7-bf33-e9dfd008a769,low
EVT_003349,compliance.submitted,CUST_0019,INV_78562,2024-06-21T02:43:05Z,20.13,eabd9963-66dd-4e75-a255-6227b0e60654,normal
EVT_003350,invoice.validated,CUST_0026,INV_19903,2024-06-03T17:11:19Z,13.93,5c43a0a2-d6df-4e31-a53d-a93fc9e101b9,critical
EVT_003351,invoice.created,CUST_0011,INV_86753,2024-06-28T06:45:48Z,24.97,acac4c03-906a-47ea-99cb-01724cda3b85,high
EVT_003352,invoice.rejected,CUST_0080,INV_61683,2024-06-16T23:52:35Z,163.82,cf39e5b3-3c1a-46db-a4c0-8f979954320a,high
EVT_003353,invoice.rejected,CUST_0049,INV_38150,2024-06-26T14:52:26Z,152.97,ea2eadac-7712-482a-afd6-1231559a4a40,low
EVT_003354,invoice.created,CUST_0015,INV_79772,2024-04-11T02:58:22Z,33.62,600a1329-18d3-4fbe-82ea-30c6798607a0,normal
EVT_003355,invoice.paid,CUST_0049,INV_34586,2024-06-27T21:52:42Z,26.05,3406d305-13ce-4deb-8f67-d44342489ed1,normal
EVT_003356,compliance.failed,CUST_0071,INV_94340,2024-06-09T07:14:46Z,267.51,0fa80bec-9467-4370-a7ab-6f3113469023,critical
EVT_003357,invoice.created,CUST_0066,INV_80393,2024-02-28T10:20:02Z,39.15,e479c0a8-3e25-4653-a04c-bcf7c38ae035,high
EVT_003358,invoice.validated,CUST_0049,INV_31733,2024-05-10T05:58:17Z,2.37,14004691-0312-4088-90ff-781268302409,normal
EVT_003359,invoice.rejected,CUST_0032,INV_17820,2024-03-03T20:17:11Z,338.19,7baf6385-893f-4831-86c6-e430b7be6b5a,normal
EVT_003360,invoice.validated,CUST_0050,INV_10212,2024-01-03T05:12:40Z,181.77,47fa27a5-d892-4b7e-985b-6c51bb3f8c0f,critical
EVT_003361,compliance.failed,CUST_0062,INV_85105,2024-01-09T23:21:13Z,113.27,7b67e3d0-22d6-4ca8-a496-520979a4f814,low
EVT_003362,invoice.paid,CUST_0070,INV_59442,2024-02-16T01:36:38Z,140.56,2efa4069-44a8-4b31-8861-2ab4da40f254,critical
EVT_003363,invoice.paid,CUST_0009,INV_34319,2024-05-03T14:20:42Z,213.04,f97594c0-5a39-4564-a8c7-9d94a3bcfee7,critical
EVT_003364,compliance.failed,CUST_0072,INV_49295,2024-01-10T13:52:28Z,6.05,caa2d5df-27fa-4e27-b45a-fb43a6d99fe7,normal
EVT_003365,invoice.rejected,CUST_0021,INV_95765,2024-03-16T04:07:20Z,110.09,5945bf0e-3d92-42ee-acec-f0f7bd021cbf,high
EVT_003366,compliance.submitted,CUST_0014,INV_20920,2024-04-24T08:06:39Z,20.66,aa62c8af-1435-42da-b3e6-ea011eeb0afd,low
EVT_003367,invoice.rejected,CUST_0050,INV_84596,2024-06-01T08:37:43Z,134.68,1d685422-651c-46ea-bd70-c1f920c8516f,low
EVT_003368,invoice.validated,CUST_0030,INV_54078,2024-02-27T22:29:41Z,420.01,c95e9f60-ed36-4595-9931-5cb967d54885,critical
EVT_003369,compliance.submitted,CUST_0007,INV_19063,2024-01-24T23:00:20Z,37.13,dfdfa7dc-5c32-4b4f-b624-99e56c476f68,critical
EVT_003370,compliance.submitted,CUST_0070,INV_61283,2024-01-28T14:42:25Z,23.76,7b43b73b-42fb-444f-93d7-c39cdd545320,high
EVT_003371,compliance.submitted,CUST_0032,INV_42632,2024-01-14T00:10:16Z,109.7,88d1c55d-eec4-4490-8c88-a118f35d2654,normal
EVT_003372,invoice.created,CUST_0052,INV_28428,2024-06-03T13:07:03Z,9.54,bc8bbff0-c10f-457b-9e13-04e7f1844ace,critical
EVT_003373,invoice.rejected,CUST_0047,INV_77423,2024-06-02T22:05:50Z,1.51,7918464e-bcf5-4025-baaf-6fe7e7bf9738,normal
EVT_003374,invoice.validated,CUST_0048,INV_75992,2024-04-15T20:59:08Z,461.83,966b2300-d6f7-4920-a9a7-80cd3b5e5d1e,low
EVT_003375,invoice.rejected,CUST_0001,INV_68803,2024-03-20T06:35:59Z,170.52,6e4a2870-6451-459a-a3b8-6801934abb45,high
EVT_003376,invoice.rejected,CUST_0044,INV_59464,2024-06-27T07:28:39Z,29.12,639a2a57-520a-4caf-a5f7-e5616618c274,low
EVT_003377,invoice.created,CUST_0021,INV_49879,2024-05-22T14:34:25Z,227.59,8db3a966-738b-4249-a759-4c915c823516,normal
EVT_003378,compliance.submitted,CUST_0025,INV_53308,2024-01-17T20:25:36Z,192.73,074a0721-0b6d-49e1-8ee2-16c8e19bf3af,low
EVT_003379,compliance.submitted,CUST_0029,INV_69479,2024-03-06T19:16:15Z,189.34,2e63c5c6-984c-4935-9d7a-c34f1c1da825,low
EVT_003380,invoice.rejected,CUST_0025,INV_63845,2024-01-07T08:11:55Z,186.13,1fa23517-703b-4a98-bb51-0df43a223969,low
EVT_003381,compliance.failed,CUST_0017,INV_60067,2024-02-19T06:05:27Z,322.35,39baf38a-0fbf-48ee-8e55-de70ab76db8e,normal
EVT_003382,invoice.rejected,CUST_0072,INV_37372,2024-04-24T16:22:47Z,280.77,a2c6c09f-6037-48c6-a5c3-054cadc259f9,critical
EVT_003383,invoice.paid,CUST_0052,INV_97455,2024-03-29T20:07:41Z,22.34,c05875c1-d320-494a-9f28-5d159d37328d,high
EVT_003384,compliance.failed,CUST_0042,INV_86955,2024-05-07T09:26:17Z,40.15,fb2662b1-ff67-4141-b0d4-56b3141d834f,low
EVT_003385,invoice.validated,CUST_0061,INV_15846,2024-05-27T15:16:28Z,76.56,6ecf357d-37b0-4767-aac1-353d98820a57,critical
EVT_003386,invoice.paid,CUST_0043,INV_44606,2024-06-26T04:08:00Z,101.04,5f722a80-d7dc-4a5d-ab79-26f9c4369ef5,high
EVT_003387,invoice.created,CUST_0069,INV_86893,2024-06-15T18:13:45Z,15.87,95360b1d-d0d9-4f60-8f3a-52aa0b24ef31,low
EVT_003388,invoice.rejected,CUST_0070,INV_60727,2024-01-19T00:09:05Z,101.14,912cb148-e492-4da5-afc5-9ceb15a66c84,low
EVT_003389,compliance.submitted,CUST_0059,INV_57170,2024-04-25T09:52:43Z,157.72,22528b56-e17c-4acd-be2a-2651c79e34bd,critical
EVT_003390,invoice.created,CUST_0016,INV_16714,2024-01-21T10:12:11Z,198.98,49ca2b20-cdc7-4959-ab44-4a7afa5bb308,critical
EVT_003391,compliance.failed,CUST_0047,INV_56018,2024-02-26T07:10:18Z,119.2,da35e9a5-d0a1-44da-9fbd-a31d36e624c6,normal
EVT_003392,compliance.failed,CUST_0022,INV_85578,2024-03-16T05:25:12Z,283.73,5a0d4152-60f3-466b-85b5-1e183fe0fa04,low
EVT_003393,invoice.created,CUST_0027,INV_89803,2024-04-22T14:51:22Z,193.5,cced939f-a8f2-41f3-97e3-7ba77e290f45,critical
EVT_003394,invoice.paid,CUST_0002,INV_59670,2024-06-12T15:58:12Z,256.78,3fc90f74-e8c8-451a-b7bf-50726fcb0dde,critical
EVT_003395,compliance.submitted,CUST_0009,INV_27329,2024-02-12T10:12:31Z,348.62,b3f1ba4b-071a-459e-a574-8f5dbb32a1d0,critical
EVT_003396,invoice.paid,CUST_0057,INV_67544,2024-06-21T21:25:40Z,30.21,fd19f660-f483-4e35-82db-3d05866195ab,critical
EVT_003397,invoice.validated,CUST_0019,INV_75143,2024-03-14T01:26:42Z,77.56,daf04577-26c6-40bb-b524-730bcfa452ce,low
EVT_003398,invoice.paid,CUST_0011,INV_41242,2024-01-11T17:07:48Z,68.48,dbdcf7aa-23c2-4c7e-9f3f-f489f5a05209,normal
EVT_003399,invoice.created,CUST_0024,INV_63328,2024-05-08T07:01:59Z,185.15,0e6b7813-a4f1-466c-a0a0-ff41fbe1656e,normal
EVT_003400,invoice.validated,CUST_0021,INV_99707,2024-02-15T00:23:53Z,47.14,ffcfa8eb-f32a-4dbd-a298-847002368b2b,normal
EVT_003401,invoice.paid,CUST_0033,INV_12956,2024-02-24T08:32:08Z,172.16,798a7ae3-95c6-4024-a41f-918576b19676,high
EVT_003402,invoice.created,CUST_0030,INV_62275,2024-05-12T01:16:01Z,148.15,41de25f7-edc9-47f8-919b-9adde0e20fe2,critical
EVT_003403,invoice.validated,CUST_0042,INV_88484,2024-05-31T04:12:12Z,70.48,cf8db228-82fb-4d89-b965-78f10eb02f65,low
EVT_003404,invoice.paid,CUST_0005,INV_44721,2024-06-01T12:33:17Z,182.87,4f263f5a-a744-4d75-87cc-289f96ec5074,critical
EVT_003405,invoice.created,CUST_0044,INV_25263,2024-02-17T15:41:18Z,438.58,8734f4e0-76c8-4cc1-8657-3405c2897d9b,low
EVT_003406,invoice.rejected,CUST_0033,INV_55883,2024-02-02T08:57:53Z,48.19,8493c2bc-ae6e-46e2-ac58-3a50e73a3f44,high
EVT_003407,invoice.paid,CUST_0032,INV_49673,2024-03-27T05:29:57Z,104.77,f0bd477c-b735-4398-8bf9-ab7d077c5498,critical
EVT_003408,compliance.failed,CUST_0071,INV_68540,2024-04-12T22:08:14Z,27.67,67244027-7b86-4c95-a6f0-0fead944840f,normal
EVT_003409,invoice.validated,CUST_0022,INV_19851,2024-01-24T18:09:39Z,480.59,c551e5bf-6f49-415d-82df-77feb8d9ded6,high
EVT_003410,invoice.paid,CUST_0072,INV_37374,2024-03-18T22:07:04Z,406.49,ee01ca93-8720-4399-97c6-89c81e2031a9,critical
EVT_003411,invoice.paid,CUST_0073,INV_30903,2024-04-11T20:16:12Z,263.33,a2857068-c3de-4f91-a672-6ce45922f2f5,low
EVT_003412,invoice.validated,CUST_0033,INV_50594,2024-06-04T14:58:31Z,28.8,a2ac0662-7d05-4d04-852c-a2a86dd23591,critical
EVT_003413,invoice.rejected,CUST_0074,INV_49376,2024-03-17T04:15:32Z,6.63,e5f12f57-f063-4935-b8e1-f087a0a54ff0,low
EVT_003414,invoice.created,CUST_0061,INV_52491,2024-01-01T20:55:14Z,56.2,4b07cc05-3dce-4542-ba6f-9d259627b813,high
EVT_003415,invoice.created,CUST_0011,INV_29285,2024-01-30T03:20:39Z,34.37,03e3a4b3-4c10-4583-a148-730b7e1e52a9,low
EVT_003416,invoice.rejected,CUST_0063,INV_58047,2024-03-11T01:41:37Z,60.02,438a8eb0-c83d-4e63-82b2-5eb253bc4f6f,normal
EVT_003417,invoice.rejected,CUST_0009,INV_63187,2024-01-11T18:53:55Z,299.7,e46e8458-c566-4fc6-bc2c-0baf006d64ce,low
EVT_003418,invoice.validated,CUST_0013,INV_63182,2024-03-10T00:48:16Z,34.37,f7acd2a3-5aab-47b8-867d-c4b62f664dbf,low
EVT_003419,compliance.failed,CUST_0030,INV_62198,2024-06-17T11:52:25Z,130.18,af964500-fd89-44d9-b481-d8d515318f2e,normal
EVT_003420,compliance.submitted,CUST_0026,INV_58819,2024-01-03T14:26:01Z,481.45,16444269-13ec-409b-b294-317819783740,normal
EVT_003421,compliance.failed,CUST_0051,INV_94444,2024-04-13T20:51:18Z,57.35,474f7a46-c60b-4e11-adc6-f6566fbeda10,high
EVT_003422,invoice.validated,CUST_0058,INV_40031,2024-04-25T10:11:31Z,283.58,72998843-1ddd-4c43-a01c-cfdeb967a57b,high
EVT_003423,invoice.created,CUST_0065,INV_91390,2024-05-16T15:27:19Z,313.87,54b6ea07-0a3c-4d60-a200-947fb68f102f,low
EVT_003424,invoice.paid,CUST_0073,INV_89862,2024-03-24T22:35:46Z,49.08,3cfb29a0-778d-46ee-bb31-7fb907431bc7,normal
EVT_003425,compliance.submitted,CUST_0045,INV_27130,2024-01-15T07:03:57Z,248.28,5d5cb71b-c6dd-4627-a430-3f743e13e8c7,high
EVT_003426,invoice.validated,CUST_0017,INV_29581,2024-02-16T06:26:30Z,117.49,99722e14-dbb0-4ef7-b79b-f69146d66a7d,normal
EVT_003427,invoice.rejected,CUST_0062,INV_76259,2024-04-23T16:35:01Z,307.23,b2f0505a-2d1d-456a-b96d-7be6ce16d67d,high
EVT_003428,invoice.created,CUST_0042,INV_20135,2024-06-06T09:27:21Z,81.65,62960d93-99fc-4d16-8a68-0c49f5071871,low
EVT_003429,invoice.validated,CUST_0037,INV_12542,2024-04-26T19:23:19Z,120.0,f2345cac-ff3e-438d-8c14-ba430b06c6e9,high
EVT_003430,invoice.rejected,CUST_0015,INV_34054,2024-06-02T17:39:56Z,457.94,bf6c0e6a-033d-4bc7-9b53-a9ead70b7a8d,critical
EVT_003431,invoice.validated,CUST_0021,INV_55328,2024-03-15T20:27:41Z,370.17,192e311c-4a0e-4b93-ae50-6a9e6f8fe6c3,low
EVT_003432,compliance.failed,CUST_0023,INV_85380,2024-02-28T07:52:06Z,485.46,13ddb4e6-cb15-44ba-8d0c-8296cbb614f4,critical
EVT_003433,compliance.failed,CUST_0031,INV_66917,2024-05-27T12:34:29Z,119.16,13370e8f-4a2d-4050-b5de-8d1f66679db3,high
EVT_003434,invoice.rejected,CUST_0025,INV_35893,2024-05-03T08:58:31Z,101.39,c14cfcd9-15a7-497d-9318-cb88546807f9,critical
EVT_003435,invoice.paid,CUST_0022,INV_57435,2024-04-27T04:59:09Z,326.7,ba3088ca-4e67-4d00-bdce-f22b1d6e6c14,high
EVT_003436,compliance.submitted,CUST_0029,INV_98650,2024-06-22T15:51:59Z,391.38,2b2af65f-5f86-4313-962b-4ef4fdaf94a6,low
EVT_003437,compliance.submitted,CUST_0029,INV_94839,2024-02-22T11:16:22Z,291.42,dd99f56e-1477-4d68-bd8d-e666873f06cd,critical
EVT_003438,invoice.created,CUST_0007,INV_16532,2024-05-01T15:37:41Z,220.53,03f22f94-632e-4a84-8a2c-783fab09dcd7,high
EVT_003439,invoice.paid,CUST_0062,INV_64421,2024-02-14T06:48:39Z,326.52,35d8f07e-3f30-4a66-a1a7-81e5591a038b,normal
EVT_003440,invoice.rejected,CUST_0017,INV_87843,2024-03-12T01:31:53Z,328.73,8f187bef-fc30-4311-a6ca-2a650940f2e3,normal
EVT_003441,invoice.created,CUST_0007,INV_45183,2024-04-25T14:55:04Z,46.22,853b4dff-a0d1-44a0-8e22-0b09c3e94352,high
EVT_003442,invoice.validated,CUST_0019,INV_24251,2024-03-31T15:15:49Z,47.27,4d069332-6161-4d8f-8208-bb381789b953,critical
EVT_003443,invoice.created,CUST_0040,INV_43898,2024-06-25T23:37:50Z,25.08,7b82a2b4-469d-44d7-9535-a68a1a3a2bde,low
EVT_003444,invoice.rejected,CUST_0009,INV_26498,2024-04-11T07:18:49Z,169.58,051f8050-b256-4a41-a17b-b64ad3df17bd,high
EVT_003445,invoice.rejected,CUST_0058,INV_31441,2024-06-04T13:31:26Z,275.62,1bbcc6aa-8fe3-4a04-8cb8-c3bf71799dfd,high
EVT_003446,compliance.failed,CUST_0079,INV_64452,2024-03-22T00:33:19Z,45.67,ecfc1c5e-1817-4bbf-a742-eb5ad85b2dba,high
EVT_003447,compliance.submitted,CUST_0032,INV_12605,2024-06-16T14:04:45Z,39.69,5f8ef7c0-1ab8-481b-9d13-2c2fc421450a,high
EVT_003448,invoice.validated,CUST_0060,INV_62780,2024-05-21T11:29:40Z,263.27,17734869-8791-4874-9e20-7238b299dd29,low
EVT_003449,compliance.failed,CUST_0074,INV_93382,2024-01-08T08:47:33Z,3.72,d4ad040d-4828-4e12-9500-8a85efdd6b58,high
EVT_003450,invoice.paid,CUST_0039,INV_75960,2024-01-29T06:46:24Z,176.31,56ddbb91-0ef5-4324-9104-5c5f89eff8c4,high
EVT_003451,invoice.rejected,CUST_0007,INV_33073,2024-05-18T17:20:19Z,393.2,69cbec52-4ace-41d9-a9c1-58fd7cac9b6f,normal
EVT_003452,invoice.paid,CUST_0008,INV_68048,2024-05-22T15:59:04Z,283.5,234de15f-e767-42e7-a9e2-58a2c240a4de,normal
EVT_003453,invoice.rejected,CUST_0080,INV_40303,2024-02-08T03:32:12Z,110.04,60e4496b-ec9b-421b-874b-25e57ed5195b,normal
EVT_003454,invoice.validated,CUST_0076,INV_55450,2024-06-16T23:46:52Z,120.32,01b3508f-c469-4475-95c0-cd57804f8c51,critical
EVT_003455,compliance.submitted,CUST_0026,INV_22924,2024-02-18T04:19:22Z,44.7,1e5de992-bc63-4b78-95dc-71531d690bb5,high
EVT_003456,compliance.failed,CUST_0044,INV_99025,2024-02-18T06:20:12Z,77.12,f9c7297e-01e0-4772-9ec2-cab926f9be75,low
EVT_003457,invoice.rejected,CUST_0023,INV_72344,2024-01-30T14:49:39Z,53.25,b8276387-19a8-444a-b6bf-0918fb724447,normal
EVT_003458,invoice.created,CUST_0059,INV_41683,2024-01-31T12:59:23Z,56.72,62f9ae4a-5711-4151-b9ca-bd802c40a1b9,low
EVT_003459,invoice.validated,CUST_0017,INV_52815,2024-02-18T06:16:17Z,54.25,81265afd-e858-4b8f-b5d9-894c26d5bfff,high
EVT_003460,invoice.paid,CUST_0042,INV_17096,2024-04-13T18:07:05Z,283.23,6297f943-6fea-42a5-b7d3-5fc4afa2ccc9,low
EVT_003461,invoice.validated,CUST_0035,INV_94886,2024-01-30T11:50:15Z,151.27,7ef50fdf-6101-46e7-b356-276e0e1d8123,high
EVT_003462,compliance.submitted,CUST_0010,INV_91349,2024-01-16T06:45:03Z,8.66,78419953-29cf-4a21-adee-0638de83a231,high
EVT_003463,invoice.created,CUST_0030,INV_73742,2024-04-09T03:59:45Z,38.76,7f8bcd0a-62b1-4725-a761-a9080c7bea6d,high
EVT_003464,compliance.failed,CUST_0003,INV_39257,2024-03-08T19:50:23Z,36.73,5d5bf5db-f58d-4aec-af34-8e013b30cd4b,critical
EVT_003465,compliance.failed,CUST_0015,INV_75170,2024-03-05T16:44:19Z,43.06,7a137887-7e6d-4f6f-a24c-ee7cb2cf8ad1,critical
EVT_003466,invoice.validated,CUST_0056,INV_32764,2024-06-03T20:48:51Z,144.77,1e217962-0764-4027-b3d7-c20f417a6c67,critical
EVT_003467,invoice.paid,CUST_0032,INV_25771,2024-01-04T09:19:12Z,465.85,56c4dc7a-91fa-4ae0-8d08-139eeb3e632d,high
EVT_003468,invoice.rejected,CUST_0056,INV_27225,2024-02-16T02:34:51Z,1.45,ba742543-c343-4405-bf69-3cd145e6e466,high
EVT_003469,invoice.validated,CUST_0006,INV_17174,2024-02-26T03:35:29Z,134.36,a7101872-f2a2-41ba-8191-fb57c3310cc3,critical
EVT_003470,invoice.paid,CUST_0077,INV_20137,2024-03-27T11:40:47Z,152.88,2205b48a-6f68-4bf9-a017-98e5cc652671,low
EVT_003471,compliance.failed,CUST_0065,INV_87707,2024-01-09T03:53:14Z,56.62,4593357d-9651-44ab-923f-f3b189d97ad9,low
EVT_003472,invoice.validated,CUST_0007,INV_88629,2024-05-22T06:32:03Z,363.63,f4b7d17c-2d9a-4efe-9775-db1d9c4d52b6,low
EVT_003473,invoice.validated,CUST_0069,INV_15015,2024-04-25T07:45:35Z,14.77,f5471a35-6f34-4448-bea9-6a82fb061d59,critical
EVT_003474,compliance.submitted,CUST_0032,INV_24926,2024-04-17T17:50:49Z,420.81,ae9fe755-8054-4f0c-b87b-7318a052d9f6,high
EVT_003475,compliance.failed,CUST_0012,INV_56297,2024-04-12T10:03:32Z,189.64,c436b2b7-d4a7-4dde-b0ad-722e5f49b63c,low
EVT_003476,invoice.rejected,CUST_0076,INV_62462,2024-03-15T03:21:39Z,130.45,2d287f62-17ba-4cb0-bc0f-a648a04943ee,normal
EVT_003477,invoice.created,CUST_0068,INV_72805,2024-01-07T15:43:56Z,47.51,c2d4734e-b914-4105-b6c3-452ac80fa33b,low
EVT_003478,invoice.validated,CUST_0038,INV_92873,2024-03-27T21:10:06Z,10.46,e479bc18-81fc-4438-ae77-04be227228fe,critical
EVT_003479,compliance.failed,CUST_0067,INV_13772,2024-02-13T08:32:31Z,439.82,158a3eba-ad44-4679-8660-4d6cada56b8b,critical
EVT_003480,compliance.submitted,CUST_0067,INV_86544,2024-05-27T14:57:07Z,135.45,f086df4f-10f2-480a-8e50-f12c70f301fa,high
EVT_003481,compliance.submitted,CUST_0037,INV_36793,2024-04-27T23:27:27Z,183.75,66313554-e9aa-42b5-91aa-f7b1c6af56ab,high
EVT_003482,invoice.paid,CUST_0073,INV_59665,2024-01-07T20:35:47Z,26.82,1adea416-dd18-44ef-8663-161cc271efbd,high
EVT_003483,invoice.created,CUST_0063,INV_21010,2024-06-22T10:41:08Z,214.18,19e3404b-4e53-45fd-9393-55c3eea245fc,high
EVT_003484,invoice.rejected,CUST_0052,INV_42629,2024-02-10T05:45:12Z,215.23,474e2a96-60c3-416a-a38d-2c6727a8e5c3,critical
EVT_003485,invoice.validated,CUST_0027,INV_12130,2024-04-24T06:56:27Z,70.21,99c60021-2bee-40df-9afa-36e45182501e,critical
EVT_003486,invoice.validated,CUST_0043,INV_41486,2024-05-27T06:30:05Z,38.76,d97284af-e9c4-43ee-a1da-ad86a936c0cc,low
EVT_003487,invoice.paid,CUST_0026,INV_74897,2024-01-20T07:20:18Z,34.69,b802342f-be96-45e9-83ca-86d47ed661c1,critical
EVT_003488,invoice.rejected,CUST_0014,INV_81762,2024-03-13T01:48:30Z,24.54,3e83f530-e782-4822-9a01-bae8db092d95,high
EVT_003489,invoice.rejected,CUST_0008,INV_48020,2024-01-27T21:26:12Z,53.57,5e2c30de-9cad-485d-8fb5-cd80fe76194e,high
EVT_003490,compliance.submitted,CUST_0076,INV_14781,2024-01-07T02:06:17Z,33.62,e594d155-8636-4cd3-86a3-27268c2646bd,critical
EVT_003491,invoice.paid,CUST_0052,INV_41051,2024-05-02T13:07:37Z,26.5,cab833ef-1474-4522-bbee-1a54457e5c08,critical
EVT_003492,invoice.validated,CUST_0028,INV_46975,2024-01-03T13:28:04Z,13.19,e7160c77-e3fb-4c87-bb12-792e764d287e,low
EVT_003493,invoice.rejected,CUST_0075,INV_39281,2024-01-16T10:20:49Z,16.33,4235268d-4b92-4075-9653-7af0add70ffe,low
EVT_003494,compliance.failed,CUST_0063,INV_46435,2024-05-14T07:17:05Z,376.71,74009ffc-c246-4511-8b83-6dd6eae527a2,critical
EVT_003495,invoice.paid,CUST_0041,INV_60788,2024-02-22T17:08:28Z,142.88,6655b0f2-eb12-4a50-b200-92ba56c72344,low
EVT_003496,invoice.paid,CUST_0067,INV_30547,2024-04-27T14:27:56Z,442.73,80b54a17-aa43-4251-a14b-3b2c65488286,critical
EVT_003497,invoice.validated,CUST_0008,INV_26697,2024-01-01T19:28:08Z,69.45,ea803d66-52a6-469f-9fd8-2ed790a73e3a,low
EVT_003498,compliance.failed,CUST_0048,INV_71354,2024-03-15T05:22:30Z,23.13,406c68bd-837a-4160-9637-28bc0ed69397,high
EVT_003499,invoice.rejected,CUST_0011,INV_77981,2024-05-08T00:32:17Z,281.87,13adf80f-9e40-4631-b699-90ff064aa74a,normal
EVT_003500,invoice.created,CUST_0065,INV_54146,2024-06-20T09:02:08Z,213.55,30cd747c-a42f-4281-99fc-80e6e5640f78,low
EVT_003501,compliance.submitted,CUST_0024,INV_26657,2024-02-12T05:40:10Z,133.0,06d0f5fb-72ed-46e9-a95f-10efd265c947,low
EVT_003502,invoice.paid,CUST_0075,INV_35388,2024-04-18T03:13:12Z,347.77,f53a16e8-d132-4403-aaf8-80a3a684430f,high
EVT_003503,invoice.rejected,CUST_0071,INV_49681,2024-06-06T08:20:05Z,52.22,d0dec596-3ec3-4ed2-ba42-96d519a81be1,normal
EVT_003504,compliance.submitted,CUST_0033,INV_61496,2024-04-14T05:09:42Z,10.38,2ffe2822-e1f4-480b-a4cd-4a8eef5e123a,critical
EVT_003505,invoice.rejected,CUST_0010,INV_15446,2024-02-28T07:02:57Z,12.09,3e49c935-7b4c-4742-a56d-ea836882b435,low
EVT_003506,compliance.failed,CUST_0020,INV_59892,2024-03-14T20:08:07Z,31.93,3074feaf-3b96-44cc-970d-af29add40871,normal
EVT_003507,invoice.created,CUST_0074,INV_60231,2024-03-20T08:58:45Z,5.18,a2dd34cc-c542-4a9f-a25d-625a0d915626,low
EVT_003508,compliance.submitted,CUST_0014,INV_90692,2024-06-07T04:13:50Z,495.78,b8921d0c-8905-48fe-9705-c5192cad074d,normal
EVT_003509,invoice.paid,CUST_0039,INV_63635,2024-05-21T00:42:54Z,28.45,1b5bb841-0843-4d30-9c5c-85f17e23bd0a,low
EVT_003510,invoice.created,CUST_0029,INV_46818,2024-02-20T20:13:59Z,5.57,507c76ba-0119-428a-9f25-71f3e01a1334,low
EVT_003511,invoice.rejected,CUST_0040,INV_21262,2024-01-02T21:14:24Z,35.17,3e4fff15-8bd0-4606-9b35-aef9fa1d63d5,critical
EVT_003512,invoice.created,CUST_0076,INV_50595,2024-05-09T19:30:45Z,16.28,18097a71-e651-49dc-884e-0cd6c5673d0e,high
EVT_003513,invoice.paid,CUST_0007,INV_69406,2024-06-05T15:21:52Z,357.04,ad1a3e96-2fc9-4345-883d-f9d480b744c7,normal
EVT_003514,invoice.validated,CUST_0009,INV_23705,2024-01-05T05:30:23Z,171.09,ff01dfbc-f9f3-4cb5-8717-c998114e81cf,high
EVT_003515,invoice.validated,CUST_0041,INV_29984,2024-04-02T00:04:26Z,149.21,e5467124-db55-40a3-b5f1-4b5b43b215a0,low
EVT_003516,invoice.rejected,CUST_0059,INV_13581,2024-05-20T21:44:44Z,178.68,39b4f56d-c841-46e1-acdd-bf4c27fd4dbf,high
EVT_003517,compliance.submitted,CUST_0080,INV_90404,2024-05-01T19:50:17Z,46.13,70a0004a-c70a-4f0a-89a3-0d6b6efa3207,normal
EVT_003518,compliance.failed,CUST_0078,INV_39983,2024-01-21T16:31:28Z,20.27,0d795a7d-391d-4964-8b9e-32850d3480b5,normal
EVT_003519,invoice.created,CUST_0052,INV_10564,2024-02-28T08:14:33Z,52.54,03840563-ade1-4204-b0f6-82985fc8bba0,high
EVT_003520,compliance.failed,CUST_0030,INV_94659,2024-01-13T16:38:06Z,102.15,b0d97b76-4927-4adf-9529-3d0a1a0900af,normal
EVT_003521,invoice.created,CUST_0012,INV_20644,2024-05-13T02:24:20Z,130.07,46c55529-0834-4197-a544-f17b9b99816a,high
EVT_003522,invoice.created,CUST_0053,INV_31724,2024-06-01T18:46:44Z,109.42,6968f5f5-a345-49a3-9ffc-0ccebcfd07fc,low
EVT_003523,invoice.paid,CUST_0008,INV_48088,2024-02-24T13:05:00Z,387.03,7d182d85-5fcd-445c-9d15-a0c895e0102d,critical
EVT_003524,compliance.submitted,CUST_0075,INV_87455,2024-06-07T12:16:25Z,14.31,8b509b5f-977e-4201-add4-1b79c2607880,normal
EVT_003525,invoice.created,CUST_0052,INV_13323,2024-06-05T22:07:44Z,188.2,b9d6759c-9874-4096-9263-0d09691c7985,low
EVT_003526,invoice.paid,CUST_0010,INV_39087,2024-03-27T07:35:37Z,483.13,19309347-156f-48aa-a611-3e945b1b69fc,normal
EVT_003527,invoice.created,CUST_0026,INV_68215,2024-06-07T10:14:42Z,66.6,c5652b13-709d-4ef9-9bbc-d4e5a648c9d5,low
EVT_003528,invoice.paid,CUST_0074,INV_16825,2024-05-16T14:28:27Z,49.64,0831d5a3-e421-459f-bbb0-0ebe10b9aad6,high
EVT_003529,invoice.created,CUST_0037,INV_56749,2024-02-27T00:51:22Z,17.38,a5a1e694-a644-4030-a5de-d1dceb63bd5d,normal
EVT_003530,compliance.failed,CUST_0030,INV_78024,2024-05-09T05:50:35Z,327.03,8412eb3c-e5c3-40b7-b4c3-698cc6f79032,high
EVT_003531,invoice.validated,CUST_0048,INV_84389,2024-02-01T09:50:58Z,49.3,151eaea1-6899-4312-8a8f-349392b9bb47,normal
EVT_003532,invoice.created,CUST_0047,INV_17261,2024-02-17T08:12:17Z,16.24,afe9c489-412c-423e-976b-db018802684d,critical
EVT_003533,invoice.validated,CUST_0052,INV_60582,2024-03-08T13:43:16Z,391.39,3114e777-9947-4984-9f41-1e17f696d529,critical
EVT_003534,invoice.paid,CUST_0031,INV_38371,2024-01-21T03:34:58Z,438.16,49235678-e288-443e-9093-088fa5a03434,normal
EVT_003535,invoice.paid,CUST_0035,INV_29953,2024-04-08T08:46:20Z,432.83,4bafee0d-5711-477b-9f67-1bb55e7036d4,high
EVT_003536,invoice.rejected,CUST_0068,INV_96671,2024-03-14T00:49:35Z,470.12,be53ec47-f757-4fac-9fe6-002ea0e242bd,critical
EVT_003537,compliance.failed,CUST_0071,INV_22122,2024-03-29T00:13:41Z,13.78,68263e27-de6b-40ef-8507-8733b042cf2a,high
EVT_003538,invoice.created,CUST_0074,INV_73124,2024-02-08T23:36:03Z,108.58,b5cbc8c1-6098-4401-b91f-5f56ff6e6915,low
EVT_003539,compliance.submitted,CUST_0047,INV_94028,2024-03-11T15:36:20Z,180.91,c1a757f3-3629-42d6-bbce-98f671f4ad2f,normal
EVT_003540,compliance.failed,CUST_0016,INV_25916,2024-06-20T00:59:41Z,322.68,528be5c3-8ca5-4a7e-8c76-dc6297ef5803,normal
EVT_003541,invoice.rejected,CUST_0048,INV_61530,2024-05-25T15:47:27Z,384.87,33cc7a79-b7f5-4c35-a9b6-3fd437053081,critical
EVT_003542,invoice.rejected,CUST_0002,INV_96851,2024-01-20T17:36:13Z,48.88,c74dc65a-2169-4045-8d4a-e22b9d250631,normal
EVT_003543,invoice.validated,CUST_0077,INV_42838,2024-05-19T07:04:50Z,33.41,9f7aa30c-8c71-463b-9528-f1e939e56164,critical
EVT_003544,compliance.submitted,CUST_0051,INV_29780,2024-05-25T02:57:52Z,460.13,6367ccf3-16f2-4d4a-a84a-6b7964090c06,low
EVT_003545,compliance.submitted,CUST_0043,INV_32758,2024-01-05T15:09:56Z,20.08,4fa32944-cf74-4769-b1bd-36086867596c,low
EVT_003546,invoice.rejected,CUST_0008,INV_65591,2024-01-17T03:34:23Z,4.62,981edad0-a751-42d0-9655-e56ab69b7f1f,high
EVT_003547,compliance.failed,CUST_0033,INV_91721,2024-05-29T18:35:36Z,31.71,3216f561-fc08-4388-bcb6-4751c66032b5,low
EVT_003548,compliance.failed,CUST_0007,INV_82881,2024-05-10T14:28:39Z,148.27,5c0ebc4b-3a9e-40c1-8eb4-0fe25c104cfb,critical
EVT_003549,invoice.created,CUST_0074,INV_99181,2024-05-01T06:21:02Z,421.17,1aeb17a0-fb21-4771-aa00-3a33c5210b97,critical
EVT_003550,invoice.validated,CUST_0062,INV_98323,2024-01-25T19:51:19Z,61.04,4301dacb-2579-4d06-aaa3-3fe3996a3357,low
EVT_003551,invoice.paid,CUST_0064,INV_92325,2024-05-11T07:38:31Z,198.78,b8d8d8e2-8ef7-4bc9-b249-d1b63846c3f9,high
EVT_003552,compliance.submitted,CUST_0054,INV_28153,2024-01-14T15:11:22Z,509.29,0e091a65-4b16-408c-8ce9-50abb8072bd8,normal
EVT_003553,invoice.paid,CUST_0018,INV_37960,2024-01-05T01:49:34Z,128.94,dad107d8-7aae-4bb3-a6f0-73a1d4c35ae3,low
EVT_003554,invoice.created,CUST_0062,INV_93633,2024-03-15T15:27:50Z,31.85,04fb7152-c6f3-4c8a-87a2-aa619a6c2b4c,normal
EVT_003555,invoice.rejected,CUST_0025,INV_25252,2024-03-21T06:51:47Z,274.49,9ea60758-73d8-48d9-8ed4-657aa3f84ba5,normal
EVT_003556,compliance.failed,CUST_0041,INV_89886,2024-06-26T07:10:19Z,112.07,d8dd0a25-aefa-4a78-9b98-0a1fbfd00bd6,low
EVT_003557,invoice.validated,CUST_0032,INV_85681,2024-01-29T14:39:47Z,429.06,12d923fa-05ee-4edb-9919-07671e63626c,normal
EVT_003558,compliance.submitted,CUST_0044,INV_29553,2024-01-28T04:02:13Z,145.26,dc5f3ded-5011-453b-ad75-ebe7a2a88ffc,low
EVT_003559,compliance.submitted,CUST_0023,INV_41509,2024-03-14T21:25:06Z,463.86,46a25987-e553-4496-9bb8-bbe60b70c370,high
EVT_003560,invoice.rejected,CUST_0022,INV_34249,2024-02-06T05:09:12Z,112.17,8d434f5a-53c9-494d-8c1e-c0d71de90571,high
EVT_003561,compliance.failed,CUST_0032,INV_92548,2024-06-04T14:57:24Z,369.14,6fdaa082-66e0-49b6-a59b-e0119c5ff8b8,low
EVT_003562,invoice.rejected,CUST_0015,INV_39171,2024-01-15T10:39:41Z,207.58,1dc984cc-d812-440c-b39c-8d8f5bf6f9a8,low
EVT_003563,invoice.paid,CUST_0042,INV_72770,2024-04-19T02:46:37Z,419.17,8d019403-a180-4d27-852a-0acd238d8455,low
EVT_003564,invoice.validated,CUST_0050,INV_73108,2024-05-15T15:42:50Z,189.36,6a9403c1-5eb7-43c0-9078-e99d789b3583,low
EVT_003565,compliance.failed,CUST_0020,INV_44923,2024-01-04T01:41:11Z,47.77,8d567eb0-c9bd-46c7-8ea9-a05566f486f0,critical
EVT_003566,compliance.failed,CUST_0023,INV_62014,2024-06-21T02:34:17Z,53.37,aed5e0d0-520f-4277-9af4-7882e928a2db,high
EVT_003567,invoice.created,CUST_0010,INV_32965,2024-04-13T22:09:14Z,393.2,cbe6f0ef-185a-47a1-a5dc-27eb40b64ecc,critical
EVT_003568,invoice.validated,CUST_0060,INV_69686,2024-05-29T10:25:05Z,169.5,251878db-01d3-4462-96ba-923a63746646,critical
EVT_003569,invoice.rejected,CUST_0075,INV_18840,2024-03-02T07:57:15Z,245.57,cb692bbd-01cf-46f4-bbf0-ea70af25d6bf,critical
EVT_003570,invoice.created,CUST_0035,INV_19632,2024-05-12T11:14:02Z,151.31,532ed350-c3de-4220-86b1-8088a6fa531e,low
EVT_003571,compliance.submitted,CUST_0028,INV_65796,2024-05-17T23:05:43Z,103.27,1f07cc55-7ea2-4737-9348-bc89aa7bf731,critical
EVT_003572,invoice.validated,CUST_0014,INV_57810,2024-01-21T01:55:33Z,47.46,2485a492-3294-4293-a9f8-1adcf391278d,normal
EVT_003573,invoice.created,CUST_0004,INV_81177,2024-06-03T15:52:42Z,277.76,f7909321-4b97-4142-b549-a3ad596685c5,normal
EVT_003574,compliance.failed,CUST_0074,INV_43127,2024-02-02T06:12:50Z,49.72,459b2439-61c8-4ceb-989c-10a261bf149e,normal
EVT_003575,invoice.paid,CUST_0015,INV_99515,2024-01-08T15:13:22Z,225.97,bd34aa09-ae2a-4704-a666-628ca4704dba,critical
EVT_003576,invoice.paid,CUST_0030,INV_56287,2024-05-19T02:03:21Z,38.36,3e86433a-976b-453b-9b13-bf6f5b263318,low
EVT_003577,invoice.created,CUST_0061,INV_18395,2024-01-26T23:14:49Z,31.24,34eb8340-21ef-4e70-960e-1aac6328349e,critical
EVT_003578,compliance.failed,CUST_0033,INV_19090,2024-06-10T02:14:12Z,352.9,1981febd-0bdb-42e6-ad9f-794e27689888,critical
EVT_003579,invoice.paid,CUST_0027,INV_52761,2024-05-02T04:25:38Z,143.71,8e237e46-19d1-4d43-a5fe-cdb834a951e5,high
EVT_003580,compliance.failed,CUST_0012,INV_12553,2024-05-12T21:40:50Z,225.2,f7af2c13-fb0c-468d-a858-d77126b9b281,low
EVT_003581,compliance.failed,CUST_0080,INV_80486,2024-02-28T22:45:36Z,38.66,92b41769-7a68-4c5e-86db-2dea3227687d,normal
EVT_003582,invoice.validated,CUST_0007,INV_64832,2024-01-03T11:57:17Z,117.77,96fd7d51-8bde-4fc6-8713-a9c16ccaa8e9,low
EVT_003583,compliance.failed,CUST_0020,INV_79330,2024-05-24T19:47:00Z,155.81,f27e8542-06e8-4d3c-80a1-9299c26d07fd,normal
EVT_003584,invoice.paid,CUST_0036,INV_53370,2024-02-08T08:22:35Z,505.95,e1153ba9-ce9d-40c7-9edd-28a22097ebb1,normal
EVT_003585,compliance.submitted,CUST_0072,INV_24661,2024-01-06T20:26:35Z,156.42,bb2bec97-7821-4caf-9f1d-dec922b48161,critical
EVT_003586,compliance.submitted,CUST_0079,INV_71767,2024-03-15T20:35:33Z,36.62,6c4bf713-d1f1-4616-a6cc-d31d75027e86,high
EVT_003587,invoice.rejected,CUST_0048,INV_18424,2024-02-24T01:39:45Z,108.43,45e30243-2496-4230-ba62-d22a88f59d16,critical
EVT_003588,compliance.failed,CUST_0001,INV_81643,2024-01-06T22:44:06Z,15.08,0fe74ac0-1708-4254-bdaa-b9ac004bd2e5,low
EVT_003589,compliance.failed,CUST_0043,INV_22449,2024-05-21T12:46:18Z,94.9,baa0aaa7-886b-462a-8cd0-caadd4a3bc8a,normal
EVT_003590,compliance.submitted,CUST_0067,INV_26986,2024-01-01T16:44:39Z,15.49,cba16021-7e9c-46e7-aa93-0a81887e2f7c,critical
EVT_003591,compliance.failed,CUST_0079,INV_64486,2024-04-21T07:03:09Z,157.83,7f21d4e3-bcff-4047-9d70-1088f93aa4d7,normal
EVT_003592,invoice.validated,CUST_0043,INV_42052,2024-03-13T07:52:21Z,447.47,02003b40-ec92-4a93-ab50-d9f1263bfebe,low
EVT_003593,compliance.submitted,CUST_0042,INV_35310,2024-04-07T17:08:55Z,49.22,609120e8-805e-4560-bebf-079751f61919,high
EVT_003594,invoice.created,CUST_0035,INV_50116,2024-05-23T17:26:32Z,492.79,d3d707b4-e3cc-48b7-b4a0-944bd923cb57,normal
EVT_003595,invoice.created,CUST_0077,INV_23960,2024-03-11T16:58:48Z,187.2,0850dabe-a547-43b9-8c49-8c0f223122e3,high
EVT_003596,invoice.paid,CUST_0065,INV_33799,2024-05-13T04:10:03Z,23.69,b5fdb9e3-1f41-4ec5-b239-503e9301d675,critical
EVT_003597,invoice.created,CUST_0006,INV_68345,2024-02-12T22:09:48Z,14.54,a2d55dd6-ce09-4268-98a8-42b2df9f9478,high
EVT_003598,compliance.submitted,CUST_0046,INV_76518,2024-06-04T19:10:59Z,346.92,3f8f1c6a-3b39-4de0-bbec-6f70687a5f77,critical
EVT_003599,invoice.rejected,CUST_0009,INV_27202,2024-06-04T04:52:50Z,268.7,ff63e87a-924c-4134-bc7c-1b60e75cbdf4,high
EVT_003600,compliance.failed,CUST_0038,INV_57771,2024-05-08T07:19:20Z,77.16,471f093d-ce74-462a-a7ca-ff2f4a20197c,critical
EVT_003601,invoice.paid,CUST_0057,INV_75001,2024-03-03T08:47:05Z,227.54,7ded5e93-f6fa-4427-a8b2-af83eb4326fb,normal
EVT_003602,compliance.submitted,CUST_0058,INV_39294,2024-04-25T00:51:01Z,95.82,8448e7e7-3a89-46fa-a5ab-8cf5dd4d68e1,normal
EVT_003603,invoice.rejected,CUST_0057,INV_52616,2024-06-18T17:21:50Z,152.42,14fb6c89-6c92-42ac-aedb-ad742e4af145,low
EVT_003604,invoice.rejected,CUST_0071,INV_79547,2024-04-20T16:19:56Z,28.95,b45df7f2-69b8-4e22-a5ec-79080822aedd,high
EVT_003605,invoice.created,CUST_0022,INV_36883,2024-02-05T06:00:36Z,156.4,6585e66e-9ebb-4f83-a505-2e71a5bbe074,low
EVT_003606,compliance.submitted,CUST_0001,INV_35658,2024-06-26T18:08:06Z,14.34,18e7e4ae-01ab-4072-ad78-a619518f0b05,normal
EVT_003607,invoice.paid,CUST_0001,INV_46800,2024-05-13T08:59:43Z,20.13,542c4511-2d27-4793-87ec-d4691abf0d82,critical
EVT_003608,compliance.submitted,CUST_0074,INV_26599,2024-06-20T15:04:17Z,489.85,e67e8368-a33b-43d5-8c7b-c63a8f1a7f90,critical
EVT_003609,invoice.validated,CUST_0007,INV_37688,2024-06-26T03:55:50Z,368.79,2867ecc3-e32d-46a5-8791-e64bad953236,high
EVT_003610,invoice.rejected,CUST_0019,INV_94241,2024-04-09T16:26:58Z,134.12,d30bbdef-2d3d-4779-86da-44188667d629,low
EVT_003611,invoice.rejected,CUST_0070,INV_40782,2024-05-30T02:17:32Z,48.49,f91df7a1-b16a-495c-8c4c-4abe865e54c1,low
EVT_003612,invoice.validated,CUST_0001,INV_75069,2024-04-01T07:35:20Z,505.83,ad2a3756-f378-4f12-b614-88f389a54859,high
EVT_003613,invoice.paid,CUST_0036,INV_99652,2024-03-01T16:58:30Z,148.92,863061d5-256b-4f56-a8a7-71b759bc27af,high
EVT_003614,invoice.created,CUST_0015,INV_69231,2024-06-14T01:16:57Z,185.84,1dac4d6c-40f5-4a82-b26f-b7a8d60058af,normal
EVT_003615,invoice.rejected,CUST_0050,INV_47330,2024-05-04T07:46:44Z,94.66,cbbd3ebc-3879-4835-9cd8-c525324216b4,low
EVT_003616,compliance.failed,CUST_0051,INV_43962,2024-01-07T00:26:08Z,13.22,59c49d63-b37f-4cd0-979d-bbf31af05123,high
EVT_003617,invoice.created,CUST_0073,INV_70563,2024-05-23T20:14:54Z,155.61,05eeba0d-e45d-438d-acef-d4fc099fca21,high
EVT_003618,invoice.rejected,CUST_0065,INV_69040,2024-06-15T00:55:28Z,83.45,8b6bcc1e-5826-48cc-afae-2cb93e97a803,critical
EVT_003619,invoice.paid,CUST_0071,INV_72514,2024-01-14T23:44:47Z,199.4,39783a09-706d-466c-92c3-82b7da120d3b,low
EVT_003620,compliance.failed,CUST_0063,INV_37592,2024-06-12T07:22:57Z,409.02,3c1db694-422a-4095-a04f-7faa6462423d,critical
EVT_003621,invoice.created,CUST_0060,INV_99926,2024-03-16T07:52:56Z,405.17,298d1700-3d58-4b68-aab5-658567f57e12,low
EVT_003622,compliance.submitted,CUST_0063,INV_38562,2024-04-08T14:48:14Z,259.51,2f672436-c900-4c3b-9803-4a03071d0438,high
EVT_003623,invoice.validated,CUST_0037,INV_34784,2024-01-03T15:37:56Z,306.1,ccd1aa0d-bc1e-4a6f-ba07-0abfcb1ecf77,high
EVT_003624,invoice.validated,CUST_0006,INV_39387,2024-05-21T08:56:15Z,243.13,45ffe5d6-b7e4-4c00-aaca-14e626dd8cca,critical
EVT_003625,invoice.validated,CUST_0041,INV_70109,2024-02-07T23:24:37Z,12.66,0cf63511-ec2b-4084-aace-2cc1c80d0a34,high
EVT_003626,invoice.validated,CUST_0080,INV_44404,2024-03-28T11:26:13Z,30.12,95feeb7b-52cb-4660-a8f9-55dc372fab3d,normal
EVT_003627,invoice.paid,CUST_0035,INV_19808,2024-04-03T14:36:56Z,15.31,53c2ac83-e29a-4742-b9c4-bcc9153cabfd,normal
EVT_003628,invoice.rejected,CUST_0046,INV_55177,2024-03-01T23:10:30Z,35.05,4f9ba72e-0cdf-4265-9488-b17bdb679910,low
EVT_003629,invoice.created,CUST_0006,INV_71638,2024-03-20T19:44:25Z,79.18,bb5d624d-5a3e-40ba-8e2b-aa903f654df2,high
EVT_003630,invoice.paid,CUST_0073,INV_61331,2024-02-23T05:22:26Z,6.45,cc83f1bf-8be3-407b-bd37-4215eaeb6a44,low
EVT_003631,compliance.failed,CUST_0019,INV_11870,2024-04-02T17:49:10Z,98.74,b4433da5-7714-4a21-b594-d9b785bb9820,low
EVT_003632,invoice.validated,CUST_0020,INV_80912,2024-02-02T18:56:39Z,148.43,5d8e87be-f4f2-4ca1-9dc5-431a40e82954,critical
EVT_003633,invoice.paid,CUST_0038,INV_83067,2024-02-25T00:11:46Z,87.25,98cf0a70-2dd8-49b5-bf12-86057edfa097,high
EVT_003634,invoice.rejected,CUST_0048,INV_86104,2024-03-03T21:12:47Z,327.26,21487994-3fe3-4d75-8186-bf038aab9d79,high
EVT_003635,invoice.paid,CUST_0055,INV_75328,2024-01-02T06:50:14Z,130.84,314f972c-9259-483b-b1d8-62762cada81a,normal
EVT_003636,invoice.validated,CUST_0030,INV_73983,2024-05-05T11:21:06Z,379.89,1e68bd26-c455-42a8-9ed6-7bfa38e20b75,low
EVT_003637,invoice.paid,CUST_0034,INV_14635,2024-05-11T17:27:10Z,2.43,6f6842f2-11ae-4c7b-a802-9be6a36b825f,critical
EVT_003638,compliance.failed,CUST_0073,INV_96597,2024-03-14T05:05:08Z,175.27,f17ac233-2ab8-4ebe-8a14-c060230dd0df,low
EVT_003639,invoice.validated,CUST_0024,INV_29617,2024-05-13T03:22:10Z,496.06,1d625620-1f5a-488c-a35a-da101cf0c653,low
EVT_003640,invoice.paid,CUST_0052,INV_89363,2024-01-21T05:31:47Z,2.82,bbd162eb-2020-442e-80b1-9dd761218ef1,low
EVT_003641,invoice.created,CUST_0044,INV_32628,2024-05-11T16:42:43Z,81.08,08484ab0-a4bc-4b52-8696-fe04b976ee40,high
EVT_003642,invoice.paid,CUST_0079,INV_67202,2024-01-07T10:33:29Z,184.11,d1138e40-79c5-460d-b73d-e9858d6ff21d,normal
EVT_003643,compliance.failed,CUST_0010,INV_35380,2024-04-17T00:55:55Z,455.18,018e6ec1-8fd4-4979-983a-84d8a93ffbe5,low
EVT_003644,compliance.submitted,CUST_0077,INV_59535,2024-01-31T14:14:32Z,141.41,cab457b2-a222-4fb7-bdbd-c7a04821e39e,normal
EVT_003645,invoice.created,CUST_0004,INV_30921,2024-04-03T06:45:05Z,470.16,8f10748b-5b53-43d5-ada1-842f1a48adb8,normal
EVT_003646,invoice.validated,CUST_0019,INV_95507,2024-04-09T05:00:11Z,23.7,3ea224ec-5d94-4bb5-b908-f2bad763d97b,high
EVT_003647,compliance.submitted,CUST_0037,INV_52487,2024-04-30T11:28:18Z,25.06,69c30314-d522-4f57-a218-afbe396b2471,normal
EVT_003648,invoice.validated,CUST_0008,INV_29755,2024-03-18T17:12:14Z,459.15,160d8083-9807-4ba2-9495-72d9cb584c33,low
EVT_003649,invoice.paid,CUST_0011,INV_85618,2024-02-02T12:11:31Z,280.71,5dba8f03-da53-41df-8402-dc4d26245fcf,critical
EVT_003650,compliance.submitted,CUST_0047,INV_52473,2024-04-07T17:24:19Z,7.73,d4dfbf27-6a0b-42ef-9714-32d0fe61c74c,critical
EVT_003651,invoice.paid,CUST_0003,INV_44769,2024-05-05T13:59:28Z,154.22,1cd3085c-b5c6-443d-8455-906f6ed08323,normal
EVT_003652,invoice.validated,CUST_0047,INV_69381,2024-03-30T12:33:52Z,346.41,d7575597-a34c-45a6-9d00-9d75d03f66cf,high
EVT_003653,invoice.created,CUST_0002,INV_89429,2024-03-26T17:37:36Z,14.36,c7baa3f2-5564-4a44-96b9-4c66374fdf68,critical
EVT_003654,compliance.submitted,CUST_0012,INV_77364,2024-01-28T15:04:08Z,487.44,915e7f13-f911-424c-9a60-3f23561f2950,high
EVT_003655,compliance.submitted,CUST_0020,INV_18034,2024-03-18T10:56:28Z,39.98,4dc79d15-7de3-45a5-ac5b-d26e1a345a2f,critical
EVT_003656,compliance.failed,CUST_0010,INV_59500,2024-05-17T08:55:36Z,13.6,b6b479cf-7c98-4a3e-a9e8-b026f3a32936,critical
EVT_003657,compliance.submitted,CUST_0010,INV_65606,2024-05-05T08:07:32Z,423.78,51ca41e7-94a2-4569-8eee-295fad3f4e4d,low
EVT_003658,compliance.failed,CUST_0026,INV_94051,2024-01-15T10:07:35Z,347.25,1d89faa0-2fe4-43d2-9967-edcc960ee305,high
EVT_003659,invoice.paid,CUST_0009,INV_86366,2024-01-29T00:41:51Z,184.64,da615430-a68b-448a-924c-dfac36432a1b,normal
EVT_003660,invoice.rejected,CUST_0072,INV_41224,2024-05-12T22:59:25Z,150.84,a6a16325-de12-4014-954a-c356e226b668,low
EVT_003661,compliance.submitted,CUST_0011,INV_21219,2024-04-22T00:05:13Z,48.88,ba4f9419-c4b2-4db4-9306-84be43a485b8,critical
EVT_003662,compliance.failed,CUST_0001,INV_25532,2024-06-29T18:35:50Z,443.19,8536232d-8292-44bf-be89-2e0d30be09f3,critical
EVT_003663,invoice.created,CUST_0063,INV_58105,2024-06-18T08:51:06Z,402.45,8dc64ff0-5da3-447e-a219-2671731b02d5,low
EVT_003664,invoice.rejected,CUST_0061,INV_17630,2024-06-09T14:08:49Z,504.21,7700d125-c3b8-4196-9b09-24c07b981986,high
EVT_003665,invoice.paid,CUST_0057,INV_69377,2024-04-25T22:41:59Z,35.27,7e76dd29-537e-45c4-a6c8-94685a837c6e,low
EVT_003666,invoice.created,CUST_0042,INV_14585,2024-01-14T01:59:02Z,200.16,facf5824-ab86-4f6d-90f8-d2e1cf7ba561,critical
EVT_003667,invoice.created,CUST_0007,INV_75059,2024-06-07T07:18:11Z,28.21,d970d532-c1ce-4d5a-92a9-61dca2bcf355,high
EVT_003668,invoice.rejected,CUST_0007,INV_97179,2024-01-29T20:30:48Z,414.06,5773c394-b0a4-4ee2-a5d9-a06d7bd8affe,normal
EVT_003669,invoice.created,CUST_0080,INV_20735,2024-02-04T02:28:21Z,151.19,7498e7e2-54fe-4184-bb35-41afe28517a5,high
EVT_003670,compliance.submitted,CUST_0080,INV_72045,2024-06-02T12:15:26Z,416.16,d0a02120-9bbf-4ff0-ac04-b4b563a2bfb7,high
EVT_003671,compliance.submitted,CUST_0030,INV_65346,2024-06-17T13:54:02Z,508.18,1c0608db-48aa-41a1-afff-926809cdaf68,high
EVT_003672,invoice.validated,CUST_0033,INV_55422,2024-06-10T10:40:55Z,412.3,601eb14f-0eae-4c1f-a12f-c14ecf878f82,high
EVT_003673,invoice.rejected,CUST_0022,INV_20928,2024-01-11T21:42:26Z,20.82,50074c84-65a1-42f8-814a-068afd30da89,critical
EVT_003674,compliance.failed,CUST_0038,INV_58023,2024-01-08T15:22:52Z,184.71,ccb06fdf-515a-482c-aa3f-56be1a798e3a,normal
EVT_003675,invoice.paid,CUST_0057,INV_61835,2024-06-02T06:56:21Z,165.72,e458ad58-6f00-4ba9-b596-67dcb1765b83,critical
EVT_003676,compliance.failed,CUST_0069,INV_98612,2024-01-23T08:55:41Z,201.5,df98f6f6-e8f2-43e8-98cd-a3af2d2c943f,high
EVT_003677,invoice.created,CUST_0044,INV_70005,2024-04-06T09:24:45Z,449.58,f6c2a37a-27c6-4205-944a-233d6069f952,high
EVT_003678,invoice.paid,CUST_0079,INV_77660,2024-05-20T12:09:41Z,25.95,a3a24646-6f4b-40dc-8895-c95412dbf8ee,low
EVT_003679,invoice.rejected,CUST_0028,INV_75970,2024-06-08T03:05:15Z,92.49,f7970f2b-04e8-4cc2-9bcc-4758eaa5499a,critical
EVT_003680,invoice.rejected,CUST_0033,INV_13513,2024-02-21T13:28:29Z,28.68,4ffdfc75-43bc-4ec3-a6ae-2e0304b0c9fe,high
EVT_003681,invoice.validated,CUST_0048,INV_51594,2024-05-28T12:28:17Z,8.12,bfccd46b-3adb-4ba8-8ad6-a763a5dc647a,low
EVT_003682,invoice.created,CUST_0012,INV_77905,2024-05-14T06:30:16Z,222.1,7b6182c2-5381-467a-acba-ea882e822d0f,high
EVT_003683,invoice.paid,CUST_0053,INV_77066,2024-05-11T13:02:36Z,426.79,0df04a01-48a2-4951-b134-a0b17bcc8662,normal
EVT_003684,invoice.validated,CUST_0022,INV_56788,2024-01-15T19:55:45Z,41.51,1fca4456-9a26-4177-9095-7de72daa9634,low
EVT_003685,compliance.failed,CUST_0059,INV_36025,2024-05-20T10:25:01Z,32.89,b2bc3187-1130-485f-9c70-209e3b3e8356,low
EVT_003686,compliance.failed,CUST_0020,INV_64865,2024-01-29T16:46:57Z,101.92,4a6fdc8d-9ff5-435d-ad72-b52b9cea6aa9,normal
EVT_003687,invoice.rejected,CUST_0002,INV_48863,2024-03-06T00:57:49Z,74.59,633a56a6-dec2-4bcc-8ac1-7d568c923004,low
EVT_003688,invoice.created,CUST_0079,INV_46951,2024-01-28T08:40:15Z,389.96,8d6ec11e-5f53-4695-b6e7-339a0e7c2755,high
EVT_003689,invoice.paid,CUST_0058,INV_10644,2024-02-29T05:37:21Z,15.44,34f24f75-fed1-4474-ac0c-9fb35783cc6c,critical
EVT_003690,invoice.rejected,CUST_0071,INV_99416,2024-06-27T10:09:20Z,169.16,137014ff-2a06-4d7c-8a34-d9f7a3e5e269,critical
EVT_003691,invoice.validated,CUST_0011,INV_75409,2024-03-29T22:29:12Z,17.46,fda13524-b560-4b46-acac-6ff7d8c03e2b,normal
EVT_003692,invoice.paid,CUST_0055,INV_91221,2024-03-27T14:34:37Z,393.02,ce383afc-539e-48e3-a539-4c5201450e6b,critical
EVT_003693,invoice.rejected,CUST_0061,INV_46540,2024-03-05T04:54:27Z,88.7,96bc6466-cf1f-4bc9-a869-81f515d03c36,low
EVT_003694,invoice.created,CUST_0031,INV_25144,2024-02-23T21:52:21Z,242.49,d3c17b22-d939-4c8e-9a00-116b6772865d,normal
EVT_003695,invoice.created,CUST_0054,INV_53030,2024-06-21T22:07:44Z,115.24,8c181046-304a-4989-9294-cfbc133c0cc9,low
EVT_003696,invoice.rejected,CUST_0075,INV_59398,2024-02-10T13:03:16Z,44.89,99257b7f-2b80-49b0-88ca-7a2ba14910c0,high
EVT_003697,invoice.rejected,CUST_0068,INV_72720,2024-02-25T14:27:14Z,113.29,5767ac5b-12cf-4247-aad7-46a959ec9a8d,critical
EVT_003698,invoice.created,CUST_0016,INV_57204,2024-06-27T20:44:21Z,21.07,e27c66ce-0796-4942-a190-13c55b0fa878,normal
EVT_003699,invoice.paid,CUST_0008,INV_13699,2024-06-06T13:21:04Z,33.2,96113a98-6921-4831-a27f-5e51a8541bf3,high
EVT_003700,invoice.paid,CUST_0030,INV_14603,2024-01-20T19:59:53Z,69.58,41426ae4-16a2-4801-a0be-303061fe5074,normal
EVT_003701,invoice.validated,CUST_0032,INV_67670,2024-01-11T06:20:02Z,476.11,0fef334e-e4d4-4f31-a874-a71e32847a6a,critical
EVT_003702,invoice.paid,CUST_0009,INV_93327,2024-04-14T06:06:55Z,92.64,23f17c3c-5428-4523-b27d-a0f87c3dc8cc,critical
EVT_003703,invoice.created,CUST_0025,INV_23780,2024-06-16T07:14:30Z,7.37,45a1d544-7ba9-48f8-baeb-b42b241254e9,critical
EVT_003704,invoice.validated,CUST_0070,INV_83085,2024-06-13T13:20:15Z,130.94,a62ed415-087a-42bc-a12d-9ea4780aa5f9,critical
EVT_003705,compliance.failed,CUST_0010,INV_49165,2024-03-02T22:24:52Z,179.26,be4b58ac-cd35-4167-9f25-b6c45fc1ff2c,critical
EVT_003706,invoice.paid,CUST_0030,INV_52743,2024-03-09T16:04:44Z,35.72,a5686de3-3e44-4b93-a844-2bea892c481f,normal
EVT_003707,compliance.submitted,CUST_0071,INV_33071,2024-05-12T04:06:53Z,253.46,3998774b-4d6d-4c0e-8c3b-c5956dcf05f1,critical
EVT_003708,invoice.created,CUST_0056,INV_51431,2024-04-23T09:38:08Z,321.72,b990cda9-9c91-4adb-8acd-32ee6794699a,high
EVT_003709,compliance.submitted,CUST_0023,INV_30489,2024-04-14T05:56:03Z,176.1,6547aa90-9b70-4a28-8827-69c85da523cc,low
EVT_003710,invoice.created,CUST_0043,INV_41790,2024-01-30T22:13:47Z,410.45,f162a3d2-e9ee-41a1-9e45-d03e19473137,critical
EVT_003711,compliance.failed,CUST_0012,INV_31965,2024-06-02T22:06:25Z,73.9,6d1c3385-4f03-4a65-8e5a-8774e84c9903,critical
EVT_003712,invoice.rejected,CUST_0067,INV_26616,2024-03-25T18:08:18Z,433.68,aeff21c2-74a3-41b6-84e4-1c65fd3bc199,critical
EVT_003713,compliance.submitted,CUST_0018,INV_96953,2024-03-24T00:10:53Z,77.92,b78346db-b4f6-42ba-b8b0-c10231d5aa06,critical
EVT_003714,invoice.validated,CUST_0004,INV_29600,2024-05-20T06:30:45Z,350.73,4df1a01d-2d9f-40f2-af38-10f12659228c,normal
EVT_003715,invoice.created,CUST_0035,INV_10950,2024-03-25T23:30:38Z,20.93,26e03da9-11d5-4a62-af1b-a57a794bc533,high
EVT_003716,compliance.failed,CUST_0045,INV_58271,2024-06-06T22:05:36Z,24.54,113988d1-1355-4aa7-983d-69a39dae6ae0,normal
EVT_003717,compliance.failed,CUST_0058,INV_14790,2024-04-07T00:47:51Z,99.59,a600c8b7-8c4c-4738-b3e6-d7ee1f43a4a4,critical
EVT_003718,invoice.validated,CUST_0028,INV_70592,2024-01-12T19:47:39Z,11.81,c9a02adf-21dd-437c-ba48-38300505bfdd,high
EVT_003719,invoice.created,CUST_0058,INV_50917,2024-06-28T04:28:14Z,213.03,822dfa47-3157-4165-9e84-83ce956af22f,normal
EVT_003720,invoice.rejected,CUST_0043,INV_48057,2024-03-07T10:41:17Z,426.65,e473f048-c279-4fb7-83c2-4571e0b021e8,normal
EVT_003721,invoice.paid,CUST_0075,INV_70051,2024-06-03T12:31:41Z,93.98,c04186fe-49f9-41bc-b031-56bf6e84718f,low
EVT_003722,compliance.submitted,CUST_0047,INV_65224,2024-06-02T03:40:41Z,324.72,e091d3c8-6e0d-44f3-b39f-427023e52f0e,critical
EVT_003723,invoice.paid,CUST_0030,INV_54993,2024-04-12T10:59:47Z,51.52,be3b1275-acfb-4039-8e38-bf0599e8f6cc,high
EVT_003724,compliance.failed,CUST_0056,INV_39919,2024-04-06T23:39:25Z,11.15,6a0ef745-e263-4db2-9ae4-22c045faf5ca,normal
EVT_003725,compliance.submitted,CUST_0037,INV_53292,2024-04-15T16:54:56Z,18.26,9408a1c2-f8d2-495b-91b1-26374c75b7ab,low
EVT_003726,invoice.validated,CUST_0055,INV_41346,2024-06-22T01:08:32Z,297.59,5fedf6b6-3a57-43d1-838e-d67731b79994,high
EVT_003727,invoice.rejected,CUST_0021,INV_14164,2024-03-22T21:28:40Z,53.6,8439a93f-3fe9-4432-b6bc-8e52b40b124a,normal
EVT_003728,invoice.validated,CUST_0008,INV_16186,2024-01-17T12:47:46Z,12.04,66fd853e-27b3-407e-a61b-2d392138d8d2,low
EVT_003729,compliance.submitted,CUST_0031,INV_75378,2024-05-20T01:41:28Z,5.46,d9a71faa-94fe-4682-b21c-dd3de399bf59,normal
EVT_003730,compliance.submitted,CUST_0046,INV_91861,2024-03-23T09:22:25Z,3.61,28452746-f48a-4de1-8c0a-5e02b96fac48,low
EVT_003731,invoice.created,CUST_0070,INV_25331,2024-05-10T19:28:35Z,18.93,d5fc5f1a-0124-4e80-a1da-4a1977fe0249,high
EVT_003732,invoice.created,CUST_0052,INV_26947,2024-03-30T00:13:30Z,117.48,4f12ed85-daf1-47b6-9924-031e71ce880e,low
EVT_003733,invoice.paid,CUST_0041,INV_57948,2024-06-28T19:28:58Z,314.84,98c6ecd9-e610-4204-8a50-9d1fda8b4a9f,high
EVT_003734,invoice.rejected,CUST_0046,INV_84494,2024-04-06T01:10:38Z,17.82,a47d9d48-4a09-41d9-af8b-f8aba52e9f9f,high
EVT_003735,compliance.failed,CUST_0042,INV_41456,2024-06-23T02:13:48Z,375.7,db1334c3-8d27-4769-997c-d0bd62d7c00b,low
EVT_003736,invoice.rejected,CUST_0057,INV_77363,2024-01-23T06:41:39Z,18.86,7a8f2b6c-b5c4-41b1-a319-2dc93cd4346f,normal
EVT_003737,invoice.validated,CUST_0080,INV_51018,2024-03-07T23:41:44Z,7.42,aaef0cd1-6ba9-47ee-9790-a98f84f7d29d,low
EVT_003738,compliance.failed,CUST_0059,INV_79414,2024-06-22T15:22:03Z,32.62,b7f936cb-8ed7-46f7-a838-fcbfa9ea6cbd,critical
EVT_003739,invoice.created,CUST_0041,INV_89987,2024-01-19T16:42:01Z,77.75,7bc59bd9-b1f4-419e-8b52-aa63a79a5631,critical
EVT_003740,invoice.rejected,CUST_0038,INV_51899,2024-05-17T23:19:17Z,212.59,77093238-0c7a-4909-90db-b4faa11f7c03,normal
EVT_003741,invoice.paid,CUST_0061,INV_91652,2024-05-02T11:09:31Z,208.02,eeca8d52-b949-4cac-afcb-5f527b14421f,normal
EVT_003742,invoice.validated,CUST_0039,INV_57497,2024-01-12T00:09:51Z,34.48,ab2f0c86-3e0b-4144-a478-f36bd866dd21,normal
EVT_003743,invoice.rejected,CUST_0037,INV_11259,2024-06-19T12:01:30Z,75.93,f53f31ce-ff0f-4f99-841c-a7045f6153ab,normal
EVT_003744,invoice.created,CUST_0038,INV_85481,2024-05-05T01:11:27Z,423.56,422c9413-8399-485e-9123-49c91907064c,low
EVT_003745,compliance.failed,CUST_0047,INV_31596,2024-05-19T12:07:37Z,18.33,99673080-3a3a-4f3c-98cc-ce6c765b056c,low
EVT_003746,invoice.paid,CUST_0037,INV_89663,2024-06-28T15:09:08Z,449.75,62c282c4-4eb0-4da0-adff-c141ba013c67,normal
EVT_003747,invoice.rejected,CUST_0020,INV_63298,2024-03-04T02:13:30Z,1.4,e0606ac5-287e-4ebc-a5a8-bc1e19bd1405,normal
EVT_003748,compliance.failed,CUST_0039,INV_40569,2024-05-23T21:22:39Z,13.84,ad88707d-5686-4162-a075-aaade0154580,normal
EVT_003749,compliance.failed,CUST_0028,INV_91711,2024-04-26T16:03:17Z,344.04,640e2721-b9ff-4959-97ce-d96fb39f13c1,critical
EVT_003750,invoice.paid,CUST_0012,INV_41354,2024-02-06T01:08:33Z,15.23,18e639d7-3f17-485f-b1c0-db1b24c2bd36,low
EVT_003751,invoice.created,CUST_0022,INV_36714,2024-04-30T05:53:40Z,199.09,4f335236-8949-494e-878e-96d477e85724,high
EVT_003752,invoice.validated,CUST_0072,INV_91011,2024-01-07T16:10:29Z,373.49,f4e97b2f-3667-4185-a50a-1c223c6c39da,low
EVT_003753,compliance.failed,CUST_0075,INV_64023,2024-03-14T18:12:40Z,258.74,91143ad5-2a21-4bc5-8fa4-585172d5738e,low
EVT_003754,compliance.submitted,CUST_0074,INV_14731,2024-06-17T17:10:45Z,60.52,e49d062b-9024-465c-a4ba-341de71575af,critical
EVT_003755,compliance.failed,CUST_0072,INV_37118,2024-05-21T04:20:43Z,193.87,de37daba-e565-4a74-ae6c-fe46c10b2df3,critical
EVT_003756,invoice.rejected,CUST_0063,INV_19070,2024-01-11T10:53:13Z,45.65,21f72a82-8f4a-4daf-92e3-a210ad2829f5,low
EVT_003757,compliance.submitted,CUST_0080,INV_72801,2024-01-23T08:38:41Z,15.24,21097486-ccc7-4804-8915-7a7b398af9df,normal
EVT_003758,invoice.validated,CUST_0027,INV_13004,2024-05-31T19:05:11Z,197.92,5ad426ec-2551-4982-ae6f-bf6f5ebc4d63,high
EVT_003759,invoice.paid,CUST_0056,INV_20041,2024-01-06T09:37:54Z,127.89,68d324a1-9dbe-4e88-8e62-22e4f1c9d794,low
EVT_003760,invoice.rejected,CUST_0064,INV_30119,2024-03-29T02:46:37Z,18.55,6320ed4f-6fa8-411a-96ae-b2199874aaa3,low
EVT_003761,compliance.failed,CUST_0049,INV_37389,2024-05-26T18:45:41Z,53.91,b11e486e-0884-45a9-9eed-1f76bcd128aa,low
EVT_003762,compliance.failed,CUST_0012,INV_17191,2024-05-06T16:02:44Z,16.46,04695032-6f0d-48c4-a648-14a44dd311b9,normal
EVT_003763,invoice.paid,CUST_0074,INV_36971,2024-04-28T20:22:00Z,3.96,1ed75456-3854-40bf-84de-826681fb906c,high
EVT_003764,invoice.rejected,CUST_0077,INV_62768,2024-04-27T23:19:13Z,179.4,f0a9f20a-6902-4a08-8b86-d24e62aa8a3d,normal
EVT_003765,invoice.validated,CUST_0018,INV_38599,2024-05-28T17:12:11Z,353.86,3a3a34a7-78e8-4e50-88a6-35aad9048a16,high
EVT_003766,invoice.created,CUST_0067,INV_13463,2024-06-07T23:50:53Z,220.5,fc1196ab-159e-4ea1-b0ba-351eb3f203de,low
EVT_003767,invoice.validated,CUST_0072,INV_42721,2024-03-22T17:19:55Z,94.74,ef3bff54-2932-4177-88f2-cb84af7adafd,high
EVT_003768,invoice.paid,CUST_0069,INV_48424,2024-05-31T03:12:58Z,416.37,133916c4-74b8-44d1-9158-887de452ee54,normal
EVT_003769,compliance.failed,CUST_0080,INV_32426,2024-06-18T23:03:40Z,428.45,1977d461-3cd2-41de-957d-1fe6fdd2c841,critical
EVT_003770,compliance.submitted,CUST_0024,INV_52601,2024-01-28T14:25:24Z,175.77,cc8612bc-82f3-4588-9a33-d962c5529480,high
EVT_003771,invoice.rejected,CUST_0036,INV_24754,2024-03-10T03:24:35Z,165.39,d0bc7d3b-d285-4fb7-a43e-61092f61333b,low
EVT_003772,invoice.rejected,CUST_0028,INV_78076,2024-06-27T12:25:30Z,166.74,728d5059-8871-4306-8254-25eae9e1c95d,normal
EVT_003773,invoice.paid,CUST_0071,INV_35618,2024-05-17T22:51:56Z,20.42,5d6ec3c8-b921-4525-8196-492cb83c06e0,normal
EVT_003774,invoice.created,CUST_0069,INV_43829,2024-01-04T07:11:51Z,336.96,9312d65e-324e-415d-b166-54e5db6a3daa,high
EVT_003775,invoice.rejected,CUST_0053,INV_77798,2024-03-22T18:25:45Z,22.11,2fa80449-ac7b-42bc-b002-94f0550eec96,critical
EVT_003776,invoice.created,CUST_0030,INV_27074,2024-04-05T08:39:46Z,84.2,5892d050-9583-48d0-8318-18b205bc1b40,normal
EVT_003777,invoice.paid,CUST_0074,INV_62381,2024-03-26T21:06:14Z,2.83,b86ad436-f619-4972-9a25-9df61b8f5222,low
EVT_003778,invoice.rejected,CUST_0015,INV_43169,2024-05-25T11:58:32Z,40.16,96446a55-cb18-4711-b8c5-c98242f7c9e1,high
EVT_003779,invoice.paid,CUST_0028,INV_18970,2024-05-16T12:26:20Z,130.85,88d74bae-d8ec-40d1-9c15-5a47a45ef747,critical
EVT_003780,invoice.validated,CUST_0004,INV_59158,2024-06-15T22:42:52Z,251.91,df8286a1-d788-46e5-b98e-b75100601091,low
EVT_003781,invoice.rejected,CUST_0043,INV_92653,2024-03-07T08:24:52Z,14.21,d306d310-e099-4c57-a668-c8954b440156,critical
EVT_003782,invoice.paid,CUST_0065,INV_76395,2024-02-17T22:09:53Z,37.9,c6c82148-dc2b-43da-bbaf-81a3c335b9d5,critical
EVT_003783,invoice.rejected,CUST_0058,INV_13578,2024-01-18T09:07:22Z,411.12,8fe1bf09-2a4e-4fa2-9e71-28921cd8de71,high
EVT_003784,compliance.submitted,CUST_0036,INV_56422,2024-03-06T15:01:10Z,34.05,ff4bfaba-fdcc-4276-97fe-1b86bef0a652,low
EVT_003785,compliance.submitted,CUST_0012,INV_64219,2024-01-19T00:05:13Z,32.53,50141ee3-429f-40c6-822c-b7f0a0a55732,normal
EVT_003786,compliance.submitted,CUST_0067,INV_71810,2024-03-14T02:11:05Z,415.43,dc7fad63-97bf-4e58-8208-35c630333006,critical
EVT_003787,compliance.submitted,CUST_0027,INV_40376,2024-03-16T20:13:45Z,472.92,616de3d0-28a8-4b1f-ad06-b73a4923fad5,high
EVT_003788,compliance.submitted,CUST_0058,INV_35385,2024-01-05T04:05:08Z,13.67,394e8a62-f441-4aac-94f8-927da868c91e,critical
EVT_003789,compliance.submitted,CUST_0047,INV_24876,2024-01-07T10:28:22Z,111.78,ca86fcdc-aeb6-4a9b-b1dd-e0a5382df8d5,low
EVT_003790,compliance.submitted,CUST_0031,INV_92361,2024-02-23T10:02:00Z,90.8,7375d17f-2eca-4ad8-a085-61b6ecaa270c,critical
EVT_003791,compliance.failed,CUST_0005,INV_65046,2024-01-04T00:40:52Z,377.97,b1e2f17f-4922-49ac-83cb-ea04fa0cb66c,high
EVT_003792,invoice.validated,CUST_0016,INV_87845,2024-02-29T04:50:53Z,88.26,888a776f-662d-46e0-959d-dd8c809cb96e,critical
EVT_003793,invoice.rejected,CUST_0074,INV_28112,2024-03-04T22:39:49Z,197.15,d6ef21ed-16b0-47f3-ab5d-48ceeba9123a,high
EVT_003794,invoice.paid,CUST_0056,INV_54930,2024-01-26T07:51:02Z,51.16,a108a2bc-c382-4efb-be1f-6ebed3738bc3,low
EVT_003795,invoice.rejected,CUST_0058,INV_50112,2024-02-09T17:56:29Z,149.34,bbd42d82-f971-49e6-9a74-5662b6a59dc0,normal
EVT_003796,compliance.failed,CUST_0030,INV_25406,2024-03-01T18:53:35Z,40.99,136373b7-68c8-408e-b215-3cd468115804,critical
EVT_003797,compliance.failed,CUST_0036,INV_77421,2024-06-25T14:19:45Z,414.3,d48301ee-3037-41c7-ae9d-fe1462286596,low
EVT_003798,invoice.paid,CUST_0007,INV_11672,2024-01-18T13:44:54Z,232.27,6235d0ab-c563-4a34-8d0e-daf82fe0a090,high
EVT_003799,invoice.paid,CUST_0044,INV_19816,2024-03-28T02:01:44Z,467.21,d57f9d0a-0e51-493b-b33d-5cdcd9befe6d,high
EVT_003800,invoice.created,CUST_0072,INV_47803,2024-02-24T17:28:38Z,9.51,1bc37b56-9c01-4364-832c-66fbf84da026,high
EVT_003801,invoice.validated,CUST_0045,INV_81017,2024-05-30T06:29:17Z,252.72,de56e39f-a010-4129-8789-4d8b38001940,critical
EVT_003802,invoice.paid,CUST_0046,INV_96302,2024-06-15T21:18:18Z,25.11,d110f1cc-386c-43c2-922c-44ff15579e8a,low
EVT_003803,invoice.rejected,CUST_0018,INV_59592,2024-03-21T11:58:15Z,14.42,b17e297b-bf9a-4ae7-9389-e63540f1d777,low
EVT_003804,compliance.submitted,CUST_0044,INV_27025,2024-04-10T12:26:08Z,220.2,9141d43f-6d1d-4a4d-aae1-67c6f51ccbb6,critical
EVT_003805,compliance.submitted,CUST_0005,INV_87924,2024-05-11T02:21:38Z,189.85,b3e3c931-31e6-48bd-815d-ce4ef290d882,low
EVT_003806,invoice.created,CUST_0015,INV_19970,2024-03-21T21:07:57Z,279.43,d5abf9fb-1e19-4629-8f53-250e9d054a12,low
EVT_003807,compliance.submitted,CUST_0014,INV_41603,2024-04-23T02:45:23Z,136.48,63ff3495-9dc8-491b-9f7d-bf9c1d919266,normal
EVT_003808,invoice.paid,CUST_0039,INV_37903,2024-06-18T13:14:00Z,409.2,6912eaa8-1712-421a-a8ce-7e5e041ea142,high
EVT_003809,invoice.paid,CUST_0024,INV_97700,2024-02-16T19:57:32Z,410.5,e4ef7f8f-bc20-4843-9747-301ff58366ab,critical
EVT_003810,invoice.created,CUST_0059,INV_71440,2024-01-01T22:03:07Z,183.1,c8b7aea6-4e8c-4c9b-98b1-7a2e0496e1f6,normal
EVT_003811,invoice.created,CUST_0023,INV_30555,2024-03-05T22:06:38Z,5.24,1c6393a9-a7b5-4f80-819f-719b17b35274,normal
EVT_003812,invoice.paid,CUST_0022,INV_84940,2024-03-19T20:55:51Z,59.06,b79ae5b2-8449-46f6-9a0f-e2f303200e24,critical
EVT_003813,compliance.submitted,CUST_0003,INV_66410,2024-01-29T19:36:21Z,18.67,532b7d34-81b4-4a30-85bd-059b76529c8e,high
EVT_003814,invoice.paid,CUST_0059,INV_50296,2024-01-13T06:25:39Z,20.72,c3d96cae-4ae7-4624-8c20-7613d6cc0542,low
EVT_003815,compliance.failed,CUST_0002,INV_71916,2024-02-06T16:23:35Z,1.47,e5815d48-66cf-41d0-a395-5f55038ba33b,critical
EVT_003816,invoice.validated,CUST_0006,INV_73886,2024-06-06T10:20:03Z,397.03,16c2fcc8-d664-4496-957e-c203e7d8d461,critical
EVT_003817,compliance.submitted,CUST_0056,INV_39464,2024-05-25T22:03:28Z,462.28,b4d9acaa-2ba7-45ef-a943-de095712a694,low
EVT_003818,compliance.submitted,CUST_0074,INV_40746,2024-06-21T16:26:51Z,248.22,60a70ef4-4dce-42a2-92e3-08e4c030bc6f,critical
EVT_003819,invoice.rejected,CUST_0063,INV_80887,2024-05-20T07:15:48Z,413.44,2bec8cac-2dc9-445c-bb38-a8bea8a6bc9c,critical
EVT_003820,invoice.paid,CUST_0045,INV_47538,2024-01-12T12:11:44Z,90.35,48b17cfc-9945-4cc0-8fc1-c99ee0dd9e5b,critical
EVT_003821,invoice.paid,CUST_0018,INV_61795,2024-03-23T22:17:34Z,441.31,00e35185-a970-4667-b25a-3cc17dfd3b70,normal
EVT_003822,invoice.paid,CUST_0065,INV_86805,2024-01-20T23:50:30Z,14.3,33d325d9-ca72-4225-bd67-16abf2c8d483,normal
EVT_003823,invoice.validated,CUST_0040,INV_29551,2024-03-05T19:49:38Z,256.02,0f5be1f1-b6df-446d-841f-b35aafd4e150,normal
EVT_003824,invoice.validated,CUST_0008,INV_60979,2024-02-12T01:55:34Z,185.6,91fb00c3-9f19-473e-b2f4-89102fd28bc8,critical
EVT_003825,invoice.created,CUST_0029,INV_90188,2024-02-16T21:34:28Z,163.84,dac99c39-0b8f-4604-adbb-23a94326d697,high
EVT_003826,invoice.paid,CUST_0006,INV_39766,2024-05-22T05:25:17Z,306.96,9db3df95-1eca-4cdd-9a28-9b4e543fb4d3,normal
EVT_003827,invoice.paid,CUST_0035,INV_72735,2024-03-31T06:59:02Z,19.04,e886c9a2-c7e1-4db2-a30c-e4226a55a23e,critical
EVT_003828,invoice.created,CUST_0074,INV_18106,2024-04-25T06:09:55Z,36.29,2b0f59a6-a986-4954-b957-b1d0c83828af,critical
EVT_003829,invoice.validated,CUST_0053,INV_35444,2024-04-26T14:26:08Z,115.17,06c41fd8-3e47-484b-aa03-c5ce3a32402c,normal
EVT_003830,invoice.rejected,CUST_0020,INV_62461,2024-04-13T10:58:56Z,191.97,cd6a9ead-fd95-4145-a02b-4f2a02a5dde3,normal
EVT_003831,compliance.failed,CUST_0029,INV_33162,2024-04-06T13:33:02Z,10.13,2bfb1c19-5627-472c-8145-0b189ecb06de,normal
EVT_003832,invoice.paid,CUST_0030,INV_16973,2024-05-19T07:36:33Z,297.4,069ca33e-6258-4cc8-b3be-ad27db14f8c7,normal
EVT_003833,invoice.created,CUST_0033,INV_36792,2024-06-23T00:11:56Z,37.41,cf45531d-1879-4b10-82fd-d67ed900ac91,normal
EVT_003834,compliance.failed,CUST_0016,INV_80438,2024-05-02T18:31:31Z,127.2,9f7624d2-6e98-4733-852b-415e7adbe98d,critical
EVT_003835,invoice.rejected,CUST_0011,INV_94629,2024-01-25T19:58:34Z,132.11,40468200-f355-4cf0-a74b-f5eb4113b926,critical
EVT_003836,invoice.created,CUST_0029,INV_87652,2024-03-26T10:01:38Z,395.41,d1cffaf6-eb2d-4be5-b66f-ffc9af8babdb,low
EVT_003837,compliance.submitted,CUST_0062,INV_96340,2024-03-22T17:50:45Z,504.9,be08fc9f-cd03-4031-ba66-f920c0042b6c,critical
EVT_003838,compliance.failed,CUST_0038,INV_56732,2024-03-12T18:07:49Z,16.05,156ab0ed-7fa4-43cb-b92a-1a3e8e4871f2,high
EVT_003839,compliance.failed,CUST_0063,INV_80697,2024-05-09T06:19:47Z,119.54,583229e7-8799-4a9e-89a9-6544d417c7b6,high
EVT_003840,invoice.validated,CUST_0004,INV_29066,2024-03-03T18:15:44Z,402.08,57940da3-7aee-46f4-8664-52429cc46243,critical
EVT_003841,invoice.rejected,CUST_0067,INV_90837,2024-04-12T18:48:26Z,241.43,8780bf46-26d4-4fb4-b3d0-800d4362284a,normal
EVT_003842,invoice.validated,CUST_0074,INV_89066,2024-01-08T09:10:05Z,346.25,05b5fd4a-a360-4987-b0ab-b14723b8bf2d,normal
EVT_003843,compliance.failed,CUST_0028,INV_58797,2024-01-16T14:14:15Z,74.75,fc84fe21-ec59-4278-8988-863f0f33eb2b,critical
EVT_003844,invoice.rejected,CUST_0045,INV_20577,2024-06-03T22:20:00Z,34.37,f595f7eb-1e13-407c-ad9f-8c59b12ff595,critical
EVT_003845,compliance.failed,CUST_0056,INV_95111,2024-03-25T08:27:28Z,145.68,3928182d-783d-42e7-8fd3-5ae4052650dc,critical
EVT_003846,invoice.paid,CUST_0029,INV_64729,2024-02-27T19:12:58Z,458.6,fde94a52-4827-491c-8b16-7451e9445eb9,critical
EVT_003847,compliance.submitted,CUST_0032,INV_86490,2024-01-28T15:17:12Z,18.56,0dc588b7-de99-4850-a4b0-3101d1d70814,normal
EVT_003848,invoice.validated,CUST_0068,INV_50687,2024-03-06T00:58:33Z,8.19,a67bda1d-0692-42f9-ab9c-636c4f02d47a,high
EVT_003849,invoice.paid,CUST_0046,INV_41721,2024-04-19T21:39:20Z,264.24,ebb16589-85d4-4578-b789-0b23343c3354,critical
EVT_003850,compliance.submitted,CUST_0030,INV_43707,2024-04-25T20:13:17Z,31.14,31902696-2bae-4167-8749-c468f55b4aec,high
EVT_003851,compliance.failed,CUST_0042,INV_47486,2024-06-01T23:45:52Z,115.32,5cd07e35-d227-485e-8c1c-cd0bf4417b0e,normal
EVT_003852,invoice.created,CUST_0010,INV_77311,2024-04-01T06:01:59Z,25.04,8219b86f-2b31-4d2e-8864-a55b68c024d7,low
EVT_003853,invoice.paid,CUST_0019,INV_36741,2024-05-22T23:24:46Z,19.63,67bb3770-d5d3-49c1-ba41-ae0662a0f878,high
EVT_003854,invoice.paid,CUST_0050,INV_36855,2024-05-07T12:57:52Z,253.04,351b6a06-c6ef-448b-9bed-3e43f5f9be65,normal
EVT_003855,compliance.submitted,CUST_0037,INV_69246,2024-06-27T06:46:07Z,82.07,6bcd1f6d-a9ca-47ef-9041-81238cfa8ff2,critical
EVT_003856,invoice.created,CUST_0001,INV_86055,2024-06-03T18:02:53Z,294.34,1b5c1091-eb9d-41e1-ae97-2fbe36d50530,critical
EVT_003857,compliance.failed,CUST_0051,INV_13002,2024-05-19T19:25:53Z,37.64,3f418502-339a-4aeb-90c0-359d0a486048,critical
EVT_003858,invoice.paid,CUST_0040,INV_83088,2024-02-29T01:42:23Z,144.19,937995fe-1ee3-442b-8a44-165c80aa0983,high
EVT_003859,compliance.failed,CUST_0079,INV_46620,2024-03-11T12:00:58Z,448.03,c11ee0dc-ac4b-4dbb-8838-9abf90c55e24,low
EVT_003860,invoice.paid,CUST_0077,INV_22678,2024-02-08T09:56:35Z,492.57,5c0fadad-4d97-4f03-b4de-991918fed33c,high
EVT_003861,invoice.created,CUST_0072,INV_47429,2024-01-21T20:43:03Z,123.63,dc01f1af-33cc-4647-bbc7-d23407d4adf4,critical
EVT_003862,invoice.rejected,CUST_0056,INV_43415,2024-04-21T14:03:20Z,45.79,3723037d-f4aa-40b3-bc2e-2ef83a456d21,critical
EVT_003863,invoice.created,CUST_0071,INV_52674,2024-06-20T07:16:16Z,191.51,b31b2877-6e0b-4bd2-8cea-f1d7bce6b365,critical
EVT_003864,invoice.created,CUST_0056,INV_82499,2024-03-07T22:44:49Z,478.91,7d689ef7-1837-4423-b44d-99c3ca82400f,critical
EVT_003865,compliance.submitted,CUST_0057,INV_79293,2024-01-18T14:05:27Z,130.96,b5805eb1-e791-4e6c-9d7b-65fd22455a20,high
EVT_003866,invoice.rejected,CUST_0032,INV_56499,2024-06-07T07:31:06Z,358.53,f82c60ed-fac7-4415-8d2a-c51a7ef368ee,normal
EVT_003867,invoice.paid,CUST_0065,INV_30675,2024-01-08T21:06:05Z,274.8,517c772b-aad1-4995-a617-809012814f21,critical
EVT_003868,compliance.submitted,CUST_0036,INV_93857,2024-03-17T08:49:24Z,9.1,6d330cb7-a049-4189-8c00-367ff5a33a44,high
EVT_003869,invoice.paid,CUST_0033,INV_87970,2024-04-12T14:28:28Z,17.17,7c087912-2def-4188-aba9-076aad60f2cc,high
EVT_003870,invoice.validated,CUST_0050,INV_76113,2024-01-07T06:01:58Z,23.14,2dd665cd-0edd-4d90-8f67-d36309672d6f,high
EVT_003871,compliance.submitted,CUST_0040,INV_48107,2024-03-22T11:30:46Z,19.71,e2f13ae0-8bed-43c7-b12b-6f1174962833,normal
EVT_003872,invoice.rejected,CUST_0062,INV_67841,2024-03-19T03:08:20Z,14.53,405ef5e8-d670-4d3f-a7af-45576a7c85cb,low
EVT_003873,invoice.validated,CUST_0055,INV_33254,2024-01-16T17:47:04Z,6.67,766b7205-75d9-4b12-a631-3e62bc238d0e,critical
EVT_003874,compliance.submitted,CUST_0041,INV_63578,2024-03-09T04:28:03Z,419.0,ecf06496-fe0a-4e98-84e9-a782bca8131c,low
EVT_003875,invoice.rejected,CUST_0006,INV_26072,2024-06-01T23:32:55Z,140.33,5fb25d30-7647-452b-bc33-78185cf4bfdb,normal
EVT_003876,compliance.failed,CUST_0070,INV_96705,2024-03-21T18:37:31Z,65.06,53acef0d-d756-4047-8000-e16db88f09fa,high
EVT_003877,invoice.created,CUST_0001,INV_31934,2024-05-28T19:46:35Z,350.36,62d19541-dde3-4f5b-91b5-2574c3ce2ee3,low
EVT_003878,invoice.created,CUST_0014,INV_18988,2024-06-19T02:19:17Z,94.15,2815735b-977a-4d78-917b-b7015b082020,low
EVT_003879,invoice.rejected,CUST_0070,INV_83260,2024-01-18T23:44:44Z,3.69,b50deeb1-0eef-4417-82d0-f539c86da256,high
EVT_003880,compliance.submitted,CUST_0078,INV_25195,2024-04-20T08:01:27Z,110.18,ec1c2779-90a0-4ab2-9d48-c6a553796ce3,low
EVT_003881,invoice.created,CUST_0046,INV_85443,2024-03-06T06:04:25Z,5.65,549f6418-ee6c-43d6-a9df-6a11bdd5ba6c,critical
EVT_003882,invoice.created,CUST_0069,INV_75754,2024-03-26T01:19:52Z,22.22,fde98dec-9f67-44c9-8257-211a2f253a48,low
EVT_003883,invoice.validated,CUST_0040,INV_88308,2024-04-28T12:17:45Z,434.38,1bec4119-c190-4603-9ff1-ceb548a47789,high
EVT_003884,compliance.failed,CUST_0003,INV_23292,2024-04-05T05:24:34Z,30.41,b4ae9d7b-29ef-4116-97fb-e4f4abee51da,normal
EVT_003885,invoice.validated,CUST_0018,INV_46627,2024-01-15T09:55:01Z,242.05,f07ab5e9-d3e1-422d-a02f-d8ea24716487,high
EVT_003886,invoice.created,CUST_0006,INV_37944,2024-05-09T06:30:17Z,151.43,887cf56f-1991-48ad-9bc1-883579910541,critical
EVT_003887,compliance.submitted,CUST_0047,INV_55712,2024-04-11T09:23:48Z,19.88,605f75cc-8adc-4927-826e-9499f64f8f9c,critical
EVT_003888,invoice.created,CUST_0052,INV_33765,2024-01-21T15:00:22Z,431.08,649392c0-f7d2-4d6e-b476-eb30dc1676ea,low
EVT_003889,invoice.created,CUST_0030,INV_60899,2024-06-27T00:49:51Z,174.53,4bf6edb4-4575-4ea0-bbd4-5256bb0911a0,high
EVT_003890,invoice.created,CUST_0063,INV_32022,2024-05-10T20:00:55Z,215.0,81cf891e-777a-4f4b-a94c-ee029a8554c3,low
EVT_003891,invoice.created,CUST_0070,INV_97454,2024-01-16T21:32:10Z,36.76,670e929c-870d-45e5-9076-762f4b6c4d22,normal
EVT_003892,invoice.validated,CUST_0026,INV_52538,2024-01-12T12:17:55Z,181.22,59e1e14a-aa17-401b-a7ea-189b1b2cf104,normal
EVT_003893,invoice.validated,CUST_0008,INV_38988,2024-03-24T08:10:30Z,406.78,ac102419-8a1d-4ca3-8dce-e50547c8f7bb,critical
EVT_003894,compliance.failed,CUST_0072,INV_76177,2024-05-07T18:59:36Z,35.35,0b869103-7a09-488d-8463-781f69896532,critical
EVT_003895,invoice.paid,CUST_0014,INV_81771,2024-04-20T19:45:01Z,3.37,c22b1787-bbe7-42fc-9873-2a3ae64d2c6f,low
EVT_003896,invoice.created,CUST_0009,INV_38462,2024-01-28T09:01:21Z,50.88,1c3df0d8-0684-4cea-a27b-21dba3c4e717,low
EVT_003897,invoice.created,CUST_0072,INV_43183,2024-05-29T06:18:19Z,13.5,52b63d46-61c2-4e6e-be26-f61d4e25381e,low
EVT_003898,invoice.created,CUST_0079,INV_43640,2024-04-07T00:07:59Z,166.16,adbd2d74-2db0-4384-b74a-85a9d6b9f62b,critical
EVT_003899,invoice.rejected,CUST_0073,INV_46764,2024-03-04T05:47:38Z,28.74,cc8afa12-e286-4482-996f-ec0885212e95,high
EVT_003900,invoice.paid,CUST_0065,INV_27262,2024-01-07T17:51:38Z,118.51,0d568ccb-ce59-4762-91d1-9b328bb8deeb,normal
EVT_003901,compliance.submitted,CUST_0080,INV_55663,2024-05-03T19:47:43Z,280.46,dd33e326-692e-444d-b7a3-41855e84f8e4,high
EVT_003902,invoice.validated,CUST_0011,INV_97183,2024-02-29T05:37:54Z,52.41,e7b72510-9b8a-4d4d-9743-a416eb65c547,critical
EVT_003903,invoice.rejected,CUST_0056,INV_34973,2024-02-04T18:51:37Z,144.07,ad4a5724-a6e3-44da-9894-18169202f355,critical
EVT_003904,compliance.submitted,CUST_0078,INV_55271,2024-01-17T14:48:35Z,64.36,c086be64-6744-4be1-a86c-748a3d4975b4,critical
EVT_003905,compliance.failed,CUST_0018,INV_62540,2024-04-11T20:03:02Z,198.38,a8580770-f432-403f-9570-a44311dbecb2,high
EVT_003906,invoice.created,CUST_0075,INV_27662,2024-06-25T01:13:58Z,320.88,9bea2d47-2bc0-4319-aaaa-eb4ede0bd934,critical
EVT_003907,invoice.created,CUST_0050,INV_61148,2024-01-17T11:12:27Z,165.31,7d18866e-ccff-4007-90c9-cb65472bf431,low
EVT_003908,compliance.submitted,CUST_0025,INV_78431,2024-02-29T21:26:29Z,324.81,9d8c0e59-1f83-4c6e-aab1-402a089edbca,critical
EVT_003909,invoice.created,CUST_0062,INV_26375,2024-05-06T07:23:43Z,461.83,b5b2d823-da8e-45ec-b8d8-158d4b0f9c7a,critical
EVT_003910,invoice.validated,CUST_0038,INV_18245,2024-01-09T16:48:26Z,44.95,88ab9339-da4f-40dd-905c-6b310f665a4d,normal
EVT_003911,invoice.validated,CUST_0012,INV_52243,2024-05-19T04:31:23Z,8.25,60ac43d2-2c90-4b36-95ad-964c97d0cc64,high
EVT_003912,invoice.created,CUST_0050,INV_10090,2024-06-10T09:24:14Z,363.01,57334296-21fb-4717-9676-693de6c81a0a,high
EVT_003913,invoice.created,CUST_0077,INV_69325,2024-03-16T19:45:49Z,104.29,34a9092b-59ef-4235-af5d-55145fce287b,normal
EVT_003914,invoice.rejected,CUST_0002,INV_39840,2024-05-01T13:04:47Z,17.19,6e0231f4-74f9-4b3b-9166-374143766973,high
EVT_003915,invoice.paid,CUST_0048,INV_12183,2024-06-27T08:42:58Z,194.1,f973626c-7348-46fb-a921-e0ecddacbb8a,normal
EVT_003916,invoice.validated,CUST_0032,INV_26197,2024-01-30T00:21:42Z,245.83,5898162f-2cbe-49df-bf8a-cddc5e7686fa,high
EVT_003917,compliance.failed,CUST_0034,INV_39651,2024-06-21T15:32:01Z,286.48,b9662033-6273-4524-be04-4eb1788d440f,low
EVT_003918,invoice.created,CUST_0036,INV_80549,2024-06-16T09:46:06Z,269.4,e592a00f-3676-4cc4-82f9-c21ad7b5ced8,normal
EVT_003919,invoice.paid,CUST_0060,INV_87560,2024-06-19T02:13:36Z,38.34,87779778-9e07-4b8a-b80f-89683882bc68,normal
EVT_003920,invoice.created,CUST_0013,INV_65978,2024-06-29T04:39:17Z,72.09,b5500cfa-1fac-40b8-b668-a97257e7bed6,low
EVT_003921,compliance.failed,CUST_0065,INV_12030,2024-01-22T04:12:23Z,48.05,89ff6f62-a402-4784-a87a-f594f49cf001,high
EVT_003922,invoice.rejected,CUST_0021,INV_70707,2024-03-20T07:16:53Z,26.45,e24c28cc-3ee7-4b9a-b830-c8a12dc11030,high
EVT_003923,invoice.paid,CUST_0047,INV_69199,2024-04-07T20:30:22Z,48.65,1e8cc540-d571-4f3a-986b-4e329f6badc5,critical
EVT_003924,compliance.failed,CUST_0028,INV_49388,2024-05-28T23:37:08Z,244.84,3f276eed-35eb-4a5e-b850-2f14a11d7ebe,critical
EVT_003925,invoice.rejected,CUST_0020,INV_48722,2024-03-02T01:59:22Z,69.24,a23192b6-ce19-475b-b6d7-4f09f1768b1e,low
EVT_003926,invoice.paid,CUST_0009,INV_78994,2024-06-23T13:48:46Z,163.58,d44f1ac3-b840-4d97-b89f-c9218371e00c,low
EVT_003927,invoice.rejected,CUST_0032,INV_57909,2024-02-18T21:18:41Z,160.43,03f98808-47ea-43db-85fe-53e144334a74,normal
EVT_003928,invoice.paid,CUST_0001,INV_61997,2024-02-20T20:59:19Z,24.17,7fe6bf7c-eae9-46bb-bea1-322e1b6fc335,normal
EVT_003929,invoice.paid,CUST_0070,INV_49220,2024-04-16T00:27:37Z,16.73,8f883f5c-50ef-4f63-8948-7bd279c1ac74,normal
EVT_003930,invoice.paid,CUST_0008,INV_51078,2024-05-01T12:17:37Z,456.32,9c4e6194-202d-4ff6-af36-5d470fd2b268,critical
EVT_003931,compliance.submitted,CUST_0072,INV_34848,2024-03-10T21:17:29Z,166.57,14a3f31f-43d5-4faf-bff8-b9133f33bd44,normal
EVT_003932,compliance.failed,CUST_0013,INV_14517,2024-05-07T12:17:24Z,24.56,1468e4fb-246e-4490-b253-ab2ad6d9642c,high
EVT_003933,invoice.created,CUST_0034,INV_93305,2024-02-12T16:39:28Z,52.28,58842e89-a7c2-4425-994f-f9e64562ba94,high
EVT_003934,compliance.submitted,CUST_0046,INV_88315,2024-01-28T15:20:12Z,95.88,146b8046-b3f5-4e67-aa3b-2164b8a39e52,high
EVT_003935,invoice.created,CUST_0027,INV_88008,2024-02-11T11:08:18Z,39.99,2c200a50-8970-4d16-bfb1-01a6aaca88e3,high
EVT_003936,invoice.validated,CUST_0030,INV_46258,2024-02-14T02:16:37Z,189.93,f06e6714-8b51-47e0-a8fb-c965b31278d8,critical
EVT_003937,invoice.created,CUST_0004,INV_15991,2024-01-18T21:50:44Z,168.77,e9483e4f-38e2-42ff-bb4d-7ef85af54cc4,high
EVT_003938,invoice.paid,CUST_0077,INV_57749,2024-04-26T10:34:23Z,311.05,c58cc250-85c2-42ae-8a93-9d61bd0526ac,critical
EVT_003939,compliance.submitted,CUST_0009,INV_78615,2024-05-22T11:06:41Z,175.68,bc1e75ff-6234-4ebc-9e47-8858b3d1cd40,low
EVT_003940,invoice.rejected,CUST_0017,INV_85063,2024-01-23T10:45:06Z,124.87,d4ba71ae-a86d-43da-8d0e-665e91d3f0ae,critical
EVT_003941,invoice.validated,CUST_0029,INV_74362,2024-04-09T23:55:47Z,45.25,dd53b8d6-62b2-451b-804f-3610f997e297,normal
EVT_003942,invoice.validated,CUST_0016,INV_34407,2024-02-01T02:29:02Z,12.23,df13d307-46d1-4cb9-b4d5-3771fd114c01,critical
EVT_003943,invoice.paid,CUST_0002,INV_37097,2024-02-26T06:44:30Z,428.33,e39065ce-2cc8-41f7-98ca-c83356e65bfc,normal
EVT_003944,invoice.paid,CUST_0051,INV_50586,2024-04-17T21:10:11Z,23.53,91074e79-27e2-4f40-958f-7865e98e995c,critical
EVT_003945,invoice.paid,CUST_0003,INV_60462,2024-02-12T22:46:25Z,199.7,34145b23-df7f-4381-8b4d-08ba44b7da11,low
EVT_003946,invoice.paid,CUST_0001,INV_59496,2024-05-10T12:43:35Z,466.7,071e9da4-2461-41fd-9bf1-077f572d2d7a,normal
EVT_003947,invoice.validated,CUST_0016,INV_94543,2024-06-17T01:19:03Z,27.4,12f69633-209e-4963-b7ff-e7ea4051035f,critical
EVT_003948,invoice.paid,CUST_0069,INV_82823,2024-02-02T01:06:34Z,164.38,6ead2884-c614-4d65-bd1f-44671e3ac0aa,normal
EVT_003949,invoice.validated,CUST_0077,INV_11454,2024-02-09T23:59:06Z,312.37,8f56d3ee-a85f-4819-9c1a-e7e850419d5f,critical
EVT_003950,compliance.failed,CUST_0073,INV_14808,2024-02-02T06:04:51Z,45.11,2f68c448-8dbe-4bea-97c7-1f78fbc40a50,high
EVT_003951,invoice.validated,CUST_0070,INV_22386,2024-03-09T09:54:16Z,9.9,e6bb6431-004f-4bfc-bccf-9e208aad9ad1,high
EVT_003952,compliance.failed,CUST_0067,INV_46322,2024-06-06T13:16:11Z,228.57,8669e7ce-8002-4194-a703-fa4d162306c0,high
EVT_003953,invoice.created,CUST_0056,INV_30187,2024-03-09T06:02:05Z,77.2,17857181-225c-4996-9a55-862c38c029a9,normal
EVT_003954,compliance.failed,CUST_0060,INV_21579,2024-04-18T05:20:50Z,295.76,de80da39-cbe3-4d0c-b3f9-4da8957b4287,normal
EVT_003955,compliance.failed,CUST_0049,INV_79340,2024-02-19T00:21:49Z,426.7,a86ab099-1ee3-46c7-98fc-221bb06e6a3a,high
EVT_003956,compliance.submitted,CUST_0047,INV_91975,2024-05-23T07:51:22Z,35.78,1fdce059-c7be-42bb-8a63-407cd924b80c,normal
EVT_003957,invoice.validated,CUST_0064,INV_23684,2024-04-21T10:08:25Z,260.35,a2113bd5-83bf-47c7-96a0-7304200c393c,critical
EVT_003958,invoice.paid,CUST_0044,INV_33234,2024-04-21T21:17:21Z,119.18,23df1466-7713-4c7a-bf22-ee8aae39c8d5,critical
EVT_003959,invoice.validated,CUST_0047,INV_57301,2024-04-20T06:52:01Z,113.77,372df334-c221-4b59-8dfe-fa89ec811295,low
EVT_003960,compliance.submitted,CUST_0063,INV_19564,2024-02-19T20:57:17Z,453.98,6c6cec15-e648-46fb-a8d4-8caef6c522e3,low
EVT_003961,compliance.submitted,CUST_0071,INV_49030,2024-05-06T16:12:18Z,9.78,57a4851c-df8d-4702-acd0-463bd8f64ff8,normal
EVT_003962,invoice.created,CUST_0078,INV_99073,2024-04-27T20:30:31Z,40.76,3020d75f-469c-4355-af9d-072d0d162444,low
EVT_003963,invoice.created,CUST_0013,INV_39352,2024-01-15T13:30:22Z,30.88,b673fe70-5f6f-4a68-8372-cd64f3257fdd,high
EVT_003964,compliance.failed,CUST_0037,INV_36058,2024-02-05T14:50:22Z,21.22,3d67af88-ab9a-4222-b98d-f315657f52eb,high
EVT_003965,invoice.created,CUST_0075,INV_21407,2024-04-27T05:29:14Z,1.12,ec2a038e-d91d-41c7-a5d1-4be816bf3b9d,critical
EVT_003966,invoice.paid,CUST_0033,INV_89377,2024-06-09T07:11:42Z,506.0,bd698a0d-6c08-4572-a4d5-c4bcb03b47c5,low
EVT_003967,invoice.paid,CUST_0044,INV_39382,2024-06-24T21:02:11Z,319.0,978015d1-5eea-415c-bac6-a502497f81c4,critical
EVT_003968,invoice.validated,CUST_0060,INV_60738,2024-05-09T09:12:51Z,196.67,a28ebc30-9806-4b66-af57-f0e844c4d5c7,low
EVT_003969,invoice.validated,CUST_0006,INV_35384,2024-06-04T12:45:37Z,23.45,14e37181-d737-40ff-b638-567d12cc8b1f,low
EVT_003970,invoice.paid,CUST_0047,INV_84398,2024-04-08T19:43:33Z,197.14,4852114a-9941-4ed6-8ef8-c04f8eb4b91e,critical
EVT_003971,compliance.failed,CUST_0014,INV_57714,2024-05-09T01:08:05Z,18.73,696e4c41-f664-4a25-95cf-e8b56637c56f,critical
EVT_003972,invoice.created,CUST_0060,INV_25156,2024-01-02T09:08:56Z,96.24,56803946-484d-4a8a-ab65-4d885d2deb3d,critical
EVT_003973,invoice.validated,CUST_0027,INV_64225,2024-05-01T10:20:38Z,194.96,ca2c2252-4f22-4744-aa08-ffe297be4565,critical
EVT_003974,compliance.failed,CUST_0066,INV_80259,2024-04-17T03:41:21Z,43.51,a676c960-2618-427c-b98f-59f94d21cc6c,low
EVT_003975,compliance.failed,CUST_0068,INV_89292,2024-03-07T14:36:00Z,191.26,05c66db1-f608-4a19-9d59-053c6c4d043f,high
EVT_003976,invoice.validated,CUST_0028,INV_63834,2024-05-15T07:36:28Z,182.56,27b563dd-27fa-4cba-819b-a00dfb74a069,normal
EVT_003977,invoice.paid,CUST_0020,INV_74591,2024-04-05T03:34:33Z,182.75,643e7050-b850-4281-8b13-f4ddddf3da34,critical
EVT_003978,invoice.rejected,CUST_0034,INV_77927,2024-05-22T18:59:17Z,161.21,2e1ab3c2-8c11-42d5-9207-40ef4049c6f1,high
EVT_003979,invoice.created,CUST_0057,INV_55727,2024-05-24T14:00:05Z,144.25,6771d0dd-7e80-4ccc-974f-9645929e9bf3,critical
EVT_003980,invoice.rejected,CUST_0033,INV_94905,2024-06-16T16:21:42Z,145.78,3c8a38e4-9880-4ab5-b68d-e6ea680b2207,normal
EVT_003981,invoice.validated,CUST_0057,INV_88710,2024-04-06T03:35:22Z,285.14,5a256adb-dccb-4511-ac1b-35a935296c14,critical
EVT_003982,invoice.validated,CUST_0041,INV_94106,2024-06-19T14:04:59Z,99.91,1ee013fe-969a-4712-90a7-7a8322dd6df4,high
EVT_003983,invoice.created,CUST_0036,INV_73181,2024-04-17T13:40:01Z,26.72,58485b89-5919-4c99-b579-c7e3b4988d6f,high
EVT_003984,invoice.validated,CUST_0052,INV_34448,2024-04-22T16:36:28Z,68.13,7df52da7-d60d-49fa-ad4c-7990645278ab,high
EVT_003985,compliance.failed,CUST_0068,INV_46267,2024-01-09T07:55:32Z,40.76,ab43a025-1293-4cf4-98be-0fb62a67440f,low
EVT_003986,invoice.rejected,CUST_0036,INV_10171,2024-01-17T23:07:56Z,255.12,43950a31-c286-4628-87c9-2deaacef41a9,high
EVT_003987,invoice.created,CUST_0004,INV_16014,2024-03-02T00:23:58Z,327.17,171189df-ee14-4d1b-981b-fed22c7f20d1,normal
EVT_003988,compliance.failed,CUST_0069,INV_86208,2024-03-28T18:15:57Z,80.31,35a79e36-096f-483c-ae6c-fba3d85db709,critical
EVT_003989,invoice.paid,CUST_0036,INV_44927,2024-05-05T18:35:18Z,199.67,fe8235be-ae4d-4b80-8392-b066722c19c6,critical
EVT_003990,invoice.validated,CUST_0005,INV_27890,2024-02-18T02:05:10Z,444.54,513e47dc-da39-4036-9f75-b7e3ae0c327d,critical
EVT_003991,invoice.rejected,CUST_0034,INV_87940,2024-01-22T15:26:17Z,497.94,007cea4a-24fb-4d8f-acf2-cd9742e517c7,high
EVT_003992,invoice.created,CUST_0009,INV_12771,2024-01-11T08:43:58Z,214.02,4d1e1ea9-5b66-4230-98d3-d389ab26f968,low
EVT_003993,invoice.created,CUST_0077,INV_61346,2024-03-04T16:06:54Z,127.66,55fed82c-0d8d-4cbc-80cb-9364613ca650,critical
EVT_003994,invoice.paid,CUST_0073,INV_36500,2024-05-03T01:56:37Z,26.4,d0046321-c03b-4d2e-ad25-15e643aa2ff8,critical
EVT_003995,invoice.rejected,CUST_0012,INV_38175,2024-02-21T04:23:55Z,117.08,c94d49eb-0b63-4878-8022-7c28461a458c,critical
EVT_003996,invoice.validated,CUST_0068,INV_54747,2024-04-24T13:47:43Z,307.31,27af4588-9ff7-45b8-b8d0-89673024cab9,normal
EVT_003997,invoice.validated,CUST_0053,INV_71255,2024-01-07T03:45:10Z,110.52,35fb91e0-f6f0-416b-9a96-c1a3829f614f,critical
EVT_003998,invoice.paid,CUST_0061,INV_21166,2024-01-12T17:46:33Z,32.19,f123b120-7eaf-4050-bc2c-74945ea2f308,normal
EVT_003999,invoice.validated,CUST_0077,INV_62314,2024-02-05T09:44:07Z,46.2,6acfdaf4-a233-4b90-8160-846cc85ea5d1,normal
EVT_004000,invoice.rejected,CUST_0063,INV_57699,2024-03-30T15:46:28Z,501.2,f2b185ae-ae6e-4113-beaf-188182eac796,low
EVT_004001,invoice.validated,CUST_0027,INV_75303,2024-06-25T13:18:12Z,202.8,48c26ee5-7cba-4bf7-ba6d-e9aecdbb5a87,low
EVT_004002,invoice.created,CUST_0063,INV_15881,2024-04-22T09:18:30Z,163.08,63792075-1390-48d2-be44-63c945230814,low
EVT_004003,invoice.paid,CUST_0004,INV_45039,2024-06-07T23:16:41Z,3.0,d1d9d5e3-8ae4-4ea6-ae67-630adde318d0,high
EVT_004004,compliance.failed,CUST_0057,INV_45245,2024-04-13T02:12:39Z,79.44,5d3ed003-0696-469c-9c33-ae201db1fb35,high
EVT_004005,invoice.paid,CUST_0060,INV_53065,2024-02-11T08:57:46Z,153.51,68990c84-c4c0-4bc0-9593-436daf96aaa6,high
EVT_004006,invoice.paid,CUST_0080,INV_34209,2024-01-26T02:33:50Z,142.15,ad67a82e-4847-4a15-886a-2aac25c568d0,normal
EVT_004007,invoice.rejected,CUST_0050,INV_42204,2024-06-05T00:59:39Z,353.64,4b930cfd-7332-4fb8-b429-45ae3b6c5088,high
EVT_004008,invoice.rejected,CUST_0080,INV_44221,2024-04-07T14:10:22Z,371.86,a00ad1fe-6cfa-4224-9b13-faad7f96797d,high
EVT_004009,invoice.created,CUST_0076,INV_36201,2024-02-11T20:49:30Z,210.51,39c0f6e4-387c-434e-a103-6c57cc1211fd,high
EVT_004010,compliance.failed,CUST_0056,INV_54863,2024-01-01T23:40:09Z,8.57,4876faf2-4e89-4164-b65f-34711f14f625,high
EVT_004011,compliance.failed,CUST_0021,INV_14949,2024-02-10T03:23:50Z,386.61,ee1ac692-d939-448c-af55-9cc6f1de2913,critical
EVT_004012,invoice.validated,CUST_0049,INV_12795,2024-02-08T00:39:03Z,48.01,d7a956da-10ab-4577-83e4-d02fcef4380d,high
EVT_004013,invoice.rejected,CUST_0052,INV_10421,2024-03-09T11:20:52Z,386.34,98528f87-4e84-4f06-8e3b-366575aee797,low
EVT_004014,invoice.created,CUST_0046,INV_33593,2024-02-23T10:25:29Z,34.45,390c4c77-5fc6-42f2-8706-5ae6ba3bb0cc,normal
EVT_004015,invoice.validated,CUST_0078,INV_22244,2024-03-10T09:03:27Z,188.21,bbfa2858-5edd-47b5-966f-6873361bd253,normal
EVT_004016,compliance.failed,CUST_0026,INV_79690,2024-01-16T05:18:20Z,55.85,ac2cdcc7-d6af-428e-b8c2-14a19585f2c2,normal
EVT_004017,compliance.submitted,CUST_0008,INV_26311,2024-02-28T10:33:31Z,39.31,a1bfbb58-7d69-410b-a945-762f76ebb59b,high
EVT_004018,invoice.rejected,CUST_0039,INV_68757,2024-04-13T01:10:44Z,127.43,ad29f980-b896-4d6a-b199-30474c85cd38,critical
EVT_004019,compliance.submitted,CUST_0027,INV_29708,2024-04-23T23:12:42Z,157.5,63c4b1f9-4edb-4569-9c38-40a0f859dd0e,normal
EVT_004020,invoice.created,CUST_0068,INV_59118,2024-06-10T03:27:41Z,351.64,8640bc7e-a69f-469e-8ae8-f01b817e73ef,normal
EVT_004021,invoice.validated,CUST_0066,INV_67224,2024-06-18T00:04:38Z,46.66,20276921-5683-453e-aa94-866ed5915924,high
EVT_004022,invoice.rejected,CUST_0024,INV_57858,2024-06-18T02:19:40Z,441.49,c8d91a7f-19b1-47c6-8a7c-b05d2a3b4e4a,low
EVT_004023,invoice.rejected,CUST_0044,INV_87561,2024-06-24T18:50:04Z,360.15,f20df09b-12de-4d15-a323-44408efa95ff,critical
EVT_004024,invoice.rejected,CUST_0080,INV_44314,2024-03-04T18:11:51Z,118.02,f072f980-7bf9-4031-bcff-bcba1ed6c1f5,low
EVT_004025,compliance.submitted,CUST_0038,INV_46926,2024-04-09T12:25:02Z,67.27,b7ebf23e-50f9-4ba6-a241-fcbcd4af8653,low
EVT_004026,invoice.validated,CUST_0066,INV_95774,2024-04-21T02:13:09Z,13.51,3b9dfafe-cba0-408f-bd0c-cd8a6458f176,high
EVT_004027,invoice.paid,CUST_0004,INV_88074,2024-03-27T03:25:03Z,309.92,4e3fef55-158e-4148-9817-1033c782efb3,normal
EVT_004028,invoice.rejected,CUST_0048,INV_76624,2024-06-16T04:17:01Z,358.43,166b0aa9-1628-4321-9168-1711a8d5302d,normal
EVT_004029,invoice.paid,CUST_0020,INV_53219,2024-03-27T17:28:40Z,165.15,880bc45f-aba6-4a9a-9082-92794b4c915e,critical
EVT_004030,compliance.submitted,CUST_0035,INV_33582,2024-03-13T06:07:47Z,19.13,1572350e-124a-4184-b345-d479f0c892ad,critical
EVT_004031,invoice.rejected,CUST_0019,INV_86912,2024-06-14T08:23:53Z,385.99,9cea2381-6373-4bd6-b2de-7284b0ccc24f,low
EVT_004032,invoice.created,CUST_0003,INV_47358,2024-04-05T19:41:21Z,183.91,f2ea46ed-8aeb-4747-988e-fc527f5aabe4,high
EVT_004033,compliance.failed,CUST_0073,INV_64533,2024-05-13T14:15:39Z,23.63,79f00070-ffd9-4c53-89f6-fd761af64d7f,critical
EVT_004034,invoice.validated,CUST_0055,INV_98833,2024-01-26T17:49:46Z,168.21,d9791991-97a2-4cdd-93be-b5ad0253d403,low
EVT_004035,invoice.rejected,CUST_0020,INV_86824,2024-03-05T01:24:31Z,185.25,fc74176b-fe78-47c2-baf2-12bfdd0fb9aa,critical
EVT_004036,compliance.submitted,CUST_0058,INV_12729,2024-02-21T04:02:00Z,19.4,50a98fe1-6952-44a4-bda0-7ef33d13f1d6,critical
EVT_004037,invoice.paid,CUST_0019,INV_62075,2024-05-11T22:53:09Z,170.79,c0f80a97-2938-4656-9565-6e5e505cc7d3,low
EVT_004038,invoice.created,CUST_0026,INV_75068,2024-02-23T15:40:29Z,145.55,0e8e8fe1-eae1-461c-bb61-539737f2f1f8,high
EVT_004039,compliance.submitted,CUST_0047,INV_41543,2024-03-06T07:41:27Z,102.98,43ffbc07-dff6-412c-b4c9-9d8645d73f49,high
EVT_004040,invoice.validated,CUST_0056,INV_26125,2024-06-04T14:53:18Z,21.77,d5c7d157-afa2-4c0d-96b1-ef9befa761c2,normal
EVT_004041,compliance.failed,CUST_0048,INV_73393,2024-06-03T05:51:19Z,329.36,516afc7e-7122-46e5-a794-78c5a2795dc9,low
EVT_004042,compliance.submitted,CUST_0072,INV_56677,2024-06-08T07:12:41Z,450.7,58a5a36d-8510-4918-86d1-202d0b3b50e1,low
EVT_004043,invoice.paid,CUST_0004,INV_16660,2024-04-07T14:56:52Z,61.92,c450bea6-6dbe-437f-9efc-4ac8a66e36a7,critical
EVT_004044,invoice.validated,CUST_0072,INV_22253,2024-03-03T08:14:52Z,31.66,f861c472-fb7d-422d-9069-15b247b0f740,critical
EVT_004045,invoice.created,CUST_0072,INV_90748,2024-03-15T12:14:38Z,221.39,7ee52e77-88d7-4b17-9e3d-2436f707696d,critical
EVT_004046,compliance.submitted,CUST_0005,INV_77849,2024-04-11T15:44:36Z,49.18,dc07af4a-8e92-4d48-9a01-bbb89a01a567,low
EVT_004047,invoice.rejected,CUST_0005,INV_82334,2024-03-12T13:35:07Z,10.65,b68b180c-2213-40f1-b12a-c54a4b5498d2,normal
EVT_004048,invoice.paid,CUST_0006,INV_47360,2024-02-01T09:52:19Z,259.24,53da3916-7af7-4b2f-9465-56cf468ff365,normal
EVT_004049,invoice.paid,CUST_0028,INV_41849,2024-04-20T19:29:11Z,483.81,0d213387-0df5-43fe-8e1e-e3b802092e40,normal
EVT_004050,compliance.failed,CUST_0070,INV_68660,2024-04-18T20:11:42Z,26.42,c990d8b2-5c35-4b3f-9b99-5b435c1ab830,normal
EVT_004051,invoice.rejected,CUST_0068,INV_68955,2024-02-27T16:50:20Z,162.9,f321bf05-54b5-4b23-8054-87b414e1accc,critical
EVT_004052,compliance.failed,CUST_0052,INV_45778,2024-02-18T05:56:05Z,430.61,115e7f50-038b-4155-ad98-abbb7dd2a6f8,normal
EVT_004053,compliance.failed,CUST_0039,INV_22151,2024-04-09T12:26:23Z,77.95,cd1fdc7b-8d17-49b3-86df-112d58a68148,high
EVT_004054,invoice.validated,CUST_0062,INV_64136,2024-02-24T00:00:44Z,280.39,84262bba-8377-49ae-a5b4-282729ae845c,normal
EVT_004055,invoice.paid,CUST_0022,INV_88547,2024-05-27T21:25:54Z,338.01,cbc2036d-545a-4bef-ba6c-cd1455090d12,high
EVT_004056,compliance.failed,CUST_0067,INV_82045,2024-01-19T01:03:32Z,294.33,26ad7df1-1b6d-4274-9ca3-79478ab217e8,normal
EVT_004057,compliance.submitted,CUST_0040,INV_68440,2024-03-16T09:00:18Z,95.89,078c0503-4921-4b3f-9f47-852825f93a21,normal
EVT_004058,compliance.failed,CUST_0073,INV_53903,2024-04-29T17:35:07Z,171.56,d07f8f0e-4061-4e73-a414-9c1638204ad5,critical
EVT_004059,invoice.validated,CUST_0040,INV_35688,2024-05-06T21:58:15Z,51.54,b55b2460-24e3-4b54-b7bd-e5a744f4a367,low
EVT_004060,invoice.paid,CUST_0072,INV_45162,2024-04-19T18:42:16Z,321.83,b8a18706-6e66-4fb8-b056-d5e65020e2f0,low
EVT_004061,compliance.submitted,CUST_0016,INV_33863,2024-05-08T09:49:34Z,42.15,234de072-d035-47fb-b015-c628c1dcc3e1,normal
EVT_004062,compliance.submitted,CUST_0035,INV_74309,2024-03-15T12:12:43Z,7.73,0f1b3883-55c4-4ff9-8f87-b79102aecb32,normal
EVT_004063,compliance.submitted,CUST_0063,INV_45368,2024-05-17T06:52:14Z,3.61,39be720d-0dc8-4a17-923d-af4533fa69e3,critical
EVT_004064,invoice.rejected,CUST_0063,INV_78265,2024-06-27T15:07:34Z,124.37,413bdf45-51ed-43ce-980f-1790c6925bf2,high
EVT_004065,invoice.paid,CUST_0042,INV_99979,2024-04-23T10:12:15Z,183.42,91c2d933-3ef1-49d9-b643-8d9edc15775b,critical
EVT_004066,invoice.paid,CUST_0048,INV_75852,2024-06-09T07:55:22Z,151.55,d308b24d-1e1e-4966-9196-e42948b72223,high
EVT_004067,compliance.failed,CUST_0009,INV_27270,2024-06-14T00:01:36Z,145.58,bca8770d-9c42-4afa-96ef-665aa5faa2d7,high
EVT_004068,invoice.rejected,CUST_0033,INV_38158,2024-04-26T19:54:45Z,48.44,c8d24f99-cb30-47c1-8094-6e97d173c523,high
EVT_004069,invoice.rejected,CUST_0053,INV_66936,2024-01-21T20:23:04Z,18.4,d8bc8a9e-3fa4-4c52-90d3-5580f679ebb8,low
EVT_004070,invoice.validated,CUST_0008,INV_21505,2024-02-26T16:04:11Z,126.52,e1d8e56f-0a00-403d-9232-9047f0fbe3f8,low
EVT_004071,invoice.created,CUST_0048,INV_42710,2024-01-27T15:48:31Z,228.92,a3f79a57-eaec-40f9-bb25-066659485e52,high
EVT_004072,invoice.rejected,CUST_0003,INV_63588,2024-06-05T05:05:09Z,269.83,f60ff3b4-9c26-41eb-90f7-2f113e319bd7,high
EVT_004073,invoice.created,CUST_0007,INV_92039,2024-04-15T12:32:05Z,13.89,397f4c10-11a2-42db-a2eb-f8c511e2ff67,critical
EVT_004074,compliance.failed,CUST_0055,INV_36845,2024-03-20T18:15:52Z,384.41,36ac3a75-d4ac-4374-94b7-a2a8043f2153,low
EVT_004075,invoice.validated,CUST_0036,INV_36798,2024-01-26T00:30:56Z,212.65,201bacb7-76ee-4803-b1b3-da2ee8a946b3,low
EVT_004076,invoice.created,CUST_0063,INV_57661,2024-01-09T09:24:33Z,140.47,2dba27fc-3a5f-439c-8012-291cce45e0f0,critical
EVT_004077,invoice.paid,CUST_0038,INV_57428,2024-04-22T16:45:40Z,53.14,45c3cd8b-c78f-4af0-8576-ae23f3d2e41f,low
EVT_004078,compliance.submitted,CUST_0024,INV_91321,2024-03-09T05:23:47Z,22.03,3a7a0763-ff24-4bca-a842-e9265ba6d8e4,high
EVT_004079,invoice.validated,CUST_0065,INV_15865,2024-06-08T13:04:41Z,180.1,e16d4a77-31b3-46bc-b9f6-fdd96c95e561,high
EVT_004080,invoice.created,CUST_0016,INV_66112,2024-02-12T21:07:13Z,4.76,59218262-100d-43e0-96b1-7b2edcee7c5d,low
EVT_004081,compliance.submitted,CUST_0052,INV_69739,2024-04-16T18:03:56Z,170.54,566a2bdf-f63e-44cf-adf8-4329505e16a0,low
EVT_004082,invoice.validated,CUST_0037,INV_30315,2024-03-27T19:13:25Z,86.87,7370a3bb-c73b-4826-9cdb-431787b17788,high
EVT_004083,invoice.created,CUST_0032,INV_33542,2024-06-04T07:34:14Z,21.27,257abb64-1be8-4a42-a1f1-0cdea37fd7c0,normal
EVT_004084,invoice.paid,CUST_0029,INV_21330,2024-02-09T01:52:32Z,45.31,db32c86f-09db-4141-9d94-3acf79b47dd1,critical
EVT_004085,invoice.paid,CUST_0019,INV_52711,2024-02-18T15:37:56Z,17.26,5364dfc7-2eb4-46bf-b175-5894f976580e,low
EVT_004086,compliance.failed,CUST_0031,INV_72006,2024-03-19T16:17:14Z,37.62,3b6d7580-878a-4280-95ec-d470ee53ad58,low
EVT_004087,invoice.rejected,CUST_0001,INV_99808,2024-06-21T16:14:56Z,213.0,97e6e8df-561f-4e6f-9f63-f3d0869fe171,low
EVT_004088,invoice.created,CUST_0041,INV_19305,2024-03-30T18:45:19Z,62.48,28154f5a-5907-46ce-bdd5-0625c4859e6a,critical
EVT_004089,invoice.validated,CUST_0077,INV_41578,2024-02-09T08:13:42Z,18.88,b54b6d0e-7a03-4052-ba0c-12d2e70c8a4d,normal
EVT_004090,invoice.rejected,CUST_0003,INV_45735,2024-05-02T06:21:10Z,26.96,c105ed79-e486-412b-b93c-d984c016ad12,critical
EVT_004091,invoice.created,CUST_0043,INV_67981,2024-04-01T20:42:51Z,468.53,e1b49b9a-1661-4189-a787-1ac46ae9e8dc,normal
EVT_004092,invoice.rejected,CUST_0005,INV_33152,2024-01-29T17:17:25Z,89.76,bfc1c566-ed47-4c15-aef6-52d21d9ef2df,high
EVT_004093,invoice.created,CUST_0015,INV_28701,2024-04-21T08:52:35Z,467.13,1e536ff6-c2ad-4690-a250-140dc8e03808,low
EVT_004094,invoice.rejected,CUST_0042,INV_81352,2024-05-17T21:16:54Z,230.74,a989e899-5c87-4afa-bbf8-a35245a73c6e,normal
EVT_004095,invoice.paid,CUST_0025,INV_57844,2024-02-25T05:33:17Z,36.45,383215ce-a27a-411b-a621-860474873220,low
EVT_004096,compliance.failed,CUST_0041,INV_58274,2024-04-03T14:15:16Z,35.3,0bc15efe-6d4c-4d14-ae66-2be5b8dc0c06,low
EVT_004097,compliance.submitted,CUST_0074,INV_46937,2024-06-08T03:45:38Z,165.66,bf056e5f-ccc5-4438-b6cf-a921590a2323,critical
EVT_004098,compliance.failed,CUST_0005,INV_29231,2024-05-04T05:37:33Z,458.48,adfb848a-0c08-4103-9603-1604f8a7ce00,high
EVT_004099,invoice.created,CUST_0057,INV_34108,2024-01-12T22:33:11Z,394.19,23c99039-87df-4aea-9780-3c88f6caec26,normal
EVT_004100,compliance.failed,CUST_0028,INV_84107,2024-06-27T17:29:41Z,400.29,00d59df3-499b-465f-bd8e-b4ea7a9c0574,high
EVT_004101,invoice.created,CUST_0049,INV_69508,2024-04-12T18:11:09Z,211.48,1fcead58-9f47-4ea2-ae35-57ffb5a55c73,low
EVT_004102,invoice.validated,CUST_0064,INV_83767,2024-05-23T14:18:16Z,12.71,aff3ebba-cdd5-440e-bea1-05b9a0234764,high
EVT_004103,compliance.submitted,CUST_0047,INV_21005,2024-06-22T07:15:29Z,38.95,6ec61aba-815d-494a-9fb6-12d02575fb5c,low
EVT_004104,invoice.validated,CUST_0063,INV_59255,2024-04-24T08:16:38Z,361.97,a5907a44-f3b2-431a-8cbb-7000958aaaca,high
EVT_004105,invoice.paid,CUST_0039,INV_55925,2024-01-09T09:08:30Z,170.22,c2d9898b-03df-4337-9087-1e59bc97e149,normal
EVT_004106,invoice.validated,CUST_0043,INV_58314,2024-04-20T20:44:41Z,149.59,a1d7f112-1655-48fc-b6bb-c0529fe6bf08,high
EVT_004107,invoice.rejected,CUST_0001,INV_61374,2024-04-21T22:54:52Z,367.85,18b2c638-1e2a-4f27-994e-5f6d7995e63c,high
EVT_004108,compliance.failed,CUST_0055,INV_33892,2024-01-29T14:01:28Z,137.15,58e595cc-88d1-43cb-9947-825bbd5efc75,low
EVT_004109,compliance.failed,CUST_0017,INV_96199,2024-06-10T04:59:16Z,19.77,e7df79e3-ff22-4f4e-8c42-031afd648a48,critical
EVT_004110,invoice.created,CUST_0066,INV_25406,2024-06-16T03:20:37Z,2.29,37d7dd8a-0d2d-46da-8e00-e74af6906431,critical
EVT_004111,compliance.failed,CUST_0001,INV_18913,2024-04-24T02:34:39Z,201.09,d4b314b0-95ac-4890-8b54-8a021cc9c947,low
EVT_004112,invoice.created,CUST_0060,INV_35730,2024-01-10T12:09:49Z,49.74,8134be4a-18b9-4062-bdbd-f7e3d7a28924,low
EVT_004113,compliance.failed,CUST_0045,INV_97422,2024-06-29T09:45:52Z,119.27,736e5f9f-8f29-4a82-8c7e-5d440cfc88cf,low
EVT_004114,compliance.failed,CUST_0011,INV_87158,2024-02-23T21:23:04Z,23.74,ef09007d-b0e2-4078-9dd7-3945bb9931d0,low
EVT_004115,invoice.paid,CUST_0073,INV_94866,2024-03-06T05:10:54Z,160.29,3b346427-3578-4b72-876e-2a9256d63df0,critical
EVT_004116,invoice.paid,CUST_0004,INV_36513,2024-04-05T07:33:35Z,312.95,15b6a563-84b4-4204-8a2e-2b4d978abe0c,low
EVT_004117,invoice.validated,CUST_0076,INV_29568,2024-06-07T17:31:31Z,2.81,d6867d30-7637-4a7b-9594-00e29a1cfbdf,normal
EVT_004118,invoice.validated,CUST_0048,INV_84571,2024-03-18T22:02:43Z,448.69,79dd8903-42d8-435e-b19e-b4ea39c5f3f0,normal
EVT_004119,invoice.created,CUST_0046,INV_75010,2024-01-09T17:10:24Z,433.07,305562e9-9341-4b77-aab4-b5d1d3e44186,critical
EVT_004120,invoice.rejected,CUST_0061,INV_80954,2024-02-06T17:26:27Z,235.26,67782527-5b79-4e77-b0d4-adeade6bf108,critical
EVT_004121,invoice.paid,CUST_0034,INV_46982,2024-04-08T22:52:15Z,316.63,39932827-e5f7-491a-b688-04e2c46e2699,high
EVT_004122,invoice.validated,CUST_0071,INV_80391,2024-02-29T14:14:02Z,107.99,e1f8564b-8137-415c-a7d8-3cd664658587,low
EVT_004123,invoice.validated,CUST_0023,INV_14731,2024-03-09T02:13:51Z,141.75,4880c106-e41d-483f-9fa4-432e91b845bf,high
EVT_004124,compliance.submitted,CUST_0055,INV_26133,2024-05-04T08:32:10Z,8.29,3fce9c0b-2709-499e-b101-3fb02e44184e,critical
EVT_004125,invoice.validated,CUST_0075,INV_37632,2024-04-21T16:36:27Z,19.11,abec3f5b-abcc-4740-833c-bac8a8356ff7,normal
EVT_004126,compliance.submitted,CUST_0072,INV_38409,2024-04-02T21:27:35Z,365.48,77829c04-4aa3-44f9-a10b-052f84caf662,critical
EVT_004127,invoice.validated,CUST_0048,INV_53178,2024-02-15T01:51:49Z,42.31,081622fe-0bce-4a3c-ad1a-b6766199bc73,normal
EVT_004128,invoice.rejected,CUST_0077,INV_81940,2024-05-11T04:13:46Z,47.85,17da5521-241b-41ef-8841-62abc65bd881,normal
EVT_004129,invoice.paid,CUST_0072,INV_87449,2024-01-31T14:40:20Z,138.39,3640701f-8544-40da-b606-432463b881dd,low
EVT_004130,compliance.submitted,CUST_0058,INV_31653,2024-02-14T19:24:41Z,70.62,cb257b54-4dbb-42e1-91d2-387572c6be99,critical
EVT_004131,invoice.rejected,CUST_0066,INV_11058,2024-03-24T18:56:33Z,286.39,220f41e3-6bd3-407d-a0f8-44abb39a9e60,critical
EVT_004132,compliance.failed,CUST_0048,INV_94983,2024-06-11T10:21:43Z,350.49,db29a5be-41ad-400e-9137-5dbfa54aea98,critical
EVT_004133,compliance.submitted,CUST_0062,INV_20338,2024-05-31T15:36:21Z,485.36,7b8e50e2-9831-4209-ba98-78efb68b2dd4,high
EVT_004134,compliance.failed,CUST_0028,INV_51846,2024-02-28T14:32:02Z,11.11,f422c21f-86b0-4fde-a578-416395bb7f47,low
EVT_004135,invoice.rejected,CUST_0043,INV_14149,2024-04-06T02:39:05Z,43.0,1311e267-4984-447e-ad3d-f0ecdd138f89,low
EVT_004136,compliance.submitted,CUST_0080,INV_14540,2024-02-22T18:05:31Z,78.21,95de231b-6993-4fa6-8972-c33f61ae4da9,critical
EVT_004137,invoice.validated,CUST_0046,INV_90191,2024-03-22T02:38:53Z,231.33,ea657da8-a053-44e3-a682-adfb6aa41d0e,critical
EVT_004138,compliance.submitted,CUST_0059,INV_80399,2024-01-01T22:12:04Z,52.49,53384d24-e7ae-43f2-91bc-4a1e6078a1f0,normal
EVT_004139,invoice.rejected,CUST_0075,INV_44868,2024-05-04T21:36:18Z,40.29,a624ab0c-ac9b-4950-ab0e-2ef5752b100e,high
EVT_004140,invoice.paid,CUST_0019,INV_87726,2024-06-15T15:04:14Z,308.83,ffb836df-a167-4025-bcc8-d4239f5b74b8,normal
EVT_004141,invoice.created,CUST_0015,INV_23999,2024-06-27T19:20:38Z,357.54,6cb2205f-af84-43c1-8bcd-74c048e6edfe,critical
EVT_004142,compliance.submitted,CUST_0079,INV_94082,2024-06-22T12:42:46Z,437.95,856bcc11-1eff-4cc2-92d2-996bc57f5a5c,normal
EVT_004143,invoice.rejected,CUST_0048,INV_37543,2024-03-28T01:13:15Z,26.9,02c4d069-86a9-483d-b458-75f937418b9a,low
EVT_004144,compliance.failed,CUST_0012,INV_75468,2024-03-04T02:22:49Z,78.3,6d9f5a05-b0e5-48a3-9b3d-395afd0dd767,low
EVT_004145,invoice.paid,CUST_0012,INV_47524,2024-06-18T01:31:14Z,42.24,adfcecbe-fe57-4d34-85d0-d0423d5586d3,high
EVT_004146,invoice.rejected,CUST_0043,INV_47202,2024-06-25T10:20:35Z,21.4,28d9984f-f982-4513-b717-0e5e3a853001,normal
EVT_004147,invoice.rejected,CUST_0044,INV_61037,2024-05-17T16:24:24Z,31.53,097b05eb-1d71-4dd8-ad24-646563dbca82,high
EVT_004148,invoice.created,CUST_0001,INV_68303,2024-04-05T04:27:27Z,94.27,565eaa4d-2c49-47d6-93ba-8d51628a8ab9,low
EVT_004149,invoice.rejected,CUST_0080,INV_43972,2024-06-28T19:05:28Z,57.44,09865b31-7c9b-4d4d-9701-6180a138de52,low
EVT_004150,compliance.submitted,CUST_0032,INV_78876,2024-06-28T21:02:49Z,61.55,8fc479ce-2d79-4e02-a66a-af87806d25b0,low
EVT_004151,invoice.rejected,CUST_0051,INV_27493,2024-02-06T20:55:55Z,430.3,d13ce01d-7f26-4596-b4d8-c7d8e222034e,normal
EVT_004152,invoice.validated,CUST_0001,INV_31686,2024-06-26T05:09:57Z,15.26,10c9700c-255d-4901-aeab-e81aa27e36e2,critical
EVT_004153,compliance.submitted,CUST_0066,INV_54228,2024-01-09T01:53:38Z,226.8,b50c73e7-831e-4246-a282-79039b4880a4,high
EVT_004154,invoice.validated,CUST_0035,INV_38617,2024-01-24T15:50:43Z,34.03,515e0203-df35-486a-b877-4694625d17bd,normal
EVT_004155,compliance.submitted,CUST_0067,INV_18826,2024-03-07T03:03:01Z,114.66,934c30be-68c0-4a85-bbf7-8135ec31ce42,low
EVT_004156,compliance.submitted,CUST_0057,INV_22963,2024-05-05T14:17:33Z,371.23,30b08bd3-b008-4f44-be5d-ee111572b1ce,low
EVT_004157,compliance.failed,CUST_0043,INV_49848,2024-02-04T12:02:40Z,30.04,4ef521e2-1837-4a7d-8ff4-dc0bcd062150,low
EVT_004158,compliance.submitted,CUST_0037,INV_86401,2024-02-01T01:48:17Z,45.61,07204f38-a304-4549-8a53-5ce6d43d2f05,high
EVT_004159,invoice.created,CUST_0001,INV_38363,2024-05-25T20:17:05Z,194.22,79d77c93-02bf-4359-a54b-8eb38aa2f8f8,normal
EVT_004160,invoice.rejected,CUST_0075,INV_32073,2024-01-24T11:53:14Z,21.2,3fd37266-2153-4284-b43d-2809500edaba,low
EVT_004161,invoice.rejected,CUST_0014,INV_15630,2024-03-28T10:11:55Z,142.89,91ef036d-4fc6-4e47-9a26-689bc30c0c6f,high
EVT_004162,compliance.submitted,CUST_0056,INV_77304,2024-04-30T01:21:00Z,108.65,ac113d65-0aa6-46b2-9693-d7cc17c2ff08,low
EVT_004163,invoice.paid,CUST_0070,INV_34460,2024-01-29T12:29:22Z,139.98,d775a5cd-fe82-4e43-a382-5cdc616085a9,critical
EVT_004164,invoice.created,CUST_0042,INV_64570,2024-04-27T19:17:30Z,16.3,96c1044b-d1be-44c6-b07d-0ae782a83bc1,high
EVT_004165,invoice.validated,CUST_0025,INV_24900,2024-06-03T13:08:51Z,28.43,2aa2d97e-fb2f-4619-8c64-086f194a541d,low
EVT_004166,invoice.validated,CUST_0067,INV_38538,2024-03-02T02:21:13Z,6.01,097d181b-2416-4188-b4c0-cf9d09b845ba,normal
EVT_004167,compliance.submitted,CUST_0038,INV_42860,2024-02-05T12:59:06Z,46.77,9da1d01d-8151-4158-839f-ec452a89ce3e,high
EVT_004168,invoice.paid,CUST_0051,INV_72470,2024-02-03T19:37:22Z,41.85,5c43e865-a86d-4384-a1f8-4e883c964f40,low
EVT_004169,invoice.validated,CUST_0018,INV_43179,2024-03-01T19:18:48Z,8.79,2905fce7-2d2a-4df6-b1cd-8f0f4ea10066,critical
EVT_004170,invoice.created,CUST_0061,INV_50755,2024-03-15T17:36:05Z,428.3,283b2f25-c665-439f-87a5-1c465f870490,critical
EVT_004171,invoice.paid,CUST_0055,INV_71573,2024-05-17T13:02:56Z,195.7,4a380b36-01ee-4816-9131-0ba7e6fdcbc7,critical
EVT_004172,invoice.created,CUST_0018,INV_68827,2024-01-15T13:42:21Z,291.14,fe79067b-f807-4cb0-9d52-3c75395cddb1,low
EVT_004173,invoice.validated,CUST_0003,INV_14691,2024-02-16T19:36:59Z,222.79,d3aa6a73-09aa-44f6-9027-f59dc8ab3f1a,critical
EVT_004174,invoice.paid,CUST_0019,INV_28031,2024-02-25T01:56:19Z,17.89,b39e8d19-d7e9-4c5d-bb08-84549c0b4d2c,critical
EVT_004175,compliance.failed,CUST_0069,INV_37180,2024-04-25T01:45:57Z,463.33,7ad6ed72-9ca1-47d4-b401-5bdf136ee999,normal
EVT_004176,invoice.rejected,CUST_0075,INV_34285,2024-04-16T23:25:01Z,11.76,f256a225-8dcc-4081-90ba-449d68d4f828,normal
EVT_004177,invoice.validated,CUST_0049,INV_97899,2024-05-05T20:23:04Z,343.34,6186e728-e166-4574-b908-334d62b07fa7,critical
EVT_004178,invoice.paid,CUST_0067,INV_15207,2024-01-05T03:27:34Z,147.61,ffce9fa5-8432-4c2b-9718-c04103fcae4f,normal
EVT_004179,compliance.submitted,CUST_0011,INV_88916,2024-04-11T04:20:09Z,456.03,de9719cd-48db-44b4-8993-f80dac6f3d81,critical
EVT_004180,invoice.validated,CUST_0075,INV_98403,2024-04-25T04:22:34Z,277.83,a3dbe3c7-d056-4bcc-8835-e063e83e121e,critical
EVT_004181,invoice.created,CUST_0008,INV_71509,2024-03-08T05:19:12Z,199.5,0024d2fd-73a6-4a28-9488-fa71117e16aa,high
EVT_004182,compliance.submitted,CUST_0001,INV_82296,2024-05-20T10:25:21Z,376.7,efdf8674-90ae-4d0c-9711-35748f06e040,critical
EVT_004183,invoice.rejected,CUST_0026,INV_69777,2024-05-31T21:29:38Z,19.52,915dc31e-4b85-4169-a0cf-0c867660dfe8,low
EVT_004184,invoice.created,CUST_0031,INV_52644,2024-04-16T04:25:52Z,103.76,06b7fe32-6d2c-45be-96aa-598d23459b5b,high
EVT_004185,compliance.failed,CUST_0046,INV_32454,2024-02-23T23:07:35Z,8.98,1d11c223-3bad-4bc1-abe8-7d378758b3ab,normal
EVT_004186,invoice.created,CUST_0025,INV_52913,2024-05-17T11:26:07Z,102.65,4fe32ab8-751c-4756-8cb7-a1e6cbaae5b6,normal
EVT_004187,compliance.failed,CUST_0046,INV_23041,2024-01-22T07:23:48Z,2.27,0185e6d4-5c4b-47ab-b67f-d852e2e497db,normal
EVT_004188,invoice.paid,CUST_0055,INV_56593,2024-02-14T12:58:51Z,466.29,98bb462a-c709-441e-9ec2-c6cc5f3d20e3,low
EVT_004189,invoice.paid,CUST_0033,INV_41110,2024-01-13T14:23:18Z,25.33,f41f7744-628f-4e10-8de0-52555d4d017a,high
EVT_004190,compliance.failed,CUST_0018,INV_73814,2024-03-22T12:27:08Z,42.32,ce9a96a8-2749-4384-ba49-1c458b439503,normal
EVT_004191,compliance.failed,CUST_0023,INV_81433,2024-02-12T00:52:00Z,337.7,f21155bf-d08c-42e6-a50e-049893d29eaf,normal
EVT_004192,invoice.rejected,CUST_0046,INV_98440,2024-06-16T03:14:35Z,22.71,ca410515-a50a-4096-8e0a-77a70f384775,low
EVT_004193,invoice.validated,CUST_0010,INV_67833,2024-06-24T09:01:15Z,192.2,c1ba6e4d-d95a-497b-9197-7223a9df9455,normal
EVT_004194,invoice.rejected,CUST_0010,INV_89472,2024-01-18T00:36:58Z,42.22,7ce51377-9844-46cc-ba40-0923efb6be04,low
EVT_004195,invoice.paid,CUST_0069,INV_31230,2024-04-07T20:11:52Z,58.08,9d1b3589-ce83-4b69-ba70-6c807fcf4771,high
EVT_004196,invoice.validated,CUST_0004,INV_79802,2024-01-06T04:40:08Z,170.17,152d2fb5-c612-43f5-80e2-927a44a099b1,high
EVT_004197,compliance.failed,CUST_0071,INV_22147,2024-03-13T06:41:06Z,240.24,5f0b6730-0fb5-47e3-bc40-26ac54f515b9,normal
EVT_004198,compliance.failed,CUST_0039,INV_43138,2024-01-15T17:15:58Z,214.21,3ec4c9c6-7701-4144-872a-73a40138b04d,high
EVT_004199,invoice.paid,CUST_0055,INV_93153,2024-01-13T04:06:55Z,400.16,49f12b8c-ffc3-471d-8974-11656d4af807,normal
EVT_004200,invoice.created,CUST_0024,INV_46903,2024-05-27T11:28:19Z,28.83,72c33ecb-58df-4f65-b124-756535fd3489,normal
EVT_004201,invoice.rejected,CUST_0017,INV_34603,2024-01-05T00:00:08Z,279.81,d364fe5c-d972-4935-ad12-7fbd413dc281,normal
EVT_004202,invoice.validated,CUST_0040,INV_23693,2024-02-29T07:25:55Z,3.13,ec093844-1670-4ba4-bcde-a58040b199b0,high
EVT_004203,invoice.created,CUST_0051,INV_11571,2024-01-01T09:03:39Z,66.58,cf77ee39-c21c-4256-8377-445d8e230d8a,high
EVT_004204,invoice.paid,CUST_0043,INV_84871,2024-05-24T16:52:39Z,15.87,29e116a1-3735-40c4-8f1e-8b7f9f5ec4be,normal
EVT_004205,invoice.rejected,CUST_0030,INV_65477,2024-04-25T21:16:15Z,344.85,96cd4d5e-68fb-4c77-9673-a85120a7a84b,low
EVT_004206,invoice.created,CUST_0063,INV_78515,2024-03-14T08:32:56Z,436.65,7c440a21-e528-4be8-8856-57305be3ac61,critical
EVT_004207,invoice.paid,CUST_0071,INV_74370,2024-06-24T23:18:19Z,21.75,997de696-5cd3-422a-8690-bd9bab1dd068,normal
EVT_004208,invoice.paid,CUST_0065,INV_96020,2024-04-03T06:44:49Z,4.75,2d8e1fd5-9164-4058-9198-53c8dfa6b5b5,normal
EVT_004209,compliance.failed,CUST_0079,INV_93343,2024-03-29T15:18:41Z,40.19,04b8ee55-41bf-40af-891b-5fe2805475c0,low
EVT_004210,invoice.created,CUST_0036,INV_86929,2024-03-11T03:31:43Z,356.4,ce1b4000-97b1-4854-a4c0-5ba68717afde,low
EVT_004211,compliance.failed,CUST_0059,INV_39274,2024-06-09T20:09:14Z,14.75,58e5f722-1507-444e-b874-213164b2b2f0,critical
EVT_004212,invoice.paid,CUST_0075,INV_50854,2024-05-07T15:20:09Z,36.67,dfaf196b-9432-4d28-91ca-933e54347d55,high
EVT_004213,invoice.rejected,CUST_0063,INV_76846,2024-06-05T06:54:33Z,377.44,892d3390-f95f-4895-ad20-fa8c47291bf3,high
EVT_004214,invoice.paid,CUST_0031,INV_28377,2024-05-08T11:37:42Z,458.1,540be43c-77d1-4b7d-8802-3d62a60602b0,normal
EVT_004215,invoice.validated,CUST_0031,INV_68727,2024-04-23T07:26:35Z,134.53,55da168d-4452-4dda-a45e-3a42c7824cfb,normal
EVT_004216,invoice.paid,CUST_0067,INV_69780,2024-03-01T23:24:30Z,430.53,2b1ba229-102d-4dad-a7ac-d740ccfe8ac7,low
EVT_004217,invoice.paid,CUST_0046,INV_83259,2024-02-08T07:06:39Z,77.89,ca504e44-ef8a-4d83-81b1-4c2bb41c8dc2,high
EVT_004218,invoice.rejected,CUST_0045,INV_38710,2024-05-19T14:43:44Z,34.01,cc152afa-8191-4a9a-8dfe-5280a7e03215,critical
EVT_004219,compliance.submitted,CUST_0067,INV_98805,2024-05-17T12:28:51Z,501.92,41c5338c-bed9-47ae-916a-fc36ab05a681,normal
EVT_004220,invoice.created,CUST_0018,INV_14100,2024-06-04T03:52:33Z,243.63,69713eaa-7dc8-41c0-9d62-834745c6dc77,low
EVT_004221,compliance.submitted,CUST_0036,INV_50678,2024-01-05T04:57:43Z,25.23,a18011c6-5998-4c8e-a22f-aae360193e4b,high
EVT_004222,compliance.failed,CUST_0052,INV_68142,2024-01-21T12:21:53Z,123.77,efc2b965-cc69-46bc-8968-b3e6d35775f0,low
EVT_004223,invoice.rejected,CUST_0003,INV_82345,2024-05-14T18:32:11Z,122.52,ba69e159-0385-4876-a666-5e00133151d7,high
EVT_004224,invoice.validated,CUST_0020,INV_48318,2024-03-25T03:48:27Z,355.24,9d5fa1fd-7ccd-4da9-a97e-1d5b3349360b,high
EVT_004225,invoice.paid,CUST_0073,INV_71606,2024-04-16T12:43:35Z,505.65,f449d81a-2523-4ea6-876c-2ef857494db8,critical
EVT_004226,invoice.created,CUST_0060,INV_40268,2024-05-31T04:29:03Z,442.29,a9f9ccad-f00b-4ac7-ba19-aa238af6bb4e,high
EVT_004227,invoice.created,CUST_0038,INV_70762,2024-02-13T12:30:58Z,96.19,7075d283-b58f-43e9-b49d-88038c69786a,critical
EVT_004228,compliance.failed,CUST_0033,INV_17843,2024-04-26T15:33:16Z,37.98,77c5c421-210a-422d-9ca7-48d9a7aba5ac,low
EVT_004229,compliance.submitted,CUST_0060,INV_87961,2024-03-26T21:18:58Z,44.04,d4d24081-cad7-41a2-b792-1c79e54fae54,high
EVT_004230,compliance.submitted,CUST_0052,INV_31082,2024-06-12T09:35:06Z,14.9,6a5c9616-0a63-4696-939a-41196d721c0e,low
EVT_004231,invoice.created,CUST_0025,INV_77063,2024-01-12T11:50:07Z,21.87,18302e11-ce01-4bf9-a7c4-105d98091c1b,low
EVT_004232,invoice.rejected,CUST_0034,INV_59670,2024-06-28T02:21:16Z,40.96,891c4916-53cf-4b57-81f9-0286bf343d12,critical
EVT_004233,invoice.created,CUST_0048,INV_72210,2024-04-25T11:23:50Z,86.86,5a19626a-c278-4bc5-8c6d-a6161d79db41,high
EVT_004234,invoice.validated,CUST_0026,INV_56412,2024-05-21T12:37:39Z,44.53,cd86ea3c-efc0-440f-a10a-e4d6cb4efbb0,high
EVT_004235,invoice.validated,CUST_0027,INV_51314,2024-03-14T18:39:37Z,5.48,35811e48-24e5-4673-bf88-f870bc651bd0,low
EVT_004236,invoice.created,CUST_0044,INV_93491,2024-02-20T01:35:44Z,4.26,5e4e6081-9d64-444c-8459-5e0a2f9470e2,normal
EVT_004237,invoice.created,CUST_0004,INV_74068,2024-03-14T15:06:38Z,6.02,26214e7e-5c40-48ed-a972-069e8808d966,low
EVT_004238,invoice.validated,CUST_0005,INV_33138,2024-03-10T23:57:44Z,282.61,14c0f2e0-7687-4858-846c-59da80c35532,critical
EVT_004239,invoice.validated,CUST_0057,INV_57911,2024-05-06T23:47:41Z,134.08,6ea106e3-b7a3-44a7-bb2b-7618feed12bb,critical
EVT_004240,invoice.paid,CUST_0016,INV_24243,2024-01-25T00:27:13Z,438.51,5ac004e3-5e68-4984-9287-84f4b4e2afed,high
EVT_004241,invoice.validated,CUST_0035,INV_64144,2024-05-22T15:17:22Z,62.79,9b3abe03-2f16-40bd-b094-0b98f2e20e62,high
EVT_004242,invoice.rejected,CUST_0027,INV_80164,2024-03-26T03:58:11Z,239.7,0d438ea3-de5d-48ec-b59b-7bc8bb5f46cc,high
EVT_004243,invoice.created,CUST_0008,INV_45351,2024-04-13T15:57:23Z,137.08,58957e47-6adb-45b1-8603-29da444cbc90,low
EVT_004244,invoice.validated,CUST_0024,INV_27506,2024-06-04T03:56:47Z,133.27,297ab6c9-962d-47ed-8263-6d182798305a,low
EVT_004245,compliance.failed,CUST_0027,INV_92389,2024-05-10T00:51:22Z,17.33,81be89df-d787-4972-9b69-0819ddaad709,high
EVT_004246,invoice.paid,CUST_0004,INV_51438,2024-06-28T19:44:23Z,3.23,75dae867-c21c-48ef-a4ce-d35ee505899a,critical
EVT_004247,invoice.rejected,CUST_0028,INV_48625,2024-03-11T01:02:26Z,287.52,78b690cf-3ffa-4b08-9b79-5b9d7d71e7c1,critical
EVT_004248,invoice.paid,CUST_0064,INV_43175,2024-04-04T21:18:23Z,186.46,5a589176-7614-403a-b3a4-ae917b5de55b,normal
EVT_004249,invoice.paid,CUST_0005,INV_47003,2024-02-29T10:37:06Z,202.72,06a7eb96-19e6-4989-ac39-8da6e9adf353,normal
EVT_004250,compliance.submitted,CUST_0050,INV_66936,2024-02-27T19:09:21Z,161.26,9a9f53ce-32ea-4c15-bf6a-998b56f149a2,normal
EVT_004251,compliance.submitted,CUST_0064,INV_39867,2024-03-30T20:02:41Z,375.49,4d1b4322-e464-4c84-9152-e909f834bbaf,high
EVT_004252,compliance.submitted,CUST_0049,INV_23195,2024-01-05T00:27:29Z,7.85,ab7e85d0-5ec5-4771-a367-0de5249ea6e6,critical
EVT_004253,invoice.rejected,CUST_0021,INV_43198,2024-06-15T22:31:49Z,103.13,b6c6794c-b8e3-42dc-bc5e-f7d97d5bcee9,low
EVT_004254,invoice.paid,CUST_0012,INV_17922,2024-05-26T17:39:33Z,29.1,263ae123-71aa-47d0-a2cf-3261f84dcc31,normal
EVT_004255,invoice.created,CUST_0033,INV_67718,2024-04-01T00:27:43Z,242.46,edf6d231-936e-4811-8e22-86be25704390,low
EVT_004256,invoice.validated,CUST_0062,INV_26302,2024-02-27T14:29:00Z,166.08,adecb9e3-9f47-4763-8f78-45ddeaa03ae6,low
EVT_004257,compliance.failed,CUST_0030,INV_86610,2024-05-25T13:00:48Z,386.42,4b17293e-c8f3-4d56-803f-1ef788d22907,high
EVT_004258,invoice.paid,CUST_0035,INV_82982,2024-01-31T00:16:39Z,73.29,b1404e82-3eac-471d-a3b0-0cbf76296ac2,low
EVT_004259,invoice.rejected,CUST_0064,INV_84699,2024-04-24T20:43:52Z,89.38,21452715-153c-4105-8826-f19f74c9fa8b,high
EVT_004260,invoice.paid,CUST_0080,INV_76463,2024-03-09T17:56:31Z,426.24,e0cf8ccd-844a-4f35-9c56-b0b54ae3f910,low
EVT_004261,invoice.rejected,CUST_0064,INV_99267,2024-05-17T19:07:05Z,244.84,bafe9639-0761-4c44-9b1c-015e70c10fe6,low
EVT_004262,invoice.validated,CUST_0068,INV_29014,2024-02-14T09:16:05Z,46.66,ecd350af-f20d-48f1-95d6-2f5457277ba5,normal
EVT_004263,compliance.failed,CUST_0051,INV_26953,2024-06-16T11:31:38Z,65.35,1af1d9d4-03c4-46de-b3c0-c9221d246898,low
EVT_004264,invoice.rejected,CUST_0036,INV_61044,2024-01-08T20:26:25Z,225.2,aff37768-2619-4ab8-a4e3-bf589b56993b,critical
EVT_004265,invoice.created,CUST_0030,INV_26091,2024-04-07T23:47:50Z,492.57,10f885db-c233-474a-853d-8ae8e6838956,normal
EVT_004266,compliance.submitted,CUST_0069,INV_31225,2024-05-19T12:15:33Z,291.09,ff45ea2c-a8b4-4415-aec0-ca9da27f71ce,high
EVT_004267,invoice.validated,CUST_0076,INV_78929,2024-03-10T05:26:37Z,192.11,7fd739e2-f8bc-4fef-b68f-e7f5c9964d22,critical
EVT_004268,invoice.rejected,CUST_0062,INV_33928,2024-06-03T07:03:19Z,11.11,f7538396-4d39-4d34-9fee-1b371569fcc9,normal
EVT_004269,compliance.failed,CUST_0059,INV_27457,2024-02-07T13:53:52Z,128.0,5e40cf8f-080d-4899-b94a-ec791a2bd06a,normal
EVT_004270,invoice.rejected,CUST_0011,INV_25688,2024-06-09T04:10:52Z,70.69,9f6f10db-245f-4d81-a7e2-d4bc17bd0b40,normal
EVT_004271,invoice.validated,CUST_0009,INV_92317,2024-02-19T23:50:56Z,193.06,4a633d73-c676-4600-95b1-437396e391b2,critical
EVT_004272,invoice.paid,CUST_0044,INV_18950,2024-02-12T01:19:03Z,18.7,65488589-c04f-49ff-b86c-a5f06f243469,high
EVT_004273,compliance.submitted,CUST_0024,INV_84421,2024-01-01T20:02:45Z,28.41,a334b5d9-87bb-47bf-bad5-81db01f50de9,high
EVT_004274,compliance.submitted,CUST_0007,INV_37471,2024-04-02T11:45:48Z,42.22,34e6931a-af94-4209-983e-4860c201f31a,low
EVT_004275,invoice.paid,CUST_0017,INV_35266,2024-04-28T21:31:42Z,91.27,bb757bfe-d2ba-40d9-bd4a-64fe01e4b514,high
EVT_004276,invoice.validated,CUST_0007,INV_99700,2024-06-22T13:03:11Z,511.28,9ba19af8-8401-43c8-af1a-b355b44bd0a7,low
EVT_004277,invoice.paid,CUST_0068,INV_81317,2024-01-30T00:09:00Z,36.09,e75a77fd-5e6f-40da-ab69-51a030f97af3,normal
EVT_004278,compliance.failed,CUST_0004,INV_92346,2024-04-18T21:24:04Z,24.4,4f7087d4-4999-4dcb-8259-a86a8697b792,high
EVT_004279,invoice.validated,CUST_0045,INV_88146,2024-02-04T22:48:12Z,49.8,0dba4236-3f44-43b9-a6c3-e71d2200b1d3,normal
EVT_004280,invoice.created,CUST_0031,INV_52972,2024-02-10T17:17:46Z,478.83,2db1fde8-bfa3-48a8-9547-42b8e90c5858,critical
EVT_004281,invoice.paid,CUST_0045,INV_57287,2024-01-23T07:52:55Z,22.83,193839c4-fd11-4b3d-ad83-e6135e4521f2,low
EVT_004282,compliance.submitted,CUST_0071,INV_17430,2024-04-12T02:17:17Z,179.56,1f29d9e5-0ca9-43c4-8db8-88efe7f6d493,low
EVT_004283,invoice.created,CUST_0060,INV_32190,2024-03-06T06:53:59Z,47.78,25a22858-7db6-4627-802a-0faf67676fe1,low
EVT_004284,compliance.submitted,CUST_0007,INV_91955,2024-03-27T03:48:01Z,309.06,a3bb3224-07b5-44dc-a29f-6f191f269a5f,critical
EVT_004285,compliance.failed,CUST_0042,INV_80937,2024-03-07T03:39:40Z,383.36,57d52557-780f-4d04-9258-982c2592d2b0,low
EVT_004286,invoice.created,CUST_0039,INV_48885,2024-03-06T02:24:55Z,31.31,740d4276-4317-4774-a63a-32ec09c1699a,critical
EVT_004287,invoice.rejected,CUST_0053,INV_98756,2024-04-30T18:50:40Z,116.8,a9940b65-3946-4076-a74a-d9ef94fa4681,low
EVT_004288,invoice.created,CUST_0070,INV_47753,2024-06-25T22:50:07Z,38.59,1cab709b-d4f2-4bd2-99e4-bdb99387c811,high
EVT_004289,invoice.created,CUST_0042,INV_99388,2024-06-26T08:18:27Z,47.77,d6c661ea-584c-47d1-bffb-94a73d9c36f6,critical
EVT_004290,compliance.failed,CUST_0050,INV_35346,2024-02-20T15:22:15Z,262.77,371a81b9-763a-4634-938c-0b914f951762,high
EVT_004291,compliance.failed,CUST_0014,INV_59500,2024-03-23T16:06:53Z,337.79,e5443890-6dad-4586-96b9-1f0e733c7cd2,critical
EVT_004292,compliance.failed,CUST_0073,INV_57173,2024-04-09T04:14:06Z,27.11,d6528164-b3e2-46ae-968a-cda3a721d2c5,low
EVT_004293,invoice.paid,CUST_0051,INV_69995,2024-05-05T08:51:04Z,32.41,c37c8668-4888-45d2-a9a9-729e19af09d6,critical
EVT_004294,compliance.failed,CUST_0080,INV_85899,2024-02-15T20:32:20Z,141.67,796a80b5-e6a6-42aa-96cb-1d0543f6e546,critical
EVT_004295,invoice.validated,CUST_0007,INV_46534,2024-01-15T01:46:40Z,234.17,a85b8236-53de-4818-b0e3-133c77eb9c40,high
EVT_004296,compliance.failed,CUST_0046,INV_88333,2024-05-11T05:24:11Z,26.56,daabc635-fec6-4075-ad27-67a24900a8d0,critical
EVT_004297,invoice.rejected,CUST_0070,INV_67723,2024-01-03T19:59:38Z,1.13,5698a5db-0d37-45d5-980f-f6f0f7932650,critical
EVT_004298,compliance.submitted,CUST_0045,INV_68596,2024-01-14T06:10:17Z,167.96,bdf38b8b-156d-4132-90ff-b70c4de0933d,normal
EVT_004299,invoice.validated,CUST_0007,INV_97586,2024-06-10T21:13:38Z,48.48,ee6796c2-b975-4fe0-aa8c-47f93557b1a8,high
EVT_004300,invoice.validated,CUST_0064,INV_57737,2024-01-23T21:02:00Z,20.08,8af0cd39-7547-4757-806f-701ead1639de,normal
EVT_004301,invoice.created,CUST_0032,INV_82426,2024-01-01T22:38:51Z,357.86,2b48c0c0-4038-49bd-b776-d070f2d315bd,high
EVT_004302,invoice.rejected,CUST_0076,INV_40687,2024-01-23T08:35:10Z,95.74,6d0d8343-6bad-468b-8ba1-e2b54acfb01d,critical
EVT_004303,compliance.submitted,CUST_0003,INV_80733,2024-01-02T08:11:23Z,178.11,3564726f-112b-4d0e-8456-93598d5fb83d,critical
EVT_004304,invoice.paid,CUST_0069,INV_95637,2024-02-11T07:59:14Z,30.68,bcb6ec05-df93-4059-8501-34e57ca905d3,high
EVT_004305,invoice.validated,CUST_0010,INV_93476,2024-06-08T10:51:12Z,239.0,e3d29171-bf2a-45a7-b625-4b48a5765941,high
EVT_004306,compliance.submitted,CUST_0056,INV_44991,2024-05-22T04:39:17Z,151.95,22d24549-4eb3-4852-9a24-0ba4ae2eb645,critical
EVT_004307,invoice.paid,CUST_0004,INV_15702,2024-05-22T23:43:08Z,53.73,97886089-5e55-4a8b-af86-a02590a3afba,low
EVT_004308,invoice.validated,CUST_0036,INV_42443,2024-06-01T20:31:19Z,54.71,a0e2b7cf-99a1-4b14-b672-0181fd8790d4,low
EVT_004309,invoice.rejected,CUST_0063,INV_35817,2024-02-29T23:26:54Z,406.02,4ea72d36-8e27-444c-9a2d-f24757f973c2,critical
EVT_004310,compliance.failed,CUST_0031,INV_70087,2024-04-07T19:34:13Z,181.25,318c3a70-f863-47a0-a38d-c2a2d17dcb8b,critical
EVT_004311,invoice.created,CUST_0039,INV_52602,2024-06-10T15:29:38Z,106.2,41e3c2d5-4335-4eab-afab-9c94ba8a92e3,low
EVT_004312,invoice.rejected,CUST_0068,INV_80675,2024-01-29T23:30:43Z,96.14,ae82cb7e-229f-40a1-9691-f5e3d745bcac,high
EVT_004313,invoice.created,CUST_0030,INV_42858,2024-05-01T21:36:28Z,160.1,5b293431-fde5-4186-b62f-a7c9eb7e5ad6,normal
EVT_004314,compliance.failed,CUST_0054,INV_43847,2024-02-10T05:48:28Z,34.62,7c88cdab-aeba-4803-bc88-3fcb2103236f,normal
EVT_004315,compliance.submitted,CUST_0029,INV_78701,2024-04-21T21:28:53Z,172.58,ea8ef314-e376-4edf-8381-0a2d245bb216,low
EVT_004316,compliance.failed,CUST_0002,INV_26111,2024-03-30T12:32:12Z,11.37,e944c169-0ea5-46fc-a7ea-2f46f1b9fd5b,high
EVT_004317,invoice.rejected,CUST_0035,INV_56020,2024-04-09T07:33:33Z,188.55,dc6a6a98-a310-4d5f-9e45-44de4993e4d7,high
EVT_004318,invoice.paid,CUST_0015,INV_95184,2024-05-22T13:05:56Z,108.59,d4bff1bb-2afc-46d8-b998-82859006fb32,normal
EVT_004319,invoice.created,CUST_0074,INV_62673,2024-01-17T09:53:12Z,315.62,bb06dbe9-3ad4-437d-90ea-e31c517f0e7b,critical
EVT_004320,compliance.failed,CUST_0063,INV_68998,2024-06-27T18:25:27Z,109.92,b91574b1-54d2-44dc-83cc-00111c44bc6b,critical
EVT_004321,invoice.rejected,CUST_0050,INV_73000,2024-03-18T20:11:34Z,48.66,1123b358-a311-4e28-8c6f-c1c2ab576b02,high
EVT_004322,invoice.paid,CUST_0018,INV_50743,2024-04-23T19:29:46Z,98.1,0e7491f3-3e56-4611-a15a-3687e729da18,high
EVT_004323,compliance.submitted,CUST_0008,INV_91684,2024-02-25T19:55:53Z,241.92,01044a68-07a5-4566-b213-56acf3bcaf2e,critical
EVT_004324,invoice.rejected,CUST_0019,INV_49201,2024-03-31T21:07:47Z,37.28,70c56d9e-ba20-4137-bc80-720437322a14,high
EVT_004325,compliance.submitted,CUST_0006,INV_32304,2024-03-21T10:05:52Z,30.15,b761d8bc-d2c2-4a12-8599-fe5c07e7019e,critical
EVT_004326,invoice.created,CUST_0036,INV_59794,2024-01-07T17:43:07Z,70.95,7d50c470-19cb-4011-9259-5c3b3b06641d,normal
EVT_004327,invoice.validated,CUST_0075,INV_31263,2024-01-08T06:24:13Z,40.2,ad78e7c9-cce4-4a74-8136-9753a5a9ed20,low
EVT_004328,invoice.validated,CUST_0070,INV_84274,2024-05-15T04:58:56Z,41.22,5113d746-420f-4883-9efe-fb271828005d,low
EVT_004329,compliance.submitted,CUST_0015,INV_44451,2024-06-04T12:47:49Z,278.5,be82d093-30c8-4307-91f1-4d928f38bceb,high
EVT_004330,invoice.paid,CUST_0044,INV_51914,2024-04-11T13:41:01Z,310.91,7e825b5b-330a-4cfd-b60c-1264b5409fbc,critical
EVT_004331,invoice.created,CUST_0014,INV_46238,2024-03-07T17:18:18Z,141.29,914f0909-a5b9-4997-bdab-d1780ad6c81b,critical
EVT_004332,invoice.rejected,CUST_0067,INV_19549,2024-02-10T23:53:41Z,46.94,826d6874-cba9-43a4-b302-06caa6b7a50e,critical
EVT_004333,invoice.validated,CUST_0012,INV_53015,2024-05-07T12:35:14Z,332.35,d0265ff9-ba0d-4975-8961-382fc125fc97,critical
EVT_004334,invoice.validated,CUST_0032,INV_81120,2024-05-07T14:04:31Z,421.7,51122b51-eb16-4ba3-978f-700191750e48,critical
EVT_004335,invoice.paid,CUST_0033,INV_95632,2024-01-14T06:15:45Z,71.13,ed9870ea-5e1f-41df-a58a-5e4637f9d644,low
EVT_004336,compliance.submitted,CUST_0016,INV_86435,2024-04-26T12:13:47Z,166.24,c55a4741-7ee4-43e2-aa77-0ddf3836309b,normal
EVT_004337,invoice.paid,CUST_0034,INV_89004,2024-06-16T03:12:23Z,16.02,af5a5bb6-199e-4660-b55d-5addc6a35221,normal
EVT_004338,compliance.failed,CUST_0051,INV_80343,2024-06-04T16:13:42Z,14.91,4d3f654b-6943-4daa-9da6-dfa8ce95d336,critical
EVT_004339,invoice.validated,CUST_0076,INV_66899,2024-03-29T20:27:02Z,24.59,7164f64c-3d53-4baa-a0c2-35d324598776,low
EVT_004340,compliance.failed,CUST_0001,INV_74808,2024-01-26T11:02:44Z,218.14,48bea36a-f3c6-4a79-bbe4-96ca31e2f145,high
EVT_004341,invoice.created,CUST_0017,INV_34624,2024-06-11T11:13:54Z,27.46,b08f4371-6d10-4ee7-ac3f-c2df80867e7e,low
EVT_004342,invoice.created,CUST_0047,INV_84990,2024-05-03T16:21:49Z,91.1,326a790e-d37a-4d96-945e-b416645bc9d4,normal
EVT_004343,compliance.failed,CUST_0040,INV_45476,2024-06-07T08:32:56Z,77.43,8ee9f1a2-95a6-491c-88a5-fcd566d11321,high
EVT_004344,invoice.validated,CUST_0055,INV_92859,2024-03-20T05:34:39Z,140.24,78e7a0b1-ac9f-44b9-8d32-735b0bf9c382,low
EVT_004345,invoice.rejected,CUST_0067,INV_34721,2024-01-31T05:25:22Z,300.79,69593f78-8043-42bb-b2a5-9def2baf1a19,low
EVT_004346,invoice.validated,CUST_0036,INV_17032,2024-01-03T19:32:40Z,494.65,f6d1ccdd-cda6-46b4-b1e7-43010381f5eb,high
EVT_004347,invoice.rejected,CUST_0009,INV_30922,2024-05-10T14:22:07Z,4.0,e0b047f1-58e8-49ed-b4ca-13b8f9ac5f08,high
EVT_004348,invoice.rejected,CUST_0007,INV_58375,2024-04-04T17:35:18Z,387.28,3f82f069-b985-458e-b0ea-8762df474f07,normal
EVT_004349,invoice.created,CUST_0024,INV_86579,2024-04-10T02:21:50Z,182.3,bd51b462-292b-491d-a917-d98e7609c832,low
EVT_004350,invoice.rejected,CUST_0018,INV_10512,2024-02-21T10:58:52Z,226.84,f8a12dd7-0ba0-41d5-b249-92896d338581,low
EVT_004351,invoice.created,CUST_0060,INV_97723,2024-04-04T00:36:44Z,302.51,6febcef1-e69f-4ab5-b4bf-bf41cf21b2fc,normal
EVT_004352,invoice.paid,CUST_0017,INV_72221,2024-05-26T21:30:11Z,83.09,2e4b7396-5020-4190-a209-9c29abd97471,high
EVT_004353,invoice.created,CUST_0057,INV_67353,2024-03-18T06:03:16Z,103.55,aa91afda-933f-467c-8402-90a22d0666a0,high
EVT_004354,invoice.created,CUST_0040,INV_47761,2024-04-18T05:44:53Z,64.6,c3ae94e2-f423-4aae-9a47-a526a0a3e698,critical
EVT_004355,compliance.failed,CUST_0014,INV_42383,2024-03-06T22:35:01Z,29.42,bbab52fe-c415-44a2-9bbd-fdbe31ab3af6,high
EVT_004356,compliance.failed,CUST_0023,INV_16685,2024-03-30T20:12:16Z,307.87,0174b58c-a22e-49a7-b72e-95cf40390f1f,low
EVT_004357,invoice.rejected,CUST_0027,INV_39174,2024-06-20T19:00:40Z,135.41,3cc1c29d-8b75-4c51-ae07-b893c1afefcf,high
EVT_004358,invoice.rejected,CUST_0065,INV_68518,2024-02-05T03:13:15Z,475.98,789fadc1-bfcb-4ed5-ba69-34e7306d145d,low
EVT_004359,compliance.submitted,CUST_0017,INV_15688,2024-04-27T02:16:56Z,11.83,a46341f7-9504-463b-a24a-b30d2ffe2145,normal
EVT_004360,compliance.submitted,CUST_0057,INV_41774,2024-03-08T07:26:50Z,298.3,27166f05-cd01-4e64-98da-33fea381bc89,low
EVT_004361,invoice.validated,CUST_0037,INV_21046,2024-06-04T17:46:58Z,39.7,a8cd34ce-713b-4b85-96ff-77fcf6c5bbfd,normal
EVT_004362,compliance.failed,CUST_0005,INV_61327,2024-06-10T19:08:54Z,42.96,1debf8ae-fb5d-48cd-995f-fdf7902c4317,low
EVT_004363,invoice.rejected,CUST_0001,INV_42955,2024-05-19T06:07:16Z,87.68,cf26b4dc-69eb-4484-bb58-fb81b977093b,high
EVT_004364,invoice.validated,CUST_0033,INV_83849,2024-02-10T19:54:26Z,40.61,88c8158e-4c9a-4586-a1af-55ce12192323,normal
EVT_004365,invoice.created,CUST_0001,INV_70737,2024-05-02T15:11:33Z,74.77,05b1b96e-00b3-4ef6-8a90-3d3e3fe32854,critical
EVT_004366,invoice.rejected,CUST_0065,INV_30605,2024-02-16T09:42:40Z,57.04,ea37acd4-b353-4399-a750-cffbce6a9093,high
EVT_004367,invoice.created,CUST_0062,INV_88850,2024-01-21T15:58:11Z,45.88,6ee0fccd-eee1-4f74-abe4-c4a396ee954c,low
EVT_004368,compliance.submitted,CUST_0002,INV_15686,2024-01-09T11:10:52Z,45.08,1508d77d-b519-4d8e-b73e-1875ea1a8604,high
EVT_004369,invoice.paid,CUST_0066,INV_94592,2024-05-21T22:10:03Z,189.77,e556d7b6-9bfc-46a7-bda5-f13a0051dfcf,critical
EVT_004370,invoice.paid,CUST_0048,INV_25806,2024-04-17T02:18:38Z,132.91,8c09cac1-0d02-4831-8a4b-5dd3f7dd9dcf,low
EVT_004371,invoice.rejected,CUST_0031,INV_65201,2024-02-26T04:12:43Z,83.03,2bbb2b17-a96d-4461-ada4-80122c05a273,high
EVT_004372,compliance.submitted,CUST_0053,INV_47361,2024-06-15T03:42:51Z,304.27,cf5e1960-1719-4dce-b90d-8dfdc5463dd8,critical
EVT_004373,invoice.created,CUST_0026,INV_71019,2024-03-05T15:24:43Z,16.32,fb92f6d2-d7ad-405c-8818-3687b6a226da,high
EVT_004374,compliance.failed,CUST_0014,INV_75496,2024-06-01T22:31:09Z,312.0,20b66db2-f14f-4a04-9f85-2f671e5bfb7b,high
EVT_004375,invoice.rejected,CUST_0075,INV_63980,2024-03-20T07:13:35Z,1.62,528ab831-a68b-4639-99fa-1bb06d86215d,normal
EVT_004376,invoice.rejected,CUST_0058,INV_30112,2024-05-24T11:05:00Z,429.87,c225c248-7edc-472d-8b6a-b6f1aab145d1,high
EVT_004377,invoice.created,CUST_0018,INV_83918,2024-01-18T03:23:40Z,8.83,b3c46071-77a9-4998-a7b6-f645644841b9,high
EVT_004378,invoice.paid,CUST_0044,INV_87053,2024-03-09T13:41:20Z,261.76,3488ce80-9393-478a-9d62-161dda5e5b61,normal
EVT_004379,invoice.paid,CUST_0030,INV_64160,2024-04-04T02:44:21Z,60.51,38215e12-6c44-4c27-aa0a-a6b370276435,high
EVT_004380,invoice.validated,CUST_0028,INV_91110,2024-01-12T03:35:08Z,56.94,69cf866d-d89b-4dd7-a596-cdea08e8345c,normal
EVT_004381,compliance.submitted,CUST_0023,INV_28709,2024-04-24T15:10:19Z,262.5,70074d46-a0fa-4a5c-adfd-c097a85f830f,normal
EVT_004382,compliance.failed,CUST_0040,INV_34928,2024-06-22T07:18:50Z,30.7,b04dff55-bdd6-4037-bcb5-be7406988fe9,low
EVT_004383,invoice.paid,CUST_0040,INV_27443,2024-04-20T05:58:49Z,451.24,4f3a5acd-c09b-4115-aa3a-0955c35a933d,high
EVT_004384,invoice.created,CUST_0026,INV_81535,2024-04-27T04:18:54Z,405.68,a65d77dd-c456-4115-936f-df653b92026a,high
EVT_004385,invoice.paid,CUST_0064,INV_91749,2024-03-19T05:31:51Z,2.18,54df7b65-0eb6-47d8-b275-dcd238e8ac5e,high
EVT_004386,invoice.paid,CUST_0039,INV_61397,2024-03-18T12:35:12Z,96.29,c772b5c4-f06c-4005-a85c-97a885dd79b6,low
EVT_004387,invoice.rejected,CUST_0073,INV_37572,2024-05-03T01:38:27Z,474.18,798a7621-c0f8-4b1d-b074-6674035d6e31,high
EVT_004388,invoice.rejected,CUST_0003,INV_53960,2024-04-12T19:04:40Z,29.38,e7bdbed3-503e-487f-9b5c-45bda1a0a052,critical
EVT_004389,invoice.paid,CUST_0024,INV_84129,2024-03-14T04:57:50Z,37.79,62380dff-9459-4f08-a9f5-3dc79fe1c8b3,high
EVT_004390,invoice.validated,CUST_0058,INV_73942,2024-05-22T14:35:31Z,191.82,6fcf91ef-e89f-4989-9aa6-52d132a9d3eb,normal
EVT_004391,compliance.failed,CUST_0061,INV_99394,2024-01-11T15:37:47Z,443.66,bc98e55a-b52f-42c8-9428-a92734ac2c95,normal
EVT_004392,invoice.rejected,CUST_0033,INV_66416,2024-05-03T21:27:06Z,65.8,e91d2457-1071-4c00-b4a4-e997830cca5f,critical
EVT_004393,invoice.created,CUST_0012,INV_59601,2024-04-16T04:29:18Z,356.67,cd7f200a-5f3f-475e-86d9-29549d91d54d,critical
EVT_004394,compliance.submitted,CUST_0067,INV_71718,2024-05-15T00:47:04Z,142.41,fde34a0b-e4cf-4707-bd1a-b363788d36a2,high
EVT_004395,invoice.validated,CUST_0003,INV_99152,2024-05-26T09:28:56Z,410.86,b97f19f7-6a80-4a52-b5b9-b99a65b5b29e,high
EVT_004396,invoice.paid,CUST_0011,INV_91472,2024-04-11T00:02:05Z,227.04,f526c35b-01f9-4b76-b720-a9bcaf7a9fb9,high
EVT_004397,compliance.submitted,CUST_0035,INV_80809,2024-01-10T03:16:07Z,471.07,96e04ab2-7f67-488d-bc04-f9dbeba1342f,normal
EVT_004398,invoice.created,CUST_0070,INV_61778,2024-01-06T08:54:06Z,346.3,518adc9f-a55b-4a67-b421-33556b0528b7,low
EVT_004399,invoice.validated,CUST_0018,INV_74744,2024-05-05T07:47:18Z,444.94,225733ef-4083-404c-aea8-7105a2eb60f6,low
EVT_004400,compliance.failed,CUST_0012,INV_30676,2024-05-30T15:56:08Z,8.84,63cbec56-da24-4468-90e4-1d4c0024268c,low
EVT_004401,invoice.rejected,CUST_0065,INV_33642,2024-05-28T10:16:44Z,2.52,1accf248-1d3a-4fa0-a96f-49b7fe4c8fe5,high
EVT_004402,invoice.created,CUST_0020,INV_35539,2024-02-11T23:47:37Z,398.79,b8b827b0-d69c-429c-8c23-187373f8fe1f,normal
EVT_004403,invoice.created,CUST_0009,INV_87810,2024-02-26T12:34:19Z,28.11,3e6b4bda-da4e-4f22-ab9c-74bceea1458d,normal
EVT_004404,compliance.submitted,CUST_0016,INV_65895,2024-04-16T15:45:23Z,235.07,0dd2dad4-7618-492c-a78a-e62ae3e3231f,high
EVT_004405,invoice.validated,CUST_0078,INV_22803,2024-01-04T12:40:05Z,118.47,52578031-0b4c-4026-b68f-01cdc9f3886d,low
EVT_004406,invoice.created,CUST_0001,INV_23788,2024-05-15T18:18:15Z,33.15,1839a8d1-642f-4118-af4d-71cd4ef26f84,critical
EVT_004407,invoice.rejected,CUST_0049,INV_37861,2024-06-17T16:59:31Z,76.12,1cd3ecc8-b050-46ff-b6bc-5390acaaf813,normal
EVT_004408,compliance.submitted,CUST_0033,INV_73040,2024-02-12T11:18:07Z,297.54,40ff6dec-2c3b-45d9-9165-05b09329c524,critical
EVT_004409,compliance.submitted,CUST_0039,INV_25108,2024-03-25T12:56:22Z,218.28,a57cf458-0f32-486b-b61c-4e88c20df2fa,critical
EVT_004410,invoice.paid,CUST_0002,INV_28432,2024-01-26T21:34:10Z,77.96,8028dd25-557d-4a39-b7e1-81bf7efc1b70,low
EVT_004411,invoice.validated,CUST_0006,INV_96086,2024-05-01T00:31:48Z,203.02,aae90692-864e-476b-99e9-edf9dd04d98d,normal
EVT_004412,compliance.failed,CUST_0037,INV_84435,2024-05-01T18:29:43Z,32.43,73ba9fb1-3407-4aad-ad52-a7e7ceb8c2f7,critical
EVT_004413,invoice.rejected,CUST_0002,INV_88682,2024-01-05T20:32:30Z,43.65,64eca099-84ed-4098-89bf-863748b148b0,normal
EVT_004414,compliance.failed,CUST_0018,INV_55914,2024-05-12T16:08:03Z,10.16,9c55118d-950c-45f0-9807-d6261ceb8134,low
EVT_004415,invoice.validated,CUST_0021,INV_24641,2024-01-18T03:18:40Z,120.1,24094926-2649-4c83-8b42-ae674e8afd85,normal
EVT_004416,compliance.failed,CUST_0068,INV_38194,2024-06-24T19:16:03Z,9.21,c8c4f8f2-4d2b-4d71-981b-50957831c29e,low
EVT_004417,compliance.submitted,CUST_0052,INV_24524,2024-03-27T14:12:13Z,487.98,079450ad-e859-411f-9753-5ec1bea1cfae,critical
EVT_004418,invoice.created,CUST_0018,INV_33529,2024-04-26T01:57:45Z,99.96,ba582c2c-68ab-4769-8242-9066b4b7f1fa,normal
EVT_004419,invoice.validated,CUST_0056,INV_12063,2024-03-26T21:50:34Z,9.36,fb9c7ad0-3f7d-49e9-b86c-094a97dc6199,critical
EVT_004420,compliance.failed,CUST_0044,INV_13035,2024-02-10T12:41:08Z,14.86,986c43e3-63c3-48db-9325-538b1022f125,low
EVT_004421,invoice.rejected,CUST_0078,INV_19733,2024-04-11T08:15:27Z,101.41,76775a12-3d00-46c3-80fb-41f118ee6be4,low
EVT_004422,compliance.submitted,CUST_0068,INV_51931,2024-02-20T09:09:39Z,93.68,ee46608f-aeda-4f0f-9ad9-71bf78a0507e,low
EVT_004423,invoice.paid,CUST_0030,INV_76087,2024-05-31T18:50:31Z,353.55,a7748ae2-0aa9-40f7-bf1b-1e4a671b694a,low
EVT_004424,compliance.failed,CUST_0072,INV_39782,2024-05-07T04:45:30Z,322.52,43d42e21-dedc-497c-a08a-4f195f2e0725,high
EVT_004425,compliance.submitted,CUST_0006,INV_40447,2024-03-06T23:18:53Z,157.68,b0ddf919-53c5-4f2d-b557-0ba0f509af3b,normal
EVT_004426,invoice.paid,CUST_0057,INV_94048,2024-02-02T10:16:00Z,30.15,a3426523-31bc-4fbc-b47f-f31c9b8ae689,normal
EVT_004427,invoice.created,CUST_0073,INV_81715,2024-01-06T00:13:50Z,45.48,237c7f2b-2bab-4463-935d-25df478356b7,normal
EVT_004428,invoice.validated,CUST_0009,INV_43504,2024-06-09T11:22:57Z,465.15,0b731f50-f9d0-4002-9c45-57ede2c14549,low
EVT_004429,compliance.submitted,CUST_0010,INV_88189,2024-06-21T00:06:13Z,54.42,acdfd0a2-ab1a-4ea4-8f9c-f7c030ddcc36,high
EVT_004430,compliance.failed,CUST_0009,INV_71481,2024-01-13T20:14:59Z,174.79,2a7ddcc9-faf8-4632-98a2-a9baa33289b6,low
EVT_004431,invoice.created,CUST_0012,INV_97594,2024-03-30T11:53:42Z,131.12,945086ee-2bff-4149-a85b-03da088a70ff,critical
EVT_004432,invoice.paid,CUST_0066,INV_35590,2024-04-17T23:50:59Z,63.43,01737023-41d3-4bfa-9487-ffc0fbb7a0b5,low
EVT_004433,compliance.failed,CUST_0058,INV_89189,2024-05-23T08:36:57Z,2.24,a7080ab3-d375-45a4-8560-f2e3843a5b8f,normal
EVT_004434,compliance.submitted,CUST_0070,INV_25790,2024-05-07T16:50:37Z,187.09,f11adb2a-eb03-4cbb-93e9-9b6ecee4a600,high
EVT_004435,compliance.failed,CUST_0053,INV_62706,2024-04-07T01:27:30Z,112.41,e334331b-a87f-4246-a50d-268ec19a2057,normal
EVT_004436,invoice.paid,CUST_0035,INV_13799,2024-04-19T14:44:03Z,5.73,f279f1c4-a855-4fce-b69b-978133b3bd77,critical
EVT_004437,invoice.rejected,CUST_0055,INV_19843,2024-02-29T12:02:15Z,46.67,e8a41394-8cef-4201-b50d-a4cbb79589c0,normal
EVT_004438,invoice.validated,CUST_0020,INV_82760,2024-05-09T05:21:52Z,1.21,55cc4baf-c2a9-4615-bee9-c96e5fb18915,high
EVT_004439,invoice.validated,CUST_0058,INV_67727,2024-04-08T00:32:45Z,468.96,533665d0-35b0-4e2e-a293-361b410ae300,normal
EVT_004440,invoice.rejected,CUST_0008,INV_93376,2024-04-29T20:40:49Z,366.02,1c726d84-3c2d-45d4-b477-f8c6f223858a,critical
EVT_004441,compliance.failed,CUST_0031,INV_75802,2024-03-11T01:16:03Z,498.68,d0dfeb61-288f-4a49-a38b-45704aef96c8,normal
EVT_004442,compliance.failed,CUST_0028,INV_54492,2024-05-02T01:35:03Z,35.33,a3fa2f3b-a04c-4c3a-9101-09e22562ade0,high
EVT_004443,compliance.submitted,CUST_0004,INV_41808,2024-06-22T15:38:45Z,332.19,91d10275-0909-4f01-babf-58f09708ee4d,high
EVT_004444,compliance.submitted,CUST_0050,INV_47486,2024-02-25T13:42:14Z,277.52,0655e058-167c-4f26-870b-dade1ef44871,normal
EVT_004445,invoice.paid,CUST_0041,INV_98740,2024-05-20T08:39:43Z,388.08,e2899edf-25b7-4771-b3fa-20294f1bc36f,critical
EVT_004446,invoice.validated,CUST_0059,INV_30384,2024-03-19T16:39:14Z,24.19,cea5b88a-65e4-497a-ab38-0b137da05ee7,normal
EVT_004447,invoice.created,CUST_0040,INV_61174,2024-06-22T18:47:18Z,58.48,6de41071-4030-4c3b-bfda-8d8172105f92,normal
EVT_004448,invoice.created,CUST_0032,INV_25294,2024-02-22T11:04:55Z,181.63,22833285-f79f-4f1a-84c9-dd6cb6156c11,normal
EVT_004449,compliance.failed,CUST_0033,INV_55006,2024-06-20T07:31:51Z,9.68,434f891c-fec2-474b-b66f-dd0145483c36,critical
EVT_004450,invoice.validated,CUST_0024,INV_35553,2024-06-21T05:13:35Z,54.82,98a0209e-a3ad-4566-96f4-bb3fb64a9595,high
EVT_004451,compliance.failed,CUST_0016,INV_50171,2024-05-23T17:33:56Z,10.97,97998521-5ad3-4a72-925a-8a053e7e83bf,low
EVT_004452,invoice.rejected,CUST_0014,INV_44752,2024-03-31T17:15:24Z,89.75,6965da03-3e5b-4d8e-b31d-c966d557eb62,critical
EVT_004453,invoice.created,CUST_0037,INV_92808,2024-02-02T08:52:51Z,256.05,cadc4f6c-dcaf-49ec-85a6-bf3ab62b512e,high
EVT_004454,compliance.submitted,CUST_0049,INV_24373,2024-02-16T03:28:07Z,45.06,1406f14a-fc44-43f7-9f09-c6ab8168cdec,critical
EVT_004455,invoice.paid,CUST_0035,INV_94106,2024-05-26T02:34:59Z,185.31,b259dd0b-dd36-49cf-9081-e87f9fc83db0,normal
EVT_004456,compliance.submitted,CUST_0076,INV_67954,2024-04-25T18:38:30Z,9.5,ddf82e9a-36c2-4ac9-a709-b062e471e853,critical
EVT_004457,compliance.failed,CUST_0048,INV_84700,2024-05-28T11:38:14Z,40.79,58148b94-af14-4b23-9f4b-4a3680c790d8,critical
EVT_004458,invoice.created,CUST_0041,INV_44221,2024-06-06T04:38:29Z,223.49,7b6205b8-7a27-413c-994a-42b09e6f03ce,normal
EVT_004459,compliance.submitted,CUST_0036,INV_33255,2024-04-03T05:27:38Z,184.65,0421edb4-fb26-4587-b312-75497041c106,normal
EVT_004460,compliance.failed,CUST_0034,INV_35764,2024-03-03T23:15:46Z,49.88,d786bb5b-d162-4b4c-a0b5-519b595774fe,high
EVT_004461,invoice.validated,CUST_0052,INV_72704,2024-02-28T05:26:57Z,27.22,8fa3d416-94cb-480d-8919-10d2fb22a3ec,high
EVT_004462,invoice.created,CUST_0027,INV_93321,2024-05-24T14:54:47Z,90.3,36b0bf9e-5e95-4ea8-914d-a11af827f1a0,critical
EVT_004463,invoice.created,CUST_0076,INV_13471,2024-03-16T14:03:59Z,19.5,bf545580-ad1e-48ef-aeec-299c71deac08,critical
EVT_004464,invoice.created,CUST_0040,INV_29272,2024-04-27T21:27:30Z,169.37,1ae5cc86-d13c-4c2e-9397-4e09c93ae21d,low
EVT_004465,invoice.created,CUST_0050,INV_65671,2024-03-06T15:57:53Z,165.91,15ab94c0-a704-4dda-bb0d-7b5bfdc10184,low
EVT_004466,invoice.validated,CUST_0014,INV_51736,2024-01-21T20:53:53Z,159.07,00a7e430-9c41-47c7-b73a-01f7e01668c8,low
EVT_004467,invoice.rejected,CUST_0001,INV_16907,2024-06-25T15:51:17Z,251.5,5a3bb986-6946-4d06-a992-0625a241e67b,critical
EVT_004468,compliance.failed,CUST_0066,INV_27519,2024-02-14T01:07:50Z,6.53,c91e9a2f-71e7-46e9-b4dd-3e089a482976,high
EVT_004469,invoice.rejected,CUST_0079,INV_28482,2024-04-16T09:50:46Z,177.57,79849fb6-7da6-40f3-9d72-82961aedde82,critical
EVT_004470,invoice.rejected,CUST_0065,INV_31486,2024-06-18T22:14:40Z,2.59,9392fe96-f08e-46e8-84b8-d9f3038d4738,high
EVT_004471,invoice.rejected,CUST_0035,INV_61413,2024-01-27T11:44:23Z,1.68,39b700b8-161e-44af-91a8-d05f73d46fe7,normal
EVT_004472,invoice.paid,CUST_0069,INV_18877,2024-06-27T03:11:24Z,314.88,4fde175e-d94f-4fdb-ad55-25663851efc1,high
EVT_004473,compliance.submitted,CUST_0077,INV_45816,2024-05-17T14:43:26Z,98.55,d8716413-334d-4619-9de8-2db48f389229,normal
EVT_004474,compliance.submitted,CUST_0063,INV_76039,2024-05-16T09:05:02Z,84.44,541415cc-d317-4b9d-a24e-16156f0da45b,critical
EVT_004475,compliance.failed,CUST_0074,INV_88750,2024-04-01T02:45:54Z,177.29,77b00105-87ce-4a4b-9a9b-55c508e96295,critical
EVT_004476,invoice.rejected,CUST_0003,INV_92016,2024-04-01T01:54:53Z,105.35,991b9a6e-cd54-442f-a90f-29fe44f1a71d,low
EVT_004477,invoice.rejected,CUST_0041,INV_40131,2024-01-01T20:42:02Z,196.29,cca8c504-9a64-45e5-9aaa-e5bf8f35416c,low
EVT_004478,invoice.rejected,CUST_0018,INV_82291,2024-04-13T01:25:22Z,142.85,07ec38a2-cd01-4466-84dc-ee09be421153,low
EVT_004479,invoice.validated,CUST_0080,INV_56822,2024-03-22T09:21:05Z,16.06,631fb137-a9c4-4a97-bc65-e96e94a171ae,critical
EVT_004480,invoice.created,CUST_0042,INV_32467,2024-06-13T03:11:58Z,63.29,bf2486df-d869-490e-9016-6bf1e9f81d23,normal
EVT_004481,invoice.rejected,CUST_0018,INV_95904,2024-03-14T17:28:54Z,15.0,46ddf48d-db4c-40d6-86fb-5c6dae8a30f9,high
EVT_004482,invoice.rejected,CUST_0045,INV_17980,2024-04-23T02:18:37Z,25.58,f6832db3-c0ae-4d8c-8182-82352ee4af0c,high
EVT_004483,invoice.validated,CUST_0052,INV_54088,2024-03-13T12:38:27Z,91.46,00fd75a5-c3a5-4f35-9a83-8a4d1fe242d9,high
EVT_004484,invoice.paid,CUST_0005,INV_64703,2024-06-08T19:15:24Z,188.98,9ed7e097-3321-43d8-b271-dcabfa278d8d,critical
EVT_004485,invoice.rejected,CUST_0029,INV_83417,2024-04-04T08:10:54Z,310.02,fdec2be7-0dd0-4a3e-bab6-54e30211527f,normal
EVT_004486,invoice.validated,CUST_0043,INV_32352,2024-01-15T18:24:42Z,190.73,efb8ad06-8b10-43fc-a99a-aba8a16ce49c,critical
EVT_004487,compliance.submitted,CUST_0059,INV_93915,2024-06-03T00:09:27Z,3.52,c24b2d56-87f7-44f4-9d1f-835fe5cc650e,normal
EVT_004488,compliance.failed,CUST_0062,INV_32958,2024-04-24T08:53:07Z,134.39,58b97dd7-7d86-4ff0-8506-f3077691d9b0,high
EVT_004489,compliance.submitted,CUST_0021,INV_62089,2024-02-10T14:07:47Z,382.46,3b172125-6353-478f-a84a-2fcf7989ea77,low
EVT_004490,invoice.validated,CUST_0019,INV_97133,2024-01-12T16:38:53Z,26.33,299605ef-03fe-46e5-a6be-7d56862ab132,high
EVT_004491,compliance.submitted,CUST_0012,INV_20767,2024-03-07T12:06:46Z,329.43,d3036a58-fa96-4f2d-bea3-a2fcf7085b43,high
EVT_004492,invoice.rejected,CUST_0061,INV_39016,2024-06-21T14:46:19Z,42.02,017ef349-19db-4a6f-8c8c-a3a10c0291f6,critical
EVT_004493,invoice.validated,CUST_0049,INV_53739,2024-05-16T23:33:19Z,8.89,53bbe0e5-6414-48aa-84ea-55aabceffd1a,critical
EVT_004494,invoice.rejected,CUST_0022,INV_17805,2024-01-05T05:26:05Z,26.04,38e4806c-dc34-4abe-b66c-7bc1e004e95e,normal
EVT_004495,invoice.paid,CUST_0034,INV_19991,2024-06-20T21:04:11Z,4.38,6c750f2f-5958-482d-9dd6-7add5f590d3d,critical
EVT_004496,invoice.validated,CUST_0019,INV_95289,2024-04-11T05:20:17Z,19.74,443280ad-a5ac-40a0-9af8-a93257db1ddc,normal
EVT_004497,invoice.rejected,CUST_0065,INV_23423,2024-01-08T23:23:07Z,141.95,c3419d0b-bd7c-4f5e-957a-84d540c2ce26,low
EVT_004498,compliance.failed,CUST_0032,INV_98784,2024-02-09T06:56:14Z,125.69,1b58a029-c719-42ab-aa19-db2098ff4839,low
EVT_004499,invoice.rejected,CUST_0068,INV_42741,2024-05-06T05:42:32Z,334.12,f09e76ce-fc24-41d7-aacc-c150ec6885e7,normal
EVT_004500,compliance.submitted,CUST_0003,INV_36111,2024-05-02T10:09:43Z,5.27,95f20801-caff-4d14-84cb-73fb819956a8,normal
EVT_004501,compliance.submitted,CUST_0009,INV_41495,2024-01-07T02:24:17Z,122.83,4583e9d0-b374-468c-a42d-d1e56aee0906,critical
EVT_004502,invoice.paid,CUST_0059,INV_69627,2024-06-01T01:36:54Z,112.41,fba67ec6-b55f-4c75-b3bf-083f530beee2,critical
EVT_004503,invoice.rejected,CUST_0040,INV_49163,2024-03-10T08:06:56Z,264.9,7b50f2cd-8cca-48a5-8461-8dd5d6d7310c,low
EVT_004504,compliance.failed,CUST_0079,INV_42783,2024-03-05T05:44:59Z,10.9,8c505c27-5cc8-41ec-bb1d-98052bd31e4f,low
EVT_004505,compliance.submitted,CUST_0018,INV_36780,2024-03-15T03:24:14Z,29.14,50b4f830-c8a1-49a4-bc59-33ad50b4dad9,normal
EVT_004506,invoice.validated,CUST_0025,INV_34719,2024-05-14T04:58:50Z,264.2,3baa1bfc-c7ae-4e8e-accf-a66a188ba9be,low
EVT_004507,compliance.submitted,CUST_0040,INV_51274,2024-05-07T03:42:24Z,17.48,43cc3703-b6a9-402c-8fb5-241e68360509,critical
EVT_004508,invoice.paid,CUST_0033,INV_28168,2024-01-04T08:55:18Z,113.39,c3bc4ca9-b15d-4a63-82fc-f2cd4fac6bf8,low
EVT_004509,invoice.created,CUST_0041,INV_48922,2024-05-02T18:27:40Z,15.98,dee1ee0f-9506-40a6-902c-f3311ff14f0c,critical
EVT_004510,invoice.validated,CUST_0037,INV_43420,2024-04-19T05:22:47Z,474.17,e36bcb40-2ee4-4d2e-9d63-5a579872839c,critical
EVT_004511,invoice.validated,CUST_0032,INV_86432,2024-01-11T14:08:11Z,115.52,94097832-3711-46e8-9c17-327989dbf26f,normal
EVT_004512,compliance.failed,CUST_0045,INV_14401,2024-02-02T13:40:22Z,161.08,e2e7c3b4-2463-42e8-82a8-0217d750e92c,normal
EVT_004513,invoice.created,CUST_0059,INV_31077,2024-03-30T17:31:40Z,282.51,b82bc1cf-7707-41ed-99c1-aa5734f32090,low
EVT_004514,compliance.failed,CUST_0076,INV_87262,2024-05-10T01:56:45Z,47.73,550774d0-1bee-45c3-b3dd-0ed7c65c1049,critical
EVT_004515,compliance.submitted,CUST_0043,INV_18810,2024-05-01T08:26:05Z,155.06,939bcef7-5183-40f4-944a-759ba3e7f0bf,high
EVT_004516,invoice.rejected,CUST_0039,INV_52130,2024-03-24T23:52:15Z,173.7,5973272a-8e0c-4ae1-b4e3-3aa72d8c4666,low
EVT_004517,invoice.rejected,CUST_0048,INV_30474,2024-02-02T23:40:29Z,181.83,33d47c24-66bb-466f-b483-091e1030bcf9,critical
EVT_004518,invoice.rejected,CUST_0069,INV_43508,2024-03-11T23:15:07Z,221.57,f306986f-d62d-4697-afa6-187b7b664af8,critical
EVT_004519,compliance.failed,CUST_0063,INV_55436,2024-04-26T08:05:03Z,68.74,8891d1de-2b2f-46d4-aa4e-3f3e7cd5ab9f,critical
EVT_004520,compliance.submitted,CUST_0006,INV_99007,2024-05-25T08:46:36Z,244.69,95ca7e9d-40ed-40ef-a65d-180595149b90,high
EVT_004521,invoice.validated,CUST_0006,INV_75995,2024-05-24T06:10:56Z,415.65,ca8e4ff3-85c9-4e25-81e8-f25aa877961f,low
EVT_004522,compliance.failed,CUST_0060,INV_14253,2024-04-03T21:32:33Z,124.29,5dacea9f-2ecd-4b3d-a138-af0d1e0f6931,low
EVT_004523,invoice.paid,CUST_0032,INV_22811,2024-01-21T13:16:39Z,432.92,ff66b8f1-e585-47fb-973c-7d407f5eeee2,normal
EVT_004524,invoice.rejected,CUST_0012,INV_55881,2024-03-15T19:49:12Z,176.45,ed3e1b12-f1a7-4f6e-95d4-3ff953f431a2,normal
EVT_004525,compliance.failed,CUST_0065,INV_36374,2024-05-18T04:26:19Z,164.04,143a6f76-a2aa-407e-ab6d-c28336bc7b93,high
EVT_004526,compliance.failed,CUST_0012,INV_16845,2024-03-09T22:41:05Z,362.57,24281f8a-ef1a-4aa5-b4c6-242cbccd5fcc,low
EVT_004527,compliance.failed,CUST_0045,INV_71354,2024-03-10T15:04:31Z,460.79,8cac8c14-0b3d-43f3-9ff5-c262cee30d8d,critical
EVT_004528,invoice.paid,CUST_0011,INV_64340,2024-06-15T22:02:45Z,28.42,8846ab22-7e3f-47ae-82de-3f92b7dd7607,normal
EVT_004529,invoice.validated,CUST_0054,INV_60857,2024-05-24T21:51:54Z,145.88,d5e66b23-ffc1-488a-ab25-325df3cda7ab,high
EVT_004530,invoice.paid,CUST_0016,INV_25278,2024-05-15T01:44:32Z,60.76,3964531b-ac28-4be4-aa33-07397a6077e7,critical
EVT_004531,invoice.validated,CUST_0025,INV_44183,2024-02-06T09:11:12Z,189.67,45975de7-c7cb-49ba-b3b7-3732adad0532,critical
EVT_004532,invoice.created,CUST_0078,INV_87785,2024-03-19T11:11:59Z,192.32,97e9a82e-4e74-424a-b089-3de6db5704a1,critical
EVT_004533,compliance.failed,CUST_0040,INV_60834,2024-04-18T08:40:07Z,363.99,73e7cef0-cf48-475a-b8e6-5f9f242566d8,critical
EVT_004534,compliance.submitted,CUST_0026,INV_65686,2024-01-17T13:24:30Z,250.56,7464ccf5-0dde-40ab-8e43-59c58878c034,low
EVT_004535,invoice.validated,CUST_0034,INV_60945,2024-05-17T14:24:54Z,174.62,890ecefd-f275-43ed-ae9c-e50a6a304697,low
EVT_004536,invoice.validated,CUST_0055,INV_40809,2024-02-18T15:08:00Z,68.08,2cd33b03-37af-47fd-b72e-cabdd3328834,low
EVT_004537,invoice.paid,CUST_0015,INV_36712,2024-04-04T17:34:50Z,228.23,f25b5fca-72fa-4ac0-964a-e012be9283b1,critical
EVT_004538,compliance.failed,CUST_0032,INV_95404,2024-03-31T14:56:14Z,1.83,7bfff863-f0d1-46e7-8c47-939937db3dcf,critical
EVT_004539,invoice.validated,CUST_0001,INV_32777,2024-03-22T13:37:37Z,111.98,3b03a3f9-ab66-4d06-bdcf-4974aeb88bae,normal
EVT_004540,invoice.paid,CUST_0046,INV_58983,2024-04-05T05:06:47Z,251.85,fc623769-8e6b-4468-b9c6-a4664964cce3,high
EVT_004541,invoice.rejected,CUST_0009,INV_11100,2024-01-01T08:42:05Z,267.73,b28f744d-86c4-45bc-9feb-8a2f2de07e1f,normal
EVT_004542,invoice.created,CUST_0061,INV_38573,2024-02-09T11:09:51Z,363.41,a45475fa-ce79-450d-8cac-bd480697bd5c,critical
EVT_004543,compliance.failed,CUST_0039,INV_59930,2024-06-16T22:36:07Z,239.73,1045933f-8187-4083-96ff-9bd2e0575a16,normal
EVT_004544,invoice.paid,CUST_0044,INV_20598,2024-06-11T22:16:09Z,6.68,b89db7d1-1040-4b6e-a5ea-625e1bef2fea,normal
EVT_004545,compliance.failed,CUST_0070,INV_66264,2024-01-01T15:24:23Z,150.89,8d3d5276-4848-4766-bee0-0277886e9beb,critical
EVT_004546,invoice.created,CUST_0018,INV_83686,2024-05-08T09:57:27Z,17.41,b3f41f1c-97bc-4558-8053-1d5708d5017f,low
EVT_004547,invoice.validated,CUST_0013,INV_75865,2024-05-07T08:32:06Z,38.34,45da5c6c-f6c4-486f-8330-93bf855538c0,normal
EVT_004548,invoice.paid,CUST_0051,INV_61543,2024-03-23T07:30:40Z,147.64,d2bea99f-8518-42b1-8c4c-c0c06da79b5a,critical
EVT_004549,invoice.created,CUST_0023,INV_95202,2024-04-08T11:20:32Z,464.9,e244a7c4-886b-48ac-b4a7-524cff50e955,high
EVT_004550,invoice.validated,CUST_0044,INV_36352,2024-01-02T23:23:59Z,48.88,b112ba10-3e78-4d0a-a646-ca5df7560298,high
EVT_004551,invoice.validated,CUST_0004,INV_74299,2024-06-10T16:12:39Z,414.81,a062ebba-4e6e-4ab4-a3f8-8b6a011cb377,low
EVT_004552,compliance.failed,CUST_0026,INV_42890,2024-01-31T03:45:08Z,415.05,8bf56114-fa88-48bc-a2c0-998c5878e8bb,high
EVT_004553,invoice.created,CUST_0054,INV_86290,2024-03-28T16:44:19Z,451.55,ff586add-6f66-4bc8-94dd-fc51ccf0d06a,normal
EVT_004554,invoice.paid,CUST_0007,INV_75709,2024-03-12T16:22:49Z,23.28,d74d98db-53f2-405d-b26c-ebb48bb3bbf7,critical
EVT_004555,invoice.rejected,CUST_0043,INV_91603,2024-01-30T11:15:56Z,131.27,5c84775a-4bda-4864-8794-760925eaf039,normal
EVT_004556,invoice.validated,CUST_0077,INV_76542,2024-04-08T03:00:59Z,201.24,87f71850-a232-4d92-a455-14e3958d8828,low
EVT_004557,invoice.rejected,CUST_0042,INV_86952,2024-01-24T10:59:13Z,23.87,b1547ce4-4efc-4809-88ea-90b178c043e3,normal
EVT_004558,invoice.created,CUST_0052,INV_63504,2024-05-20T22:51:26Z,43.0,8b3736d1-fb76-474e-bba7-67f6233e61bc,normal
EVT_004559,invoice.paid,CUST_0018,INV_24224,2024-05-16T12:51:43Z,404.84,80a1145f-94b8-42de-8091-734e5fc13b9b,low
EVT_004560,invoice.rejected,CUST_0017,INV_83649,2024-04-19T06:28:48Z,292.51,56fce7f4-73b8-470c-984c-c7059cc4208d,high
EVT_004561,invoice.paid,CUST_0041,INV_63645,2024-03-29T22:31:13Z,475.0,8be8145b-d65b-4d96-b26f-77c620939987,critical
EVT_004562,invoice.rejected,CUST_0044,INV_12156,2024-05-01T10:16:02Z,485.68,49c6e825-36d8-46bd-9a2f-467a37d493a9,low
EVT_004563,invoice.rejected,CUST_0048,INV_62465,2024-04-25T09:48:55Z,37.5,357ce38f-55b0-449b-9b2b-f5752043f078,high
EVT_004564,invoice.validated,CUST_0076,INV_60282,2024-05-26T22:04:52Z,188.55,03fbead3-2c28-4c64-8dab-cfffa21ced82,low
EVT_004565,invoice.paid,CUST_0020,INV_14022,2024-05-03T17:11:01Z,441.8,3c050853-b06e-4255-b6b3-79b1ee2a4038,normal
EVT_004566,compliance.failed,CUST_0053,INV_79606,2024-01-07T16:01:30Z,25.14,830f98c2-c4a5-4f0d-a259-ad6fb836ed7f,low
EVT_004567,invoice.validated,CUST_0018,INV_93084,2024-01-06T15:27:56Z,35.89,a41b3c31-c888-4c78-b422-ff419a05d5e0,normal
EVT_004568,compliance.submitted,CUST_0002,INV_90976,2024-05-27T06:10:30Z,21.92,af4a7a7d-4940-4666-a580-4ce34ce1ea5a,critical
EVT_004569,invoice.validated,CUST_0021,INV_94786,2024-01-04T09:19:57Z,22.75,cd17ec9a-6630-406d-a631-aebb888c1576,critical
EVT_004570,invoice.paid,CUST_0047,INV_10125,2024-03-22T15:47:59Z,23.54,899ef11e-44b8-41e5-9500-8f0ac8808cb9,high
EVT_004571,invoice.rejected,CUST_0052,INV_74275,2024-05-08T00:48:20Z,464.11,b3e53ec0-e567-4539-855f-5f03ccda45fc,critical
EVT_004572,invoice.created,CUST_0063,INV_51634,2024-04-02T21:06:54Z,13.77,bc4a8371-be8f-47f2-bee9-b2e6c3d406bc,low
EVT_004573,compliance.failed,CUST_0051,INV_88248,2024-02-18T18:56:42Z,191.94,b42f2193-4be9-422b-affa-f7ba17c132c7,critical
EVT_004574,compliance.submitted,CUST_0071,INV_74900,2024-05-06T22:56:24Z,86.16,fbb3483d-00dc-44a8-a726-1076cb49c379,critical
EVT_004575,invoice.created,CUST_0069,INV_31080,2024-01-25T04:16:03Z,242.62,46c82abe-666a-47a1-b384-5c28432698bc,normal
EVT_004576,invoice.paid,CUST_0055,INV_26748,2024-06-11T22:35:01Z,16.5,8d46652d-5852-45fe-96e2-aadb6bee39ee,low
EVT_004577,compliance.submitted,CUST_0073,INV_16782,2024-03-04T15:33:42Z,177.41,a58a6fab-e0cc-4a33-aba2-78d0ebe0e065,low
EVT_004578,invoice.paid,CUST_0041,INV_11703,2024-04-28T03:19:58Z,3.0,13199f57-37ee-4daf-896f-c612c973f6d7,low
EVT_004579,compliance.submitted,CUST_0058,INV_76383,2024-02-10T16:58:09Z,337.6,c660a191-a9f8-4edf-ad6a-059af25951f5,normal
EVT_004580,invoice.paid,CUST_0040,INV_47100,2024-05-21T10:53:19Z,378.61,4bcf5562-1766-49e2-8887-8bd89bb69710,low
EVT_004581,invoice.rejected,CUST_0071,INV_23714,2024-04-27T08:37:36Z,299.2,a6d2d1ce-62cb-4803-9416-e222fa28cd28,critical
EVT_004582,compliance.submitted,CUST_0064,INV_38709,2024-01-14T03:25:41Z,80.17,ed84baf8-a479-45ea-90d2-d46474d655f4,normal
EVT_004583,invoice.rejected,CUST_0070,INV_95818,2024-05-03T18:30:15Z,39.85,385ed61e-eb53-4eef-ae83-437f3c56dd24,low
EVT_004584,invoice.created,CUST_0075,INV_35731,2024-05-07T10:11:09Z,38.03,7709148a-fcf3-45af-852d-2e382796575b,high
EVT_004585,compliance.submitted,CUST_0022,INV_47052,2024-05-08T12:21:30Z,376.19,f82a1f43-2bbb-4bae-b353-7fbbee0d6122,low
EVT_004586,invoice.validated,CUST_0030,INV_42362,2024-05-27T15:24:24Z,156.46,b5c2c00f-7f20-4d71-8f4e-dfbfa3aaa9bf,critical
EVT_004587,compliance.failed,CUST_0056,INV_60756,2024-01-08T01:02:52Z,176.23,01bae48f-55e7-46b8-8078-c43287ade8f8,low
EVT_004588,invoice.rejected,CUST_0026,INV_12188,2024-05-31T16:11:17Z,134.63,d9089c4d-8f6d-48c2-8204-5f5d34346ad8,normal
EVT_004589,invoice.rejected,CUST_0069,INV_48036,2024-03-30T13:02:49Z,33.79,b82fdebe-9805-43bd-85a4-06a19a6739c9,normal
EVT_004590,invoice.validated,CUST_0053,INV_84511,2024-02-16T08:58:25Z,145.05,df6bebe9-6a46-42d9-8e1c-152820055ca7,low
EVT_004591,invoice.paid,CUST_0024,INV_41766,2024-03-15T17:25:51Z,181.62,f131c924-3bff-49af-b454-f9897d73da33,high
EVT_004592,compliance.submitted,CUST_0072,INV_52690,2024-01-16T12:06:14Z,6.74,ac47f433-349e-43ec-97f9-6b22ff3d08ee,critical
EVT_004593,invoice.created,CUST_0066,INV_54711,2024-03-21T13:51:36Z,117.36,d7b54072-a2e3-4f2c-ae20-0bd8dc116e6b,low
EVT_004594,compliance.failed,CUST_0076,INV_97148,2024-01-27T12:34:47Z,28.38,4a1c7625-c126-4931-b109-a9cd5845798e,low
EVT_004595,invoice.paid,CUST_0020,INV_51889,2024-04-13T01:04:59Z,311.55,8b87f944-b32f-4e87-bf82-25623714b7be,normal
EVT_004596,invoice.created,CUST_0031,INV_37422,2024-05-11T23:03:05Z,106.71,6156ac28-994b-4bbc-af8e-4e4aca4d6786,low
EVT_004597,compliance.failed,CUST_0077,INV_32249,2024-06-18T07:24:43Z,14.05,3f1c34f2-e74d-4ecd-822c-c59cdcc74855,critical
EVT_004598,invoice.paid,CUST_0042,INV_18407,2024-03-07T07:59:18Z,110.73,b5d9462f-59a6-40f0-adbc-b0883494ed65,critical
EVT_004599,invoice.rejected,CUST_0034,INV_22418,2024-05-15T12:58:43Z,96.38,69fe356a-70ad-417d-b65d-3651992fe414,normal
EVT_004600,compliance.failed,CUST_0046,INV_49380,2024-03-27T02:24:18Z,452.99,de1d089b-00e5-4ca0-98b1-8505592af983,normal
EVT_004601,compliance.failed,CUST_0042,INV_64953,2024-01-28T02:05:53Z,33.08,25a6c7af-ffa5-41e5-a9f6-be91addf7fcf,low
EVT_004602,invoice.created,CUST_0067,INV_23503,2024-03-11T22:25:22Z,41.13,84e2ccc4-0e46-4d11-a055-af3b12e43683,normal
EVT_004603,invoice.rejected,CUST_0070,INV_19773,2024-06-16T21:19:58Z,114.17,086be6ea-0369-492e-8874-78b445e1f778,low
EVT_004604,compliance.failed,CUST_0048,INV_64225,2024-01-12T16:56:47Z,366.0,b4cd306a-ff8b-42da-a822-b02ca373d820,normal
EVT_004605,invoice.validated,CUST_0065,INV_18875,2024-05-22T18:25:57Z,335.38,aa071f0f-f83c-4d52-bbd5-eefec43f7b3e,low
EVT_004606,invoice.paid,CUST_0023,INV_51948,2024-05-27T11:04:14Z,277.57,ccb984e1-ba2f-43c0-a393-f80f6240321a,high
EVT_004607,invoice.validated,CUST_0045,INV_41594,2024-03-14T04:07:10Z,42.85,68719f80-dfe1-46f1-9464-36c03fe4cdfd,high
EVT_004608,invoice.rejected,CUST_0080,INV_28141,2024-06-20T23:49:59Z,14.67,bfa76c0f-91cb-465c-b1c5-34563053c4e1,high
EVT_004609,invoice.paid,CUST_0044,INV_79529,2024-05-20T06:56:31Z,325.56,6340961f-c0df-470d-9636-3aa250877a42,low
EVT_004610,invoice.validated,CUST_0026,INV_45303,2024-06-05T03:22:11Z,160.85,4bc9659a-5c4b-43d9-a724-8bfcfe0318e5,low
EVT_004611,compliance.failed,CUST_0049,INV_78856,2024-01-22T09:06:39Z,250.14,aa2cd943-77b1-4f73-94b4-7264daff938e,critical
EVT_004612,compliance.failed,CUST_0075,INV_42890,2024-03-30T20:18:21Z,24.59,ff45ddde-8e3d-4845-859b-5116aa6605fb,critical
EVT_004613,compliance.failed,CUST_0004,INV_82942,2024-02-10T14:33:33Z,199.04,036b7eea-9bdf-4188-8e24-f7127aebc570,normal
EVT_004614,invoice.created,CUST_0053,INV_84815,2024-04-12T06:10:40Z,238.33,8ea2d881-1b32-4016-a107-0ed9577c375f,normal
EVT_004615,compliance.submitted,CUST_0023,INV_46768,2024-05-20T13:38:13Z,500.46,aee338f6-39b0-456a-8796-7dd44971fccb,normal
EVT_004616,compliance.failed,CUST_0018,INV_10127,2024-04-09T02:46:12Z,43.48,85a8abbb-85f8-4f9b-80e3-b70845564746,high
EVT_004617,compliance.submitted,CUST_0031,INV_42860,2024-05-13T01:16:40Z,64.22,5e4a6453-020f-4166-a864-6559ab655fea,high
EVT_004618,invoice.created,CUST_0048,INV_80668,2024-02-24T00:31:41Z,31.03,75eeca7f-fc97-4549-8cbc-850e5b02fe97,low
EVT_004619,invoice.created,CUST_0034,INV_16706,2024-05-28T16:59:31Z,44.64,380df9c8-aec7-4755-ba76-e11191f8bf0e,normal
EVT_004620,invoice.paid,CUST_0065,INV_72238,2024-01-30T06:08:18Z,10.35,45ff15c2-f695-471c-870e-c19ad47cc557,high
EVT_004621,compliance.submitted,CUST_0058,INV_59847,2024-04-22T13:00:03Z,458.44,5ffa525a-a931-41b6-87b3-87353dd50566,critical
EVT_004622,invoice.validated,CUST_0018,INV_29367,2024-01-18T22:30:54Z,169.06,575a5679-2e55-4509-b6a9-0ea4a5837ee1,normal
EVT_004623,compliance.submitted,CUST_0070,INV_51121,2024-03-20T04:24:23Z,194.06,b7b8cddf-e498-438b-b8fb-1acd0033eeda,critical
EVT_004624,compliance.failed,CUST_0007,INV_78662,2024-05-13T01:22:06Z,41.38,dd37085b-5ef0-4e76-8a28-9ac636fc9c99,normal
EVT_004625,invoice.paid,CUST_0047,INV_33211,2024-04-15T16:58:15Z,168.71,e181fa8a-21e3-4c76-8d29-11c4b31c2315,critical
EVT_004626,invoice.validated,CUST_0028,INV_20228,2024-03-17T07:11:38Z,86.61,5ad4dc45-7d57-4e7e-bece-4576e1b435f5,critical
EVT_004627,invoice.paid,CUST_0006,INV_30669,2024-01-21T00:36:37Z,37.47,f28a1614-8ad4-4b6c-9621-699c11e63442,normal
EVT_004628,invoice.paid,CUST_0027,INV_50841,2024-05-16T02:53:27Z,452.7,6af7a684-72b5-4c7a-b4c2-eb581b6076e9,critical
EVT_004629,invoice.created,CUST_0037,INV_92796,2024-04-20T20:52:52Z,274.74,99392553-c776-4943-9683-98ee24f1f592,normal
EVT_004630,invoice.created,CUST_0005,INV_18003,2024-02-14T09:59:47Z,35.95,cff65ebf-0a6d-4068-94ef-38805a5c5c28,critical
EVT_004631,invoice.validated,CUST_0056,INV_78702,2024-02-04T17:50:41Z,175.56,d097f788-1ff3-404f-bd0d-cf1dd93bc2dd,low
EVT_004632,invoice.rejected,CUST_0069,INV_69469,2024-05-03T10:23:41Z,31.15,af296e15-013f-41fa-b11b-01ba83fc73da,normal
EVT_004633,invoice.created,CUST_0074,INV_23643,2024-03-09T08:25:01Z,32.06,97e1d0cd-4c65-4ad2-b19e-6e9d7fd47d5b,low
EVT_004634,invoice.paid,CUST_0049,INV_15735,2024-05-21T23:14:23Z,168.56,8c1eb582-bbe7-4eea-932b-3244bd6b7110,low
EVT_004635,compliance.submitted,CUST_0038,INV_12305,2024-03-22T07:55:52Z,116.33,516b65c6-df97-4997-9aae-31b94c6af4d9,normal
EVT_004636,compliance.failed,CUST_0066,INV_91822,2024-06-10T00:52:14Z,6.19,852c947f-a13f-49fc-9d5f-87a6764225ea,high
EVT_004637,invoice.created,CUST_0036,INV_64580,2024-01-15T02:18:01Z,123.74,9684d4da-e0db-43e0-84cb-0c5e15e38e45,critical
EVT_004638,invoice.validated,CUST_0029,INV_19981,2024-06-13T17:41:26Z,255.44,5ac13bf2-5c81-408f-a47c-b968b371a4ea,high
EVT_004639,invoice.validated,CUST_0020,INV_78790,2024-06-23T03:54:09Z,29.04,4f2e1bee-b0b9-44b8-af22-a00e22fc8479,critical
EVT_004640,invoice.created,CUST_0010,INV_94179,2024-06-04T09:26:55Z,435.86,528b8845-5417-4272-88bb-b9fb98c9d88f,high
EVT_004641,invoice.validated,CUST_0004,INV_96667,2024-02-02T19:16:27Z,399.27,1405b7a6-371b-471f-af06-95689f4b7af9,low
EVT_004642,invoice.paid,CUST_0055,INV_22358,2024-03-25T05:17:12Z,490.19,fa851172-d3ad-4279-b8d9-252c10dda5da,normal
EVT_004643,invoice.created,CUST_0016,INV_43387,2024-04-07T00:22:45Z,311.33,bd2c9000-dd06-47e2-840b-86372e2ae70c,low
EVT_004644,compliance.submitted,CUST_0022,INV_31736,2024-04-19T07:20:08Z,15.34,9c6ef048-c0ec-48c9-b1da-9c629a4403e1,normal
EVT_004645,compliance.submitted,CUST_0065,INV_19466,2024-05-10T09:17:37Z,214.84,758e4ff2-874d-45cf-9b0d-836ef04daa14,high
EVT_004646,invoice.paid,CUST_0018,INV_61442,2024-01-22T11:43:31Z,68.03,4a055047-7d9e-4f5c-bfa1-89af7c980d23,critical
EVT_004647,invoice.created,CUST_0022,INV_52940,2024-03-05T21:19:08Z,271.13,5f67ca76-8e8b-4888-b0c1-758e6d889ac8,normal
EVT_004648,compliance.submitted,CUST_0036,INV_18304,2024-05-25T14:29:14Z,12.35,72ae6818-45f7-4860-860f-73aba9556b20,normal
EVT_004649,compliance.failed,CUST_0047,INV_32070,2024-01-09T21:34:17Z,24.83,dce38322-73c7-4ff4-9b09-e21a205a8401,normal
EVT_004650,invoice.rejected,CUST_0065,INV_16196,2024-02-24T16:53:04Z,503.55,5bcb3dcc-01a2-4d89-a1ef-199e3459c873,normal
EVT_004651,invoice.paid,CUST_0062,INV_56501,2024-05-04T17:36:27Z,13.59,cbc236de-49d7-40d5-a99b-09295a52a588,high
EVT_004652,invoice.validated,CUST_0068,INV_39460,2024-01-04T17:16:52Z,49.28,546f16bb-15bc-4963-82f1-29517ddb4417,high
EVT_004653,compliance.failed,CUST_0072,INV_42216,2024-03-20T21:33:52Z,138.62,2c262e6e-1a06-45f1-a45b-1f3d0fae9a72,low
EVT_004654,invoice.rejected,CUST_0043,INV_97958,2024-01-12T02:41:35Z,233.01,3899cf4e-f50f-4869-8681-0578a569a945,low
EVT_004655,compliance.submitted,CUST_0041,INV_26417,2024-01-23T21:32:23Z,45.65,5cfe5f31-5e7d-46f5-bf1b-5ab0654f0a39,low
EVT_004656,invoice.rejected,CUST_0062,INV_43705,2024-02-19T03:41:36Z,377.22,9d22f6d4-d11e-4643-9ffc-7a96301927f0,low
EVT_004657,invoice.paid,CUST_0061,INV_42954,2024-01-25T05:57:21Z,51.48,1e0f4036-cfb8-4aeb-b01b-56c37b27a9e6,high
EVT_004658,compliance.failed,CUST_0051,INV_76076,2024-04-12T12:04:04Z,187.3,a23fa87a-c35e-4860-a2d1-943f8b5d66a8,critical
EVT_004659,invoice.rejected,CUST_0027,INV_46455,2024-04-02T23:39:45Z,110.73,73a0befa-ea2a-439d-ad79-99f696644a77,normal
EVT_004660,invoice.paid,CUST_0029,INV_17608,2024-03-17T11:02:43Z,177.68,6ad365b3-31e6-4bdd-9484-87bb6be415a5,low
EVT_004661,compliance.submitted,CUST_0019,INV_23844,2024-01-02T07:07:52Z,27.62,640cdc83-5d47-49e7-a5bc-5962472493d8,normal
EVT_004662,invoice.validated,CUST_0046,INV_79924,2024-06-12T03:35:15Z,137.84,6a192682-f019-4520-8132-fcdd5e22f2dc,normal
EVT_004663,invoice.rejected,CUST_0075,INV_25331,2024-02-17T23:24:50Z,389.6,21d38e67-5607-41b6-a6e6-4ac624088a17,high
EVT_004664,invoice.rejected,CUST_0062,INV_27353,2024-03-26T15:56:24Z,374.92,5a4cce29-ed1b-42b3-b267-7c4dd971c4d2,low
EVT_004665,compliance.failed,CUST_0028,INV_22929,2024-05-09T09:49:57Z,110.06,b97a7c2a-c95b-46a2-bee7-1950fbc95c4b,high
EVT_004666,compliance.failed,CUST_0020,INV_82545,2024-02-20T19:15:36Z,100.75,bb8e94aa-fcf0-4c09-bfbb-3c00075bef77,normal
EVT_004667,compliance.submitted,CUST_0079,INV_40151,2024-06-10T03:54:46Z,265.27,d0e0d1b7-5465-4e9a-9ff3-54c8dc45d24d,high
EVT_004668,invoice.rejected,CUST_0031,INV_27779,2024-04-26T09:28:44Z,323.91,ff2f5821-1864-4514-83dd-cf884f3f8459,high
EVT_004669,compliance.submitted,CUST_0025,INV_83250,2024-02-05T02:46:39Z,42.0,f39d704a-d1d8-4834-9051-6fa0ca1cce93,low
EVT_004670,compliance.submitted,CUST_0011,INV_88959,2024-02-19T07:32:02Z,157.97,4cbb9f3e-1e68-4035-b293-30e6598f1513,high
EVT_004671,compliance.failed,CUST_0063,INV_95747,2024-02-09T04:00:51Z,285.94,04276f0e-3cfa-4ea4-9216-37b5928c8beb,low
EVT_004672,invoice.paid,CUST_0074,INV_79993,2024-03-21T23:24:43Z,96.5,4571fdc9-f79e-4fd8-a000-02753789d1c9,high
EVT_004673,invoice.paid,CUST_0074,INV_40541,2024-04-03T01:34:56Z,489.99,3015a863-38ab-481e-b13d-585d7f11ffe0,normal
EVT_004674,invoice.rejected,CUST_0033,INV_71622,2024-01-05T02:58:17Z,368.93,f0945f52-7620-45b6-8af7-7647d17b0741,low
EVT_004675,compliance.failed,CUST_0007,INV_12644,2024-04-10T18:11:49Z,66.43,e2255e7d-2f73-4c5c-85ed-6a4b3f217dac,critical
EVT_004676,invoice.rejected,CUST_0080,INV_38125,2024-05-04T02:32:55Z,2.55,3b0892ba-68cb-48bc-ba01-7ac108bbc145,critical
EVT_004677,invoice.created,CUST_0059,INV_98792,2024-06-04T17:00:56Z,36.23,cdd6d9bc-ff97-4602-91d0-41a85f5af7a5,critical
EVT_004678,invoice.paid,CUST_0041,INV_33729,2024-04-08T07:31:54Z,12.35,a98d5a6f-992e-40ab-9f1a-82c5bb2ba6dc,low
EVT_004679,invoice.rejected,CUST_0034,INV_67626,2024-04-14T11:23:43Z,49.84,a782d030-166a-437a-9718-fbe4f24c6ea7,normal
EVT_004680,invoice.paid,CUST_0050,INV_30947,2024-03-04T15:09:16Z,502.27,683a154b-f751-428c-9eb5-b6024e23e87e,low
EVT_004681,invoice.paid,CUST_0022,INV_83690,2024-06-13T22:56:20Z,358.77,0da9399f-ad43-4363-b88a-87336ee23bdd,normal
EVT_004682,compliance.failed,CUST_0034,INV_86349,2024-04-22T03:07:17Z,208.06,0272db9e-2b7a-4fcf-9da8-9fff7267ff2b,high
EVT_004683,compliance.failed,CUST_0013,INV_55570,2024-05-19T14:58:54Z,134.04,ab14c7f5-c089-40df-b961-1e3db772b6f4,normal
EVT_004684,invoice.validated,CUST_0060,INV_18088,2024-05-18T12:02:33Z,91.72,424d3dfd-fcb3-4dc9-87cc-8727d78c5d6f,normal
EVT_004685,invoice.rejected,CUST_0016,INV_58288,2024-04-12T20:10:19Z,28.71,4e093579-19db-4467-bc29-f6615dad77c4,critical
EVT_004686,invoice.rejected,CUST_0080,INV_43458,2024-06-11T01:33:38Z,229.79,ad06e5f3-e029-4d9c-a6fd-3eaef622927d,high
EVT_004687,invoice.created,CUST_0001,INV_45616,2024-01-01T22:16:00Z,2.77,813cd50e-0c7c-4f0f-9636-5a4894ae0b17,normal
EVT_004688,compliance.failed,CUST_0016,INV_65418,2024-01-10T21:17:11Z,338.69,473b2948-15ee-4b28-ab21-b84151cd8fd6,critical
EVT_004689,invoice.paid,CUST_0021,INV_78688,2024-04-23T11:05:33Z,375.29,6e691d78-9d49-4cf3-be9c-905d9fbf72f4,high
EVT_004690,invoice.paid,CUST_0040,INV_37018,2024-01-30T21:04:50Z,88.79,c80c593c-0256-4553-aeae-57cd3cc121dc,normal
EVT_004691,compliance.failed,CUST_0048,INV_88192,2024-01-23T07:30:26Z,328.25,08420811-37cf-4b15-84fa-982133eceb78,high
EVT_004692,compliance.failed,CUST_0036,INV_58001,2024-03-27T11:30:24Z,460.93,babbe29f-0b1d-4b00-96fd-0684a777fb50,normal
EVT_004693,invoice.created,CUST_0062,INV_17843,2024-06-25T15:54:40Z,503.86,c1a894dd-6204-46da-848a-018a9869b108,normal
EVT_004694,compliance.failed,CUST_0046,INV_87344,2024-05-05T17:50:44Z,114.52,cf5f1efe-9bf5-4604-867e-b6a7a8db26e9,low
EVT_004695,invoice.validated,CUST_0072,INV_62599,2024-03-03T21:04:33Z,1.1,e34cb0c2-b55a-47ae-9c13-bfd7e7541ee6,low
EVT_004696,invoice.validated,CUST_0033,INV_55900,2024-01-12T21:31:38Z,19.47,561ce9f0-ec8d-491b-8b02-26dc14dbb709,normal
EVT_004697,compliance.failed,CUST_0013,INV_62015,2024-03-20T10:07:08Z,42.49,5c450756-3dc9-465f-9d7f-da2032802d23,critical
EVT_004698,invoice.paid,CUST_0015,INV_85452,2024-01-31T05:50:43Z,160.25,83cbb56e-672e-466f-9ec5-14824075c854,critical
EVT_004699,invoice.rejected,CUST_0028,INV_11215,2024-05-23T22:39:29Z,292.24,75ee3fbb-daf1-4b6b-af62-063965e2b033,critical
EVT_004700,compliance.failed,CUST_0021,INV_89624,2024-04-20T13:55:18Z,265.73,3ed918e5-d8e8-4e81-b479-23c352c42192,low
EVT_004701,compliance.failed,CUST_0063,INV_63372,2024-06-25T09:40:14Z,70.32,2831c7fd-f97e-49c8-b769-6da39e87d894,low
EVT_004702,invoice.rejected,CUST_0019,INV_50895,2024-05-23T08:27:35Z,13.08,eaa90c39-8450-4378-b0a0-cc05e535809e,low
EVT_004703,invoice.rejected,CUST_0041,INV_65182,2024-04-09T02:03:15Z,14.36,e69462ca-9b50-4581-913b-427c115b9019,high
EVT_004704,invoice.paid,CUST_0050,INV_77157,2024-06-05T16:25:16Z,148.01,c5c0855e-78d7-46e3-99a9-2341faf85827,low
EVT_004705,invoice.created,CUST_0051,INV_51978,2024-05-14T16:53:53Z,35.79,4bebda38-92a4-429a-8ef1-a511ae40bdeb,critical
EVT_004706,invoice.rejected,CUST_0009,INV_13868,2024-02-16T03:06:04Z,35.38,7b589e77-bd64-40e8-86f0-4a5d1368dbb4,normal
EVT_004707,compliance.failed,CUST_0020,INV_17264,2024-06-02T23:28:32Z,156.83,68e13168-c6c1-4104-9f48-96ede94dbf71,critical
EVT_004708,compliance.failed,CUST_0042,INV_10557,2024-02-25T15:07:34Z,16.89,337d944c-f39f-4747-b095-fbf87f6f4987,low
EVT_004709,invoice.rejected,CUST_0053,INV_39000,2024-04-19T18:00:28Z,494.85,8042f00c-0963-4d0c-8dc6-ed03a4eadedb,critical
EVT_004710,compliance.submitted,CUST_0010,INV_97232,2024-03-31T13:24:13Z,221.15,5f0b92bd-a712-4baf-a791-7e406ec318c2,low
EVT_004711,invoice.validated,CUST_0043,INV_34483,2024-03-28T23:31:28Z,451.61,68178872-ad01-4b9c-9426-1bed3cb605b5,critical
EVT_004712,invoice.rejected,CUST_0038,INV_58796,2024-03-10T07:15:56Z,66.53,9dddaf4c-3887-4f7d-9857-db6eee4d74fc,low
EVT_004713,invoice.rejected,CUST_0045,INV_75237,2024-05-09T05:53:36Z,194.6,3fd9a44f-08ac-497e-8701-3a64d2c1c7fe,low
EVT_004714,compliance.submitted,CUST_0072,INV_74580,2024-03-18T09:02:26Z,44.58,eb6161f6-e24f-463a-87b7-96b35c5be700,high
EVT_004715,compliance.failed,CUST_0076,INV_81586,2024-04-23T02:49:41Z,148.37,ff1729e4-9161-4acc-950d-b923204a0405,critical
EVT_004716,invoice.paid,CUST_0077,INV_42310,2024-01-30T05:14:12Z,16.37,651a93eb-3849-4eff-b436-1102047596e6,high
EVT_004717,invoice.rejected,CUST_0045,INV_21454,2024-01-13T05:10:31Z,164.2,ff243a25-186d-4488-bff9-cb53297859af,high
EVT_004718,compliance.submitted,CUST_0010,INV_36313,2024-06-17T03:50:54Z,24.26,5f79f606-2114-4ac0-b24e-a0dc3cbd93cc,low
EVT_004719,invoice.validated,CUST_0023,INV_45011,2024-03-29T05:23:21Z,470.85,451fd7a6-873e-4d8f-8be1-0720a38f3b28,low
EVT_004720,invoice.paid,CUST_0009,INV_65457,2024-05-01T05:58:20Z,66.8,972b1e1d-be11-4e41-9f16-7663ca74a64f,low
EVT_004721,compliance.failed,CUST_0051,INV_59375,2024-02-23T19:59:35Z,72.3,483ff1fe-a8ab-438b-8554-b9baafc88c9c,high
EVT_004722,invoice.validated,CUST_0032,INV_26712,2024-01-30T08:29:44Z,168.63,c0d4e809-44d6-439d-a4eb-33c2f78b744f,low
EVT_004723,invoice.created,CUST_0066,INV_24052,2024-01-19T09:42:31Z,252.36,9dcd5643-d861-4963-9af5-b732b5dd68e0,critical
EVT_004724,compliance.submitted,CUST_0010,INV_80155,2024-04-29T12:04:53Z,373.33,8ba944f3-f5c2-4bb1-9fc9-290964ebc5da,high
EVT_004725,invoice.rejected,CUST_0032,INV_82588,2024-03-27T21:12:31Z,402.14,5b6a75e1-8b98-4610-a802-f5849b37d5e6,low
EVT_004726,invoice.paid,CUST_0018,INV_77544,2024-06-22T15:28:03Z,6.39,9ee968ec-0008-4317-a759-6133554de88c,low
EVT_004727,invoice.created,CUST_0067,INV_52418,2024-06-14T09:06:14Z,26.23,0702e164-9c67-4fd9-b0c0-bcb64e1e5af4,high
EVT_004728,compliance.submitted,CUST_0066,INV_25825,2024-01-09T02:48:16Z,14.12,5cb513df-bc17-42bc-af42-f565abc5f1b8,high
EVT_004729,compliance.failed,CUST_0005,INV_24720,2024-04-17T08:32:35Z,305.8,0dc168f4-0ee9-4f7c-8c87-881c4319d7cc,normal
EVT_004730,compliance.submitted,CUST_0044,INV_96152,2024-05-04T13:56:43Z,384.17,f7884969-a74e-476c-b83b-612da80a1483,normal
EVT_004731,invoice.validated,CUST_0014,INV_18976,2024-05-31T01:14:45Z,155.25,8f12a324-b70e-45ba-baae-eda6f10dcb31,low
EVT_004732,invoice.created,CUST_0018,INV_31071,2024-05-03T13:42:18Z,182.01,5742198b-7331-421b-b38c-72fa56356bec,critical
EVT_004733,compliance.submitted,CUST_0034,INV_25040,2024-01-28T23:57:30Z,426.9,2b50ee24-9c44-42d3-8814-a5bdd846bc64,normal
EVT_004734,invoice.validated,CUST_0051,INV_16759,2024-05-30T22:36:01Z,394.03,2ade4fae-5448-4b2c-af97-6eab226effa2,high
EVT_004735,compliance.failed,CUST_0075,INV_52078,2024-06-24T01:04:41Z,321.3,9ad6a556-fdf0-4689-a356-bf01c5292f60,normal
EVT_004736,invoice.validated,CUST_0001,INV_20359,2024-02-17T12:20:41Z,88.96,148bd3bc-c865-4f5d-9e81-857007c4e65d,high
EVT_004737,invoice.created,CUST_0064,INV_64993,2024-05-18T22:09:49Z,468.51,5ca650f3-056c-45fa-95fc-459c14cef332,low
EVT_004738,invoice.rejected,CUST_0028,INV_85327,2024-01-05T09:47:15Z,294.6,cc63db88-a846-49d9-a7f0-333c097e65e7,critical
EVT_004739,invoice.created,CUST_0038,INV_62158,2024-05-06T01:42:08Z,320.31,4f7b5fc9-4a63-4a99-991e-f7912f597228,high
EVT_004740,invoice.validated,CUST_0025,INV_26656,2024-06-03T05:44:16Z,53.45,e6df5290-8235-4a2b-abdf-81f2221c6556,critical
EVT_004741,invoice.created,CUST_0050,INV_34425,2024-02-19T10:51:46Z,408.88,41f3f409-1b17-4df0-9391-291cf8189643,high
EVT_004742,invoice.rejected,CUST_0047,INV_52021,2024-04-05T03:36:00Z,432.71,c4c27449-93e7-4db4-bacd-685e09b53feb,high
EVT_004743,compliance.submitted,CUST_0065,INV_42165,2024-02-08T20:25:45Z,194.65,1f93cadc-5ff8-44bb-837e-47be8433f215,high
EVT_004744,invoice.validated,CUST_0036,INV_98516,2024-06-12T04:32:39Z,310.1,6175ec0f-16bc-4a2e-9c69-3ccffee29649,low
EVT_004745,invoice.created,CUST_0076,INV_66802,2024-02-03T09:30:23Z,30.98,324f9554-79a6-4dc1-baaf-e7506448e882,high
EVT_004746,invoice.validated,CUST_0077,INV_70094,2024-03-21T13:02:48Z,274.88,43ba5122-56bd-403d-82f8-0349f73829fa,normal
EVT_004747,invoice.validated,CUST_0011,INV_71605,2024-06-05T13:09:59Z,17.68,a6a9f529-dc2a-48dd-90bb-98dfdf486378,high
EVT_004748,invoice.paid,CUST_0044,INV_83534,2024-05-03T06:17:33Z,41.24,c67540bf-4b0a-4da1-a281-d339ae62df2a,low
EVT_004749,invoice.paid,CUST_0012,INV_75160,2024-06-16T04:03:19Z,331.19,688efd1d-b0d7-416e-8d15-deec2db88955,high
EVT_004750,invoice.created,CUST_0047,INV_27500,2024-06-17T11:03:42Z,149.08,d2169776-d6a6-4324-bb83-425c83caf98f,critical
EVT_004751,invoice.rejected,CUST_0029,INV_97417,2024-05-30T20:49:34Z,474.63,022ca313-d03f-4781-82a9-57c9b940b53d,high
EVT_004752,invoice.created,CUST_0032,INV_14017,2024-04-30T15:23:50Z,274.36,6dfeda36-5a35-47d7-b22d-8dea08f056be,low
EVT_004753,compliance.failed,CUST_0068,INV_65961,2024-03-24T17:27:41Z,178.51,6f551f72-e9ab-4f2e-a350-9806ab1c285d,critical
EVT_004754,invoice.rejected,CUST_0063,INV_71694,2024-05-24T14:30:18Z,434.36,4d9d40c7-5448-46be-a63d-513c1aa39a75,low
EVT_004755,invoice.created,CUST_0011,INV_48702,2024-05-08T12:31:33Z,278.1,876e191d-f4f3-4f28-9462-be979bdc21d0,critical
EVT_004756,invoice.paid,CUST_0072,INV_12338,2024-02-03T16:10:54Z,339.45,9da2aaa5-a04e-4558-99ee-a6e80106a362,critical
EVT_004757,invoice.rejected,CUST_0080,INV_94456,2024-05-26T04:55:55Z,179.97,4374e60b-7a4b-4b5f-8a65-5ef1af4e10b8,normal
EVT_004758,invoice.validated,CUST_0018,INV_87525,2024-03-04T00:17:27Z,12.07,710ca2ee-e873-4c02-81af-0aa50b2dfc37,high
EVT_004759,invoice.paid,CUST_0064,INV_33784,2024-04-02T14:28:59Z,87.84,1dbada6a-08c3-4191-aa17-6a754b6d3d78,low
EVT_004760,compliance.failed,CUST_0022,INV_78310,2024-01-21T17:01:42Z,101.64,919b9d09-df7a-4b9b-b86e-f07fc4375116,high
EVT_004761,invoice.validated,CUST_0056,INV_59605,2024-01-07T18:23:28Z,458.06,21c19929-6a2c-4d6b-9849-bc113cda5d16,critical
EVT_004762,compliance.submitted,CUST_0070,INV_49024,2024-06-10T14:15:49Z,436.53,b50928b7-df0d-456e-a2a0-392b89b6518f,high
EVT_004763,compliance.failed,CUST_0060,INV_92031,2024-03-05T07:37:23Z,138.18,f3f455bb-f84f-450c-b8ec-ec2d92846624,high
EVT_004764,invoice.paid,CUST_0058,INV_17337,2024-05-26T04:22:43Z,44.14,cafcd3bf-8fd0-4207-8f5a-9b2e338b4103,normal
EVT_004765,invoice.validated,CUST_0068,INV_27144,2024-03-07T02:04:00Z,58.19,5ba5a41e-d89b-47eb-b37f-b0f16c7bc587,high
EVT_004766,invoice.paid,CUST_0053,INV_97184,2024-01-16T18:29:01Z,121.13,2dfe2b28-4dcc-4a02-a04e-7dcc68710044,critical
EVT_004767,compliance.failed,CUST_0058,INV_18945,2024-04-12T00:15:29Z,164.26,aecb31f0-ac0b-4220-808e-f346f49d7fd8,normal
EVT_004768,invoice.created,CUST_0054,INV_39468,2024-05-24T21:58:26Z,424.22,cd495529-d0a3-469e-aa56-a3f7f20c183f,high
EVT_004769,compliance.failed,CUST_0075,INV_18472,2024-01-27T05:27:42Z,6.62,a4589761-9152-4cbc-b827-381a27783652,normal
EVT_004770,invoice.created,CUST_0043,INV_21453,2024-05-02T09:42:42Z,354.23,d1826a60-411e-4557-8454-84ce44f7f6d9,critical
EVT_004771,compliance.failed,CUST_0018,INV_35782,2024-03-18T20:55:39Z,167.29,116eca70-9ef1-406f-8821-f4cff3665341,high
EVT_004772,invoice.paid,CUST_0073,INV_98993,2024-04-30T20:02:41Z,349.35,07b0eec3-1040-44a1-8552-a53c047b78aa,normal
EVT_004773,invoice.created,CUST_0018,INV_82108,2024-01-04T22:43:21Z,36.19,cf15738e-c766-45da-9e91-b2445cbf8895,high
EVT_004774,invoice.paid,CUST_0023,INV_97530,2024-04-07T23:39:06Z,21.39,b4459b4b-153c-4ca0-b43b-602b35d00573,high
EVT_004775,compliance.submitted,CUST_0063,INV_54590,2024-03-03T18:58:51Z,6.28,56a8d57c-3741-4a0f-af43-e9c99e1b2b54,critical
EVT_004776,compliance.failed,CUST_0057,INV_97908,2024-01-20T01:26:06Z,49.55,75896125-f190-4d95-a540-493ea18a1978,high
EVT_004777,compliance.failed,CUST_0046,INV_73405,2024-04-09T23:20:55Z,90.93,e4cf1c42-5f51-454d-9421-1b37188a124d,high
EVT_004778,invoice.paid,CUST_0076,INV_55818,2024-03-17T12:32:02Z,292.79,6be4f785-7711-4a8b-a409-f62a08999856,normal
EVT_004779,invoice.created,CUST_0006,INV_69852,2024-03-08T01:21:36Z,7.09,f322208e-1cc9-4892-8b48-3d80d1afcf1d,normal
EVT_004780,invoice.rejected,CUST_0028,INV_36957,2024-06-16T21:32:17Z,85.25,0aae39f5-2bfc-47b4-9a7c-cb0f47ff348b,critical
EVT_004781,invoice.paid,CUST_0048,INV_99108,2024-05-11T04:07:11Z,278.22,3efa394d-ea25-4b85-a016-35b63e0bbb4b,normal
EVT_004782,invoice.rejected,CUST_0050,INV_79734,2024-06-04T04:23:02Z,42.86,24d3dcaa-9660-4589-94ec-b9d2444c7799,low
EVT_004783,compliance.failed,CUST_0039,INV_87370,2024-05-17T15:31:26Z,63.82,a9d4e390-eedd-424b-add1-a929cda18b45,low
EVT_004784,compliance.submitted,CUST_0024,INV_13911,2024-06-17T10:36:59Z,493.4,3bb2e9d7-05c2-4e2f-81fb-5bdf83b21b51,low
EVT_004785,invoice.rejected,CUST_0062,INV_61685,2024-06-12T13:43:26Z,156.2,7446c328-4f81-436a-8aa8-083b0ad8cdfe,high
EVT_004786,compliance.failed,CUST_0061,INV_21809,2024-01-30T10:19:30Z,23.51,1cc26a54-7047-4cf2-8621-4192506eadac,high
EVT_004787,compliance.submitted,CUST_0050,INV_96040,2024-03-23T04:14:00Z,40.67,7a448af9-708c-41a0-8f7c-ed2f2db46de2,normal
EVT_004788,invoice.validated,CUST_0045,INV_60706,2024-05-27T00:39:38Z,378.72,ee432995-31a7-4982-ae09-3d9d06f20178,normal
EVT_004789,compliance.submitted,CUST_0047,INV_68391,2024-03-04T06:55:09Z,183.42,dfdb0138-b4ac-46f3-a565-26133d260ebf,low
EVT_004790,invoice.created,CUST_0061,INV_17259,2024-04-18T18:53:20Z,414.83,4de09814-d48e-4463-bcd1-a81a10ad5985,high
EVT_004791,invoice.paid,CUST_0060,INV_45131,2024-06-12T07:59:04Z,47.42,41d2f219-6f7f-4114-b066-57c3ef5dcad5,normal
EVT_004792,invoice.rejected,CUST_0049,INV_89874,2024-01-18T02:53:25Z,168.3,b7faff75-fda2-4fdf-8f86-a2f0f917d411,normal
EVT_004793,compliance.submitted,CUST_0014,INV_61755,2024-05-29T16:49:12Z,194.31,3a020caf-63ba-41ad-84d3-e9c339e3fef8,high
EVT_004794,compliance.submitted,CUST_0033,INV_15013,2024-02-13T07:05:34Z,59.54,66a3a954-d821-472b-b8f9-0e3694343da0,critical
EVT_004795,invoice.created,CUST_0052,INV_18082,2024-02-12T06:36:42Z,32.95,3f90253b-19f1-4c04-8a88-946512775890,low
EVT_004796,invoice.created,CUST_0046,INV_60966,2024-05-11T19:32:35Z,344.24,807d2c71-d7f0-429e-95e5-28dafa02f3bb,low
EVT_004797,compliance.submitted,CUST_0039,INV_24168,2024-06-11T23:18:31Z,5.43,a1179334-2d6f-4e89-ab36-7209757d8778,critical
EVT_004798,invoice.paid,CUST_0032,INV_57826,2024-04-27T08:29:04Z,46.62,a62f9840-4a51-477e-91f8-d12c194a0b5e,high
EVT_004799,compliance.submitted,CUST_0075,INV_61454,2024-05-25T11:59:13Z,120.32,990a4a18-b6a4-4cd7-bd5f-16055a5bde5d,high
EVT_004800,compliance.submitted,CUST_0067,INV_14840,2024-04-25T02:17:44Z,416.34,700d7f7a-f4b2-427b-967c-d80903ab0c95,critical
EVT_004801,compliance.submitted,CUST_0078,INV_22595,2024-05-28T15:51:18Z,155.57,71973f18-d204-45a5-8cb5-6d1f7f8c6ecb,low
EVT_004802,invoice.validated,CUST_0007,INV_85219,2024-05-07T13:10:46Z,13.12,b7943377-f32b-43d3-95ca-1a4383283346,normal
EVT_004803,compliance.submitted,CUST_0051,INV_35563,2024-04-08T21:34:39Z,24.08,71b75fa6-7134-46a2-ab46-c46084d2f5bc,normal
EVT_004804,compliance.submitted,CUST_0056,INV_80221,2024-05-27T03:48:43Z,350.39,fdcd9bda-476c-465e-b4f9-2072dbd35b67,normal
EVT_004805,compliance.submitted,CUST_0078,INV_44853,2024-01-14T02:05:57Z,316.82,b69ec2ce-9b76-4013-a597-dcb77ce392fb,high
EVT_004806,invoice.created,CUST_0053,INV_71986,2024-05-26T04:42:49Z,313.75,ecd93d5f-e177-4b50-b6e8-cad6bef6471d,normal
EVT_004807,compliance.failed,CUST_0020,INV_58313,2024-02-12T17:48:29Z,370.6,39a6766e-67a8-47a6-ae5c-ccc497e75dce,critical
EVT_004808,invoice.paid,CUST_0004,INV_35553,2024-06-17T20:45:09Z,439.55,d6ba6cd1-22c5-4c6d-9775-be5686cb9be7,normal
EVT_004809,invoice.validated,CUST_0078,INV_40872,2024-06-29T06:35:37Z,466.4,26e11487-83a8-41ee-ab5b-f23f6279a65e,critical
EVT_004810,compliance.failed,CUST_0014,INV_35413,2024-03-13T17:35:46Z,185.82,27aa2afd-5c89-4623-ae4e-316edf1803b3,critical
EVT_004811,compliance.submitted,CUST_0021,INV_97056,2024-03-20T17:14:53Z,160.63,33a449ef-d467-4a94-ae00-1b802958105f,high
EVT_004812,invoice.paid,CUST_0042,INV_99712,2024-01-07T13:39:07Z,8.39,2390fb45-b374-4434-a09e-30599a73af96,low
EVT_004813,compliance.failed,CUST_0071,INV_99691,2024-03-09T15:04:10Z,131.95,b6cea84b-6c20-4a79-8c76-9139e5730d61,high
EVT_004814,invoice.rejected,CUST_0052,INV_55956,2024-05-23T16:48:39Z,37.76,891c81c6-7b33-4b4e-ab4e-8137d44cd63b,low
EVT_004815,invoice.created,CUST_0041,INV_24270,2024-04-12T20:57:14Z,373.49,862d16a7-fad4-4264-ba05-b40616302da7,critical
EVT_004816,invoice.paid,CUST_0063,INV_44078,2024-04-25T10:45:38Z,115.29,aa1d2782-671b-4311-83e1-8136cf03d972,critical
EVT_004817,invoice.paid,CUST_0049,INV_93099,2024-02-07T15:27:35Z,15.49,85c16ddc-bc25-47ea-b25e-213b790727cb,normal
EVT_004818,invoice.paid,CUST_0039,INV_68023,2024-06-07T16:36:27Z,14.55,f0b1b02b-c4c6-4f78-9780-d83006469905,critical
EVT_004819,invoice.validated,CUST_0074,INV_30475,2024-06-22T15:06:33Z,39.87,c794def7-5e1b-4c54-9a61-0b27bbf9140d,low
EVT_004820,invoice.created,CUST_0079,INV_55210,2024-06-28T14:12:20Z,290.53,f0f33737-e4fd-4d7c-9051-529bbcdb7823,critical
EVT_004821,invoice.rejected,CUST_0032,INV_16590,2024-02-25T23:34:21Z,16.83,c360e58a-943c-48f0-a452-fec8c612a99d,high
EVT_004822,invoice.paid,CUST_0001,INV_27113,2024-02-19T00:43:41Z,349.2,705e343d-3241-4850-8408-707d28290b7c,critical
EVT_004823,invoice.created,CUST_0021,INV_45347,2024-04-25T13:42:15Z,138.12,06323020-bee7-41e9-8b23-e450dfc0b334,critical
EVT_004824,compliance.submitted,CUST_0003,INV_51560,2024-04-21T02:22:03Z,140.97,752ed808-ef4f-449c-8fdd-e0ad9ddd11db,critical
EVT_004825,invoice.paid,CUST_0030,INV_57820,2024-03-16T12:15:04Z,116.18,2060b429-11fd-4499-abf1-cfc8ce40b167,critical
EVT_004826,compliance.failed,CUST_0039,INV_88066,2024-04-08T05:58:06Z,101.95,45323ba5-261e-4258-a908-5135f5f0f85e,critical
EVT_004827,invoice.created,CUST_0015,INV_92804,2024-02-17T12:34:20Z,281.88,fccfe9cc-e299-4665-92f3-87d4403dde5f,critical
EVT_004828,invoice.paid,CUST_0009,INV_41871,2024-06-27T10:00:24Z,98.02,538ca9f1-5308-4916-97c5-837500fe3111,critical
EVT_004829,invoice.rejected,CUST_0062,INV_41064,2024-04-03T20:40:45Z,244.18,702cfa04-46c9-4ce4-9d33-c7e8aecd6924,high
EVT_004830,invoice.paid,CUST_0066,INV_58390,2024-03-29T08:55:47Z,445.06,faa2f8cd-c0ae-4ca3-ade1-96e41ade3033,low
EVT_004831,compliance.submitted,CUST_0071,INV_78046,2024-05-26T19:00:01Z,384.9,d4e9a724-f74d-44a8-a28a-fd2ada5db4dd,normal
EVT_004832,invoice.validated,CUST_0017,INV_87941,2024-05-21T20:14:36Z,166.85,d4f5b3a6-c9e3-4df2-9e43-a2cf8249c1cf,low
EVT_004833,invoice.rejected,CUST_0041,INV_24851,2024-02-25T15:53:52Z,106.97,317c2790-1cac-4a4c-b3f2-6960078bd005,low
EVT_004834,compliance.submitted,CUST_0042,INV_18802,2024-05-21T15:02:59Z,91.59,8dfccddd-4a5a-490e-a0cf-59c10b7a0f45,critical
EVT_004835,compliance.failed,CUST_0017,INV_71518,2024-06-15T22:37:37Z,6.05,023a4478-9d34-4c6e-a0b3-9a3a4ca57ba8,low
EVT_004836,invoice.validated,CUST_0053,INV_36499,2024-03-06T06:58:02Z,168.72,5847b019-4bce-4a29-b354-c48d10ac00f1,critical
EVT_004837,compliance.submitted,CUST_0041,INV_97889,2024-06-25T02:12:31Z,27.54,cf1e0616-2e3f-4733-9aa4-2dcadddd23eb,normal
EVT_004838,invoice.paid,CUST_0016,INV_10012,2024-04-25T10:09:25Z,134.02,ca449761-2508-4e89-9290-f5a49cc1e14d,critical
EVT_004839,compliance.submitted,CUST_0065,INV_29175,2024-05-06T12:51:55Z,168.02,46a621cb-7410-4556-9602-6cfc916c32a1,critical
EVT_004840,compliance.submitted,CUST_0032,INV_71454,2024-01-10T04:54:35Z,453.64,34d42fd5-a582-447c-a1ef-bb3f6590efbb,normal
EVT_004841,invoice.paid,CUST_0056,INV_63990,2024-06-13T04:31:08Z,124.93,c788879f-b168-4716-8c1e-fd5e7fabb52c,high
EVT_004842,invoice.created,CUST_0043,INV_99930,2024-01-03T03:53:37Z,32.49,d129d67f-d3b7-40ba-ba65-806c22176515,critical
EVT_004843,invoice.paid,CUST_0018,INV_30588,2024-04-26T15:00:19Z,427.55,a5a0976b-89f2-4846-9500-8949cefff02f,low
EVT_004844,invoice.paid,CUST_0011,INV_90236,2024-01-04T08:14:25Z,77.29,87022106-49db-4318-8146-966b3558e20e,high
EVT_004845,compliance.submitted,CUST_0019,INV_30753,2024-03-28T02:48:34Z,204.9,e2dbd265-3391-4936-9232-a223b3e6b417,high
EVT_004846,invoice.rejected,CUST_0011,INV_65752,2024-05-23T06:33:55Z,25.49,05e8847f-ff91-4b40-ba7e-18e51c170511,critical
EVT_004847,compliance.failed,CUST_0022,INV_51383,2024-02-23T23:23:28Z,384.18,46362621-611a-4444-b9e7-f52241e2514e,critical
EVT_004848,compliance.failed,CUST_0005,INV_75642,2024-04-08T06:13:38Z,15.9,953e1aad-d3c6-4c24-98ce-d17eb5da503c,low
EVT_004849,compliance.failed,CUST_0047,INV_61364,2024-02-08T00:28:42Z,244.28,83e464da-5e20-4980-95d0-1e45c701b5d4,normal
EVT_004850,invoice.created,CUST_0080,INV_69433,2024-03-13T00:47:21Z,37.3,db1ed450-19f5-41a9-adab-8d55941b4287,low
EVT_004851,invoice.paid,CUST_0053,INV_68777,2024-04-27T16:12:38Z,166.92,f420a924-7eda-41f8-a1fd-141eeb2a9835,critical
EVT_004852,compliance.submitted,CUST_0071,INV_68969,2024-02-17T01:20:56Z,257.15,98332694-474b-4411-b65a-cc131e4b292d,high
EVT_004853,compliance.submitted,CUST_0029,INV_82973,2024-03-28T08:11:57Z,505.3,4425eb08-955a-41f4-b842-4f4dc5469c3d,normal
EVT_004854,invoice.validated,CUST_0040,INV_72014,2024-01-17T09:39:50Z,86.2,040f0bed-026c-43e1-890e-0edd0dbbd47a,normal
EVT_004855,compliance.submitted,CUST_0073,INV_58756,2024-01-07T20:41:50Z,374.49,915d7285-f7f3-4dd9-9f33-e831ed22291b,normal
EVT_004856,compliance.submitted,CUST_0055,INV_26203,2024-05-31T03:26:16Z,74.28,b68848cb-859c-48f5-aa37-e3a67316178d,high
EVT_004857,invoice.paid,CUST_0053,INV_72233,2024-01-09T22:02:22Z,199.35,d828f755-9a27-4411-9469-c4bb661604b6,critical
EVT_004858,invoice.rejected,CUST_0032,INV_48090,2024-05-22T17:24:34Z,494.35,ea7285fb-92b7-45af-91da-cb83fed2650a,critical
EVT_004859,compliance.failed,CUST_0062,INV_27149,2024-06-23T19:15:01Z,51.79,53b7fb52-3f14-4f4f-8e7b-c021c9d64218,low
EVT_004860,compliance.submitted,CUST_0004,INV_51963,2024-05-01T23:32:36Z,129.29,e0b1b072-4492-4b1a-99ae-c1d996d051b5,critical
EVT_004861,invoice.rejected,CUST_0065,INV_71948,2024-02-26T16:38:13Z,56.97,99f889bd-5d1b-4b8a-9172-378e4729e34d,low
EVT_004862,invoice.rejected,CUST_0003,INV_21225,2024-06-02T23:30:44Z,168.38,2c9de615-5397-4d4c-a3f3-2f647a2e9dc2,normal
EVT_004863,invoice.paid,CUST_0015,INV_11805,2024-03-19T20:24:38Z,26.63,444c0cab-430c-441c-8a1d-2aa64088bdc5,low
EVT_004864,invoice.rejected,CUST_0044,INV_92534,2024-05-03T08:18:08Z,115.51,af983833-9517-4e12-90e1-e0e6dbcb3dd1,low
EVT_004865,compliance.failed,CUST_0036,INV_95774,2024-03-26T12:38:55Z,56.31,d27b6288-02a9-4835-8b1d-c855c925fab1,high
EVT_004866,invoice.created,CUST_0071,INV_93980,2024-02-28T10:09:05Z,28.13,3b615420-7ca7-4a69-a4fb-e6753df8ca80,critical
EVT_004867,compliance.failed,CUST_0074,INV_14867,2024-04-30T23:15:11Z,107.66,d96974fb-ab2c-40b9-8550-27449f34de97,normal
EVT_004868,compliance.failed,CUST_0043,INV_55650,2024-03-25T21:00:33Z,402.64,96adf5d2-0bac-4ea8-a972-e48541dd041b,low
EVT_004869,compliance.failed,CUST_0029,INV_61608,2024-06-02T02:43:31Z,11.35,7db99ac4-1391-4c9d-aca6-bd6528cfa4fa,normal
EVT_004870,invoice.rejected,CUST_0039,INV_76845,2024-03-11T10:51:48Z,211.98,a025e68e-6d02-414a-bb24-4f3ced034da2,normal
EVT_004871,invoice.created,CUST_0031,INV_48900,2024-03-08T20:41:11Z,281.32,cea1fe56-e028-4edb-84f6-74c17033cf54,critical
EVT_004872,invoice.validated,CUST_0052,INV_97974,2024-05-16T09:10:46Z,165.56,703e629b-b8f5-472c-aded-5e40c5ca1370,high
EVT_004873,compliance.failed,CUST_0028,INV_81928,2024-04-24T21:30:40Z,472.37,2225315e-954b-470a-91a8-517842bec340,critical
EVT_004874,invoice.validated,CUST_0064,INV_51442,2024-05-02T17:10:35Z,6.12,b7ca0396-46af-4e51-9e1c-8675a4b75e83,critical
EVT_004875,compliance.submitted,CUST_0007,INV_75793,2024-04-19T15:21:41Z,47.32,4b4cbe93-034c-4039-bdbb-c70ed27634bf,low
EVT_004876,compliance.submitted,CUST_0051,INV_83524,2024-03-19T21:25:37Z,271.7,91805f82-e72f-4894-91d7-e5f1da27c03a,high
EVT_004877,invoice.created,CUST_0049,INV_99045,2024-04-27T00:57:48Z,64.39,02ae651f-d222-4349-819d-435ff143323c,high
EVT_004878,invoice.paid,CUST_0042,INV_60469,2024-02-20T16:51:22Z,49.77,de299a1f-3b28-4b3b-9cb2-c27b1bc488af,high
EVT_004879,invoice.created,CUST_0029,INV_26676,2024-03-22T21:16:54Z,22.63,add35143-9a53-4116-b0ff-d88709e44057,normal
EVT_004880,invoice.paid,CUST_0075,INV_93738,2024-03-09T20:48:49Z,29.63,0531f532-3c79-4d81-8473-4f7fb8c617d7,low
EVT_004881,compliance.submitted,CUST_0073,INV_90857,2024-05-05T17:51:35Z,481.97,5acaeff5-d5c1-4b1c-99aa-9b57ec2be945,normal
EVT_004882,invoice.rejected,CUST_0012,INV_75016,2024-05-27T06:36:29Z,5.61,521b9cd3-b1c1-4ce6-a63b-af87f5969c39,critical
EVT_004883,invoice.rejected,CUST_0011,INV_68693,2024-02-21T11:14:57Z,112.61,d3d6974a-dda6-4540-b19e-2f4079e64944,high
EVT_004884,invoice.validated,CUST_0014,INV_66379,2024-03-12T20:13:38Z,412.84,72f40f6d-ea3e-423e-b41d-cb68b38f0555,normal
EVT_004885,invoice.paid,CUST_0077,INV_88127,2024-06-24T07:56:25Z,280.17,41afa0b0-8d37-4618-a3b6-44874c337007,low
EVT_004886,compliance.failed,CUST_0029,INV_70674,2024-06-29T23:33:34Z,88.14,dfde17ee-2fb6-4856-8729-67bc18610837,normal
EVT_004887,invoice.validated,CUST_0003,INV_81772,2024-04-27T01:54:21Z,116.64,b678e164-0453-47d5-9381-3cd44ba4ab98,normal
EVT_004888,invoice.validated,CUST_0040,INV_72288,2024-06-23T13:25:50Z,50.36,82c57da9-0b10-4d64-8382-1c73b2696ab3,low
EVT_004889,invoice.rejected,CUST_0040,INV_45423,2024-03-25T18:30:31Z,1.17,d2a9a608-54ef-40c7-bc3c-52f784397da7,high
EVT_004890,invoice.validated,CUST_0025,INV_52670,2024-02-24T20:08:55Z,18.31,bb4cb3b6-9621-4999-9ced-a13cd4ca6707,critical
EVT_004891,invoice.created,CUST_0020,INV_37239,2024-06-10T09:18:30Z,190.83,67da8e63-a440-42e9-8e78-94a7c068da62,high
EVT_004892,invoice.created,CUST_0010,INV_85450,2024-06-12T14:10:31Z,241.35,17c2faf4-df31-4cd8-835c-01a1900f884b,high
EVT_004893,invoice.paid,CUST_0019,INV_54468,2024-06-17T05:07:02Z,368.84,c5df9aa2-e356-479a-bdf2-867c7a2f73f2,low
EVT_004894,invoice.rejected,CUST_0066,INV_94833,2024-06-24T16:22:59Z,188.4,61ff01f6-77e3-4223-ad03-0608cd84cb7b,normal
EVT_004895,invoice.validated,CUST_0061,INV_61287,2024-01-14T22:42:35Z,10.22,1b203bd3-acad-4b9c-9637-91375a28de75,normal
EVT_004896,invoice.created,CUST_0063,INV_42536,2024-04-12T19:38:20Z,8.42,a4b65ca8-2fdc-42a7-a8d2-5f5da0630a5b,normal
EVT_004897,invoice.paid,CUST_0053,INV_68609,2024-01-25T08:17:10Z,290.92,1c91c52a-0ab0-469e-bc3e-ccd68fe0a546,high
EVT_004898,compliance.submitted,CUST_0065,INV_26203,2024-06-03T01:56:35Z,437.84,00e432ab-80db-4119-82f5-bf677a468e52,critical
EVT_004899,invoice.rejected,CUST_0059,INV_86489,2024-05-26T03:11:54Z,290.33,884c207c-85e0-4c42-b6c7-1b4d6c294b6d,normal
EVT_004900,invoice.paid,CUST_0010,INV_74092,2024-02-09T01:54:41Z,248.98,310430a2-241b-486f-bc9f-3e48bf466075,critical
EVT_004901,invoice.rejected,CUST_0053,INV_89106,2024-04-07T23:45:48Z,48.23,b17b996a-8181-486a-a1c0-a112b9733b16,critical
EVT_004902,invoice.paid,CUST_0055,INV_94694,2024-06-23T06:57:12Z,25.57,6e27419d-b7b1-45fc-af14-dc11fbd5a0b2,critical
EVT_004903,compliance.failed,CUST_0016,INV_37052,2024-06-24T03:21:06Z,122.55,84f5d6de-15ba-4f25-8dc1-bba1caada997,normal
EVT_004904,invoice.validated,CUST_0039,INV_82689,2024-01-09T00:08:58Z,262.31,b873b720-7732-4de8-8ecf-af95dccbc109,high
EVT_004905,invoice.created,CUST_0013,INV_23815,2024-04-09T10:30:59Z,20.5,09d3c78d-4ef9-45bc-ac53-1baac1c598cd,normal
EVT_004906,compliance.submitted,CUST_0055,INV_17644,2024-01-27T05:56:49Z,269.29,502d6080-fd26-4ad9-8f36-0fa52cc733ea,high
EVT_004907,invoice.created,CUST_0025,INV_56348,2024-01-14T23:22:13Z,478.96,20ebc153-81cf-423d-93fe-0375edf154ac,critical
EVT_004908,invoice.created,CUST_0070,INV_57117,2024-06-25T12:39:35Z,89.01,c574398f-babd-484a-b1a4-a6ac5f6b7ca1,low
EVT_004909,invoice.paid,CUST_0003,INV_65876,2024-05-10T19:54:09Z,257.21,5c95557e-28be-4ff7-b173-58919c6075b7,critical
EVT_004910,invoice.rejected,CUST_0046,INV_62058,2024-01-12T13:46:39Z,484.81,52779fa4-de2b-4ec9-9e17-f69cf2eb5f22,normal
EVT_004911,invoice.paid,CUST_0019,INV_82377,2024-03-01T09:04:55Z,69.77,c58ee258-96fb-41df-95fc-565214992bfd,low
EVT_004912,invoice.validated,CUST_0071,INV_65870,2024-05-15T05:02:34Z,48.12,3fd770e9-149b-4935-99b8-6704e26e401b,high
EVT_004913,invoice.validated,CUST_0006,INV_18527,2024-03-21T17:49:12Z,93.36,6abcaefa-8cc8-4a10-9cbd-25dd1d3a0c27,critical
EVT_004914,invoice.validated,CUST_0003,INV_90626,2024-03-17T15:21:35Z,376.07,b658fb2b-b6cd-4614-b026-3db45dbe7aa9,critical
EVT_004915,invoice.paid,CUST_0046,INV_79595,2024-02-05T17:12:05Z,215.48,f7ba6ca4-ed07-4df7-8154-e5e030922ee5,normal
EVT_004916,invoice.created,CUST_0054,INV_61292,2024-04-17T06:06:49Z,28.3,c7d2d5ca-6f2e-4e95-b58d-5118ae8b3660,high
EVT_004917,invoice.validated,CUST_0006,INV_71740,2024-03-26T22:18:52Z,58.09,88e90fb1-b941-4fd1-ad4f-24827ef5c6da,low
EVT_004918,invoice.validated,CUST_0036,INV_85833,2024-05-26T11:53:21Z,1.88,6b65d3e1-8d0d-4cdc-8513-f73ccd1cee10,low
EVT_004919,compliance.failed,CUST_0007,INV_97157,2024-03-07T06:31:22Z,20.17,c0887522-70e9-4d4d-9d68-70e256c411f3,normal
EVT_004920,invoice.rejected,CUST_0037,INV_77327,2024-04-05T14:55:33Z,340.05,ff70bcaa-ff28-4a1a-8972-dae816178cb7,normal
EVT_004921,invoice.validated,CUST_0009,INV_70535,2024-02-14T20:42:29Z,12.19,f8610177-a8e4-4a73-9350-042b8555baed,normal
EVT_004922,invoice.validated,CUST_0077,INV_32665,2024-06-01T08:49:40Z,118.03,03d46de1-9ef1-4809-8e0e-62ce914e4b11,high
EVT_004923,invoice.rejected,CUST_0005,INV_87680,2024-01-22T18:34:49Z,151.4,183a4af0-5af9-4b19-ac09-930121c646e6,critical
EVT_004924,invoice.validated,CUST_0048,INV_94001,2024-02-26T15:08:45Z,130.55,17b57068-d6aa-4a74-8372-c99fe2d61724,high
EVT_004925,invoice.created,CUST_0059,INV_17527,2024-04-16T00:54:31Z,24.3,ecb53aed-6165-4a6d-9217-45c0c677d46b,high
EVT_004926,invoice.paid,CUST_0055,INV_63882,2024-02-12T01:49:33Z,175.38,ca35e217-064d-417e-a4b9-e9ea878c8df5,high
EVT_004927,invoice.created,CUST_0047,INV_46718,2024-05-05T21:24:31Z,100.43,160267fe-af84-440c-9955-401bbf9553df,high
EVT_004928,compliance.failed,CUST_0005,INV_75509,2024-01-03T15:25:54Z,37.64,eda30878-6a57-438f-895b-1935419735f6,normal
EVT_004929,invoice.validated,CUST_0015,INV_22450,2024-03-27T04:15:40Z,61.67,21cb3d79-e638-4f94-8a1c-f78ceb1c95bf,low
EVT_004930,invoice.validated,CUST_0037,INV_40995,2024-02-07T11:11:36Z,410.08,cfe77491-d5aa-4923-89ff-7fefa3eb40cd,critical
EVT_004931,invoice.created,CUST_0034,INV_16391,2024-01-04T13:41:14Z,228.28,25eb6ff0-16ed-4874-b51c-189709ea5de4,normal
EVT_004932,invoice.validated,CUST_0027,INV_10935,2024-03-04T11:21:06Z,115.22,77301b5f-08e3-4428-bf2c-30c26f96e471,low
EVT_004933,invoice.created,CUST_0073,INV_60821,2024-02-10T05:00:15Z,37.42,df9d2b84-f576-407a-8612-41ea89588fc6,normal
EVT_004934,invoice.created,CUST_0015,INV_48382,2024-03-14T14:55:16Z,3.57,939fc730-4e76-4652-a3c5-50fa3cfe0689,low
EVT_004935,invoice.created,CUST_0009,INV_68835,2024-04-02T07:19:56Z,169.09,22c733e9-5acd-49fb-8c04-4a7fe2299fcd,high
EVT_004936,invoice.created,CUST_0006,INV_89131,2024-03-05T22:38:44Z,33.63,aa34bd87-7401-4b60-99b6-3e3a184a88f1,low
EVT_004937,invoice.rejected,CUST_0001,INV_64141,2024-06-12T09:41:53Z,169.69,032b3ea2-1950-4629-9108-38c5de259809,normal
EVT_004938,invoice.rejected,CUST_0054,INV_88394,2024-02-13T20:26:55Z,120.78,d16e1853-93be-459c-a443-5434ec5e87a7,normal
EVT_004939,invoice.validated,CUST_0034,INV_95479,2024-01-22T05:58:06Z,257.94,81a57aeb-b474-4865-a2ff-bbb625f97302,critical
EVT_004940,invoice.created,CUST_0062,INV_62016,2024-01-19T23:50:59Z,161.37,4a9aa235-908c-47a6-8448-b842f1550256,normal
EVT_004941,invoice.paid,CUST_0025,INV_67711,2024-03-12T03:13:58Z,22.75,d99ef3c7-0c75-47bb-ab0c-e1b50f4d6f5e,high
EVT_004942,invoice.paid,CUST_0061,INV_54188,2024-01-17T14:13:34Z,354.75,cd0cf677-185a-43ff-80d0-359716eb89ba,critical
EVT_004943,invoice.paid,CUST_0045,INV_25993,2024-02-01T16:38:07Z,484.76,d97efd48-b374-4158-9783-9a6fee32af43,low
EVT_004944,compliance.failed,CUST_0052,INV_82592,2024-06-07T09:18:22Z,64.8,cc4466c6-6aa5-41fb-b752-c25f63043a8e,low
EVT_004945,invoice.rejected,CUST_0012,INV_31296,2024-01-13T22:48:14Z,291.34,583bac27-f083-41c3-bd4d-ec6054c5e35b,high
EVT_004946,invoice.rejected,CUST_0047,INV_64587,2024-06-21T04:57:22Z,22.54,48cd204a-20d2-436d-9c9b-47c689045039,critical
EVT_004947,compliance.failed,CUST_0010,INV_71598,2024-06-28T05:54:25Z,282.27,d2de7fdd-6b96-4065-bf63-9a02b1606ff2,low
EVT_004948,compliance.submitted,CUST_0053,INV_52097,2024-03-19T02:47:40Z,404.25,4144d25e-2530-4d60-b9cf-c1ca37733592,high
EVT_004949,invoice.created,CUST_0061,INV_35173,2024-05-23T17:56:22Z,13.45,9d3ec6c6-f8b4-462e-9fbc-99a9150819b9,critical
EVT_004950,invoice.created,CUST_0052,INV_70490,2024-06-20T10:45:55Z,2.42,0137016a-bacb-4712-8933-d4569aa2809d,low
EVT_004951,invoice.validated,CUST_0014,INV_69236,2024-05-10T12:13:40Z,228.23,48e0b396-c160-4047-be2b-be71b7f6c548,low
EVT_004952,invoice.created,CUST_0059,INV_42032,2024-02-01T12:31:33Z,120.52,063d21e8-b6f0-48d0-9886-d2a311a560ed,high
EVT_004953,invoice.created,CUST_0002,INV_84676,2024-01-06T22:51:07Z,402.79,d78bfd94-d1cd-49be-a558-a5536b381a01,high
EVT_004954,invoice.validated,CUST_0038,INV_62272,2024-06-15T04:15:37Z,472.42,5be1ddc9-5486-4ec2-af32-1ee60f216f42,normal
EVT_004955,invoice.created,CUST_0038,INV_65200,2024-01-15T14:05:15Z,43.63,faca9d29-5d28-43e7-b18f-67038e4fb44c,high
EVT_004956,invoice.created,CUST_0009,INV_43223,2024-06-11T09:02:54Z,473.83,e5235e29-502b-49d4-bee6-66dd401e76aa,critical
EVT_004957,invoice.rejected,CUST_0056,INV_79228,2024-01-29T01:23:24Z,463.0,a2c02bef-49d7-479d-a5f6-b96c67c43b31,critical
EVT_004958,compliance.failed,CUST_0038,INV_19605,2024-01-25T12:34:54Z,113.41,dd4e15e5-5a58-4c30-895f-536801efac93,low
EVT_004959,compliance.submitted,CUST_0029,INV_55574,2024-04-10T16:28:32Z,5.79,808a5764-b970-4221-8a25-99b1b6b8a323,high
EVT_004960,invoice.rejected,CUST_0055,INV_29249,2024-03-16T21:46:29Z,163.03,ddc5d7be-2b6f-406c-8fb7-2f2e851d15fd,high
EVT_004961,invoice.validated,CUST_0025,INV_22917,2024-05-27T19:40:53Z,162.81,31786aa0-0962-4037-a16a-ca45b03e17e0,low
EVT_004962,invoice.rejected,CUST_0056,INV_94616,2024-01-07T13:12:21Z,41.25,062a56a8-5df1-4297-aec4-2da251ddc8e9,critical
EVT_004963,invoice.validated,CUST_0014,INV_94129,2024-06-29T20:23:52Z,34.04,2f09e210-3beb-4475-9419-751f2038eab1,low
EVT_004964,compliance.submitted,CUST_0002,INV_88462,2024-04-06T09:14:05Z,56.83,2c6d90de-a56d-43f8-8c5c-9df68e42ea12,high
EVT_004965,invoice.paid,CUST_0058,INV_17014,2024-05-25T04:29:48Z,6.46,c5fbcba3-1d38-4a87-8aa6-372f6f730ce1,high
EVT_004966,compliance.failed,CUST_0014,INV_52298,2024-05-15T01:15:46Z,195.04,c4f6f48d-f461-43c4-8309-15e00ee83a10,high
EVT_004967,invoice.validated,CUST_0064,INV_45057,2024-02-16T16:33:16Z,404.17,8de8e85c-8dab-40e3-8eaf-c756d8b1eb95,critical
EVT_004968,compliance.submitted,CUST_0032,INV_72628,2024-03-24T21:21:17Z,149.73,1bc4f383-4062-4a8a-b7c9-a5c592e25d9c,normal
EVT_004969,invoice.validated,CUST_0047,INV_20027,2024-06-11T11:13:32Z,176.26,4144abde-dd08-4a71-8fc4-471b159414e9,low
EVT_004970,compliance.submitted,CUST_0033,INV_38084,2024-01-01T19:05:36Z,433.26,69ee1c76-9c41-487b-bf3d-fdbf77028f27,high
EVT_004971,compliance.submitted,CUST_0080,INV_85012,2024-03-18T06:00:48Z,205.57,f4bc8305-57fe-45d7-aaae-c62835e1e7d5,high
EVT_004972,invoice.created,CUST_0022,INV_52932,2024-04-19T15:30:12Z,310.54,2a10da77-5f0e-478b-b494-7979b459b9ce,high
EVT_004973,compliance.submitted,CUST_0062,INV_30075,2024-06-27T23:26:11Z,25.61,f3680255-0e54-47b6-8c3c-503fdb34ec17,critical
EVT_004974,invoice.created,CUST_0051,INV_61999,2024-04-08T02:59:31Z,389.18,d93d2834-4ab5-4622-b1f2-9ee9545e4772,normal
EVT_004975,invoice.paid,CUST_0037,INV_93289,2024-01-15T22:40:54Z,5.65,e68c87e6-640e-4da3-97ba-102a4456c2a1,critical
EVT_004976,invoice.paid,CUST_0023,INV_77213,2024-05-23T15:07:42Z,208.09,b23b2065-6a9e-4dfc-8b41-0a6f3a725830,low
EVT_004977,invoice.validated,CUST_0051,INV_21669,2024-04-07T12:53:55Z,38.34,be8c2d3e-135e-467b-9e3c-9e67e6b4d666,critical
EVT_004978,compliance.submitted,CUST_0075,INV_28290,2024-03-05T12:20:14Z,44.03,f77cd9aa-ff85-434a-909a-ff1894249bab,normal
EVT_004979,invoice.validated,CUST_0031,INV_53165,2024-01-16T18:56:08Z,308.02,86300164-a64f-4882-9bae-88c11963cf5b,normal
EVT_004980,invoice.rejected,CUST_0067,INV_66219,2024-06-14T07:24:15Z,7.04,79baaff6-844e-42a0-b575-100f15353c43,high
EVT_004981,invoice.rejected,CUST_0012,INV_32867,2024-02-06T19:02:19Z,25.34,c810d83d-27fb-4930-9083-2661ebbac7a4,high
EVT_004982,compliance.failed,CUST_0063,INV_74235,2024-02-15T03:38:11Z,444.72,876281de-8e54-4e0f-9a4d-b20fbd802cbd,high
EVT_004983,compliance.submitted,CUST_0020,INV_43112,2024-01-03T07:17:48Z,115.89,043bfc22-8e91-4529-894a-3e3e30aca8f8,high
EVT_004984,compliance.failed,CUST_0015,INV_76608,2024-03-12T18:32:06Z,23.31,ddb179f9-682f-45d1-a266-f703902e0914,high
EVT_004985,compliance.failed,CUST_0007,INV_53160,2024-06-15T21:13:59Z,70.39,acc8210c-83b3-4b72-b62f-c969b096c5a6,normal
EVT_004986,compliance.submitted,CUST_0001,INV_57728,2024-06-16T16:16:24Z,177.26,53c6f3cd-1ad6-42b7-8b8b-d31ae5592d4e,critical
EVT_004987,compliance.failed,CUST_0078,INV_89544,2024-06-04T11:39:23Z,94.31,86bd1492-41c0-46f7-bf22-afde197e6cff,normal
EVT_004988,invoice.rejected,CUST_0059,INV_69484,2024-04-23T14:09:47Z,128.09,d67b65dd-80e6-45e3-9774-a53d1b521349,low
EVT_004989,invoice.validated,CUST_0017,INV_21149,2024-04-23T04:57:18Z,405.83,c598b3ab-e9a7-4c77-b60a-e9bd38107003,low
EVT_004990,invoice.validated,CUST_0031,INV_16648,2024-05-07T07:19:49Z,258.57,b3c08e6f-a4b1-453e-82ae-d57a98f136e6,low
EVT_004991,invoice.rejected,CUST_0023,INV_63084,2024-06-17T15:17:50Z,91.84,a6ca9f79-6d5b-48e2-b7a9-7986201c2982,low
EVT_004992,invoice.validated,CUST_0022,INV_26528,2024-02-10T23:56:00Z,482.78,6946a576-e550-48a7-85ac-e01a2c10fa0a,critical
EVT_004993,invoice.rejected,CUST_0032,INV_72195,2024-04-11T16:43:26Z,438.41,79c9d100-6d2e-43ee-a288-6336d65d227e,high
EVT_004994,invoice.created,CUST_0027,INV_42578,2024-04-23T13:12:36Z,504.18,1e94a6f9-8648-4842-aae9-03f507c37186,critical
EVT_004995,invoice.paid,CUST_0067,INV_90998,2024-02-09T19:50:38Z,83.78,02328a6e-270a-4e71-b212-024479386126,normal
EVT_004996,compliance.failed,CUST_0018,INV_17088,2024-03-13T23:16:51Z,26.28,1510d6c5-a8cd-4e9a-b427-c1c8276bdb7f,critical
EVT_004997,invoice.created,CUST_0009,INV_91866,2024-03-13T07:23:59Z,188.81,a6aebbcb-32cc-42fe-9845-33ef17975522,high
EVT_004998,compliance.submitted,CUST_0077,INV_42289,2024-04-15T17:23:19Z,399.04,5c4be5b5-349a-4710-8866-499603117957,critical
EVT_004999,invoice.created,CUST_0030,INV_22545,2024-04-15T13:57:50Z,81.33,a6b861ea-4938-4936-8922-11a49a3aa746,high
EVT_005000,invoice.rejected,CUST_0051,INV_58004,2024-02-02T19:49:55Z,16.34,e19ff836-692c-4b5b-ba1b-7926a1c744d0,low
